-- --------------------------------------------------------
-- Host:                         192.168.0.19
-- Versión del servidor:         5.7.16 - MySQL Community Server (GPL)
-- SO del servidor:              Linux
-- HeidiSQL Versión:             10.3.0.5771
-- --------------------------------------------------------

/*!40101 SET @OLD_CHARACTER_SET_CLIENT=@@CHARACTER_SET_CLIENT */;
/*!40101 SET NAMES utf8 */;
/*!50503 SET NAMES utf8mb4 */;
/*!40014 SET @OLD_FOREIGN_KEY_CHECKS=@@FOREIGN_KEY_CHECKS, FOREIGN_KEY_CHECKS=0 */;
/*!40101 SET @OLD_SQL_MODE=@@SQL_MODE, SQL_MODE='NO_AUTO_VALUE_ON_ZERO' */;

-- Volcando estructura de base de datos para planilla
CREATE DATABASE IF NOT EXISTS `planilla` /*!40100 DEFAULT CHARACTER SET latin1 */;
USE `planilla`;

-- Volcando estructura para tabla planilla.rol
DROP TABLE IF EXISTS `rol`;
CREATE TABLE IF NOT EXISTS `rol` (
  `id` int(11) NOT NULL AUTO_INCREMENT,
  `nombre` varchar(30) DEFAULT NULL,
  `descripcion` varchar(100) DEFAULT NULL,
  `estado` int(11) DEFAULT NULL,
  PRIMARY KEY (`id`)
) ENGINE=InnoDB AUTO_INCREMENT=4 DEFAULT CHARSET=latin1;

-- Volcando datos para la tabla planilla.rol: ~3 rows (aproximadamente)
DELETE FROM `rol`;
/*!40000 ALTER TABLE `rol` DISABLE KEYS */;
INSERT INTO `rol` (`id`, `nombre`, `descripcion`, `estado`) VALUES
	(1, 'admin', 'administrador', 1),
	(2, 'usuario', 'usuario', 1),
	(3, 'visita', 'visita', 0);
/*!40000 ALTER TABLE `rol` ENABLE KEYS */;


-- Volcando estructura para tabla planilla.usuario
DROP TABLE IF EXISTS `usuario`;
CREATE TABLE IF NOT EXISTS `usuario` (
  `id` int(11) NOT NULL AUTO_INCREMENT,
  `id_rol` int(11) NOT NULL,
  `usuario` varchar(30) NOT NULL,
  `clave` varchar(30) NOT NULL,
  `correo` varchar(50) DEFAULT NULL,
  `estado` tinyint(4) DEFAULT NULL,
  `usuariocreado` varchar(20) DEFAULT NULL,
  `fechacreacion` datetime DEFAULT NULL,
  `usuariomodifica` varchar(20) DEFAULT NULL,
  `fechamodifica` datetime DEFAULT NULL,
  PRIMARY KEY (`id`),
  KEY `fk_rol_id_rol` (`id_rol`),
  CONSTRAINT `FKmyv3138vvci6kaq3y5kt4cntu` FOREIGN KEY (`id_rol`) REFERENCES `rol` (`id`),
  CONSTRAINT `fk_rol_id_rol` FOREIGN KEY (`id_rol`) REFERENCES `rol` (`id`) ON DELETE NO ACTION ON UPDATE NO ACTION
) ENGINE=InnoDB AUTO_INCREMENT=7 DEFAULT CHARSET=latin1;

-- Volcando datos para la tabla planilla.usuario: ~6 rows (aproximadamente)
DELETE FROM `usuario`;
/*!40000 ALTER TABLE `usuario` DISABLE KEYS */;
INSERT INTO `usuario` (`id`, `id_rol`, `usuario`, `clave`, `correo`, `estado`, `usuariocreado`, `fechacreacion`, `usuariomodifica`, `fechamodifica`) VALUES
	(1, 1, 'admin', '123', '123@aol.com', 1, 'jhh', '2018-09-09 17:14:43', '2018-09-09 17:15:34', '2018-09-09 17:14:47'),
	(2, 3, 'sflores', '', '124@aol.com', NULL, NULL, '2018-09-09 00:00:00', NULL, NULL),
	(3, 2, 'arflores', '123', '125@aol.com', 1, '123', '2018-09-05 00:00:00', NULL, NULL),
	(4, 2, 'mmoncada', '', '126@aol.com', NULL, NULL, '2018-09-21 00:00:00', NULL, NULL),
	(5, 1, 'ddavid', '', '127@aol.com', NULL, NULL, '2018-09-22 00:00:00', NULL, NULL),
	(6, 2, 'hgalo', '', '128@aol.com', NULL, NULL, '2018-09-28 00:00:00', NULL, NULL);
/*!40000 ALTER TABLE `usuario` ENABLE KEYS */;

-- Volcando estructura para tabla planilla.menu
DROP TABLE IF EXISTS `menu`;
CREATE TABLE IF NOT EXISTS `menu` (
  `id` int(11) NOT NULL AUTO_INCREMENT,
  `id_menu` tinyint(4) DEFAULT NULL,
  `id_item` int(11) DEFAULT NULL,
  `nombre` varchar(50) DEFAULT NULL,
  `id_nivel` int(11) DEFAULT NULL,
  `tipo_item` char(1) DEFAULT NULL,
  `url` varchar(50) DEFAULT NULL,
  `icono` varchar(50) DEFAULT NULL,
  `concepto_proceso` varchar(500) DEFAULT NULL,
  PRIMARY KEY (`id`)
) ENGINE=InnoDB AUTO_INCREMENT=43 DEFAULT CHARSET=latin1;

-- Volcando datos para la tabla planilla.menu: ~41 rows (aproximadamente)
DELETE FROM `menu`;
/*!40000 ALTER TABLE `menu` DISABLE KEYS */;
INSERT INTO `menu` (`id`, `id_menu`, `id_item`, `nombre`, `id_nivel`, `tipo_item`, `url`, `icono`, `concepto_proceso`) VALUES
	(1, 1, 1, 'Catalogos', 0, 'M', '', NULL, 'menu padre de ABM\'S o Catalogos'),
	(2, 1, 2, 'Organización', 1, 'S', '', NULL, 'submenu hijo de ABM\'S Organizacion'),
	(3, 1, 3, 'Cargos', 2, 'I', 'catalogos/cargos.xhtml', NULL, 'Item ABM de Cargo, Altas,Bajas,Modificacion '),
	(4, 1, 4, 'Departamentos', 2, 'I', 'catalogos/depto_emp.xhtml', NULL, 'Item ABM de Departamentos Empresa, Altas,Bajas,Modificacion '),
	(5, 1, 5, 'Profesiones', 2, 'I', 'catalogos/profesion.xhtml', NULL, 'Item ABM de Profesiones, Altas,Bajas,Modificacion '),
	(6, 1, 6, '', 1, 'S', '', NULL, 'Submenu hijo de Catalogos <SEPARADOR>'),
	(7, 1, 7, 'Geografia', 1, 'S', '', NULL, 'Submenu hijo de Catalogos'),
	(8, 1, 8, 'Pais', 7, 'I', 'catalogos/paises.xhtml', NULL, 'Item ABM de Pais, Altas,Bajas,Modificacion '),
	(9, 1, 9, 'Departamento', 7, 'I', 'catalogos/depto_pais.xhtml', NULL, 'Item ABM de Departamento Pais, Altas,Bajas,Modificacion '),
	(10, 1, 10, 'Municipio', 7, 'I', 'catalogos/municipios.xhtml', NULL, 'Item ABM de Municipios, Altas,Bajas,Modificacion '),
	(11, 1, 11, '', 1, 'S', '', NULL, '<SEPARADOR DE ITEM DE MENU>'),
	(12, 1, 12, 'Usuarios', 1, 'S', '', NULL, NULL),
	(13, 1, 13, 'Usuario', 12, 'I', 'catalogos/usuario.xhtml', NULL, 'Item ABM de Usuarios, Altas,Bajas,Modificacion '),
	(14, 1, 14, 'Roles', 12, 'I', 'catalogos/roles.xhtml', NULL, 'Item ABM de Roles, Altas,Bajas,Modificacion '),
	(15, 1, 15, '', 1, 'S', '', NULL, '<SEPARADOR DE ITEM DE MENU>'),
	(16, 1, 16, 'Estados y Transacciones', 1, 'S', '', NULL, NULL),
	(17, 1, 17, 'Estados', 16, 'I', 'catalogos/estados.xhtml', NULL, 'Item ABM de Estados, Altas,Bajas,Modificacion '),
	(18, 1, 18, 'Transacciones', 16, 'I', 'catalogos/transacciones.xhtml', NULL, 'Item ABM de Transacciones, Altas,Bajas,Modificacion '),
	(19, 2, 19, 'Tareas', 0, 'M', '', NULL, NULL),
	(20, 2, 20, 'Regulares', 19, 'S', '', NULL, NULL),
	(21, 2, 21, 'ABM de Empleados', 20, 'I', 'procesos/empleados/empP01maestro.xhtml', NULL, 'Item ABM de Empleados, Altas,Bajas,Modificacion '),
	(22, 2, 22, 'Deducciones por empleado', 20, 'I', 'procesos/empleados/empP02egresos.xhtml', NULL, 'Registra las deducciones que se aplicaran al empleado'),
	(23, 2, 23, 'Bonificaciones por empleado', 20, 'I', 'procesos/empleados/empP03ingresos.xhtml', NULL, 'Registra las bonificacion y beneficios a que aplica el empleado'),
	(25, 2, 25, 'Planilla', 19, 'S', '', NULL, NULL),
	(26, 2, 26, 'Crear Planilla', 25, 'I', 'procesos/planilla/PLP01PeriodoGenerar.xhtml', NULL, 'Generar el archivo de planilla correspondiente al menos, segun el tipo de planilla'),
	(27, 2, 27, 'Ajustes de planilla', 25, 'I', 'procesos/planilla/PLP02PeriodoAjustes.xhtml', NULL, 'Se realizan los ajustes de planilla deacuerdo a la revision de la planilla'),
	(28, 2, 28, 'Autorizacion de planilla', 25, 'I', 'procesos/planilla/PLP03PeriodoAutoriza.xhtml', NULL, 'Se autoriza la planilla para pago, ya no podra ser modificada, ni anulada.'),
	(30, 2, 29, 'Exportar planilla en Excel.CSV', 25, 'I', 'procesos/planilla/PLP04EnviarCSV.xhtml', NULL, 'Se generar un CVS, de las planilla acreditada.'),
	(31, 2, 31, '', 25, 'I', '', NULL, '<SEPARADOR DE ITEM DE MENU>'),
	(32, 2, 32, 'Contabilización de planilla', 25, 'I', 'procesos/planilla/PLP05Contabilizar.xhtml', NULL, 'Se genera el asiento contable de transito por credito de la planilla'),
	(33, 3, 33, 'Consultas', 0, 'M', '', NULL, NULL),
	(34, 3, 34, 'Empleados', 33, 'S', '', NULL, NULL),
	(35, 3, 35, 'Altas de empleados ', 34, 'I', 'reportes/empleados/rptEmpP01altas.xhtml', NULL, 'Reporte de ingresos de nuevos empleados'),
	(36, 3, 36, 'Bajas de empleados', 34, 'I', 'reportes/empleados/rptEmpP02bajas.xhtml', NULL, 'Reporte de bajas(renuncias,fallecimientos,despidos) de empleados'),
	(37, 3, 37, 'Aniversarios empleados', 34, 'I', 'reportes/empleados/rptEmpP03aniversario.xhtml', NULL, 'Cumpleañeros del mes'),
	(38, 3, 38, 'Recibo de pago a empleados', 34, 'I', 'reportes/empleados/rptEmpP04Recibos.xhtml', NULL, 'Reporte de planilla'),
	(39, 3, 39, 'Planilla', 33, 'S', '', NULL, NULL),
	(40, 3, 40, 'Imprimir planilla', 39, 'I', 'reportes/planilla/rptPlaP01ImprimirPlanilla.xhtml', NULL, 'Reporte de planillas en proceso'),
	(41, 3, 41, 'Planillas Autorizadas', 39, 'I', 'reportes/planilla/rptPlaP02Autorizadas.xhtml', NULL, 'Reporte de planillas autorizadas'),
	(42, 3, 42, 'Planillas Despachadas', 39, 'I', 'reportes/planilla/rptPlaP03Despachadas.xhtml', NULL, 'Reporte de planilla');
/*!40000 ALTER TABLE `menu` ENABLE KEYS */;

-- Volcando estructura para tabla planilla.menurol
DROP TABLE IF EXISTS `menurol`;
CREATE TABLE IF NOT EXISTS `menurol` (
  `id` int(11) NOT NULL AUTO_INCREMENT,
  `id_rol` int(11) NOT NULL,
  `id_menu` int(11) NOT NULL,
  PRIMARY KEY (`id`),
  KEY `fk_menurol_id_rol` (`id_rol`),
  KEY `id_menu` (`id_menu`),
  CONSTRAINT `FK52ih63q0i9fo61sqotkjgr3eu` FOREIGN KEY (`id_rol`) REFERENCES `rol` (`id`),
  CONSTRAINT `fk_menurol_id_rol` FOREIGN KEY (`id_rol`) REFERENCES `rol` (`id`) ON DELETE NO ACTION ON UPDATE NO ACTION
) ENGINE=InnoDB AUTO_INCREMENT=7 DEFAULT CHARSET=latin1;

-- Volcando datos para la tabla planilla.menurol: ~6 rows (aproximadamente)
DELETE FROM `menurol`;

/*!40000 ALTER TABLE `menurol` DISABLE KEYS */;
INSERT INTO `menurol` (`id`, `id_rol`, `id_menu`) VALUES
	(1, 1, 1),
	(2, 1, 2),
	(3, 1, 3),
	(4, 2, 1),
	(5, 2, 2),
	(6, 3, 3);
/*!40000 ALTER TABLE `menurol` ENABLE KEYS */;
-- Volcando estructura para tabla planilla.testados_app
DROP TABLE IF EXISTS `testados_app`;
CREATE TABLE IF NOT EXISTS `testados_app` (
  `id` int(11) NOT NULL AUTO_INCREMENT,
  `desc` varchar(80) DEFAULT NULL,
  PRIMARY KEY (`id`)
) ENGINE=InnoDB AUTO_INCREMENT=3 DEFAULT CHARSET=latin1;

-- Volcando datos para la tabla planilla.testados_app: ~2 rows (aproximadamente)
DELETE FROM `testados_app`;
/*!40000 ALTER TABLE `testados_app` DISABLE KEYS */;
INSERT INTO `testados_app` (`id`, `desc`) VALUES
	(1, 'ACTIVO'),
	(2, 'INACTIVO');
/*!40000 ALTER TABLE `testados_app` ENABLE KEYS */;

-- Volcando estructura para tabla planilla.testado_civil
DROP TABLE IF EXISTS `testado_civil`;
CREATE TABLE IF NOT EXISTS `testado_civil` (
  `id` int(11) NOT NULL AUTO_INCREMENT,
  `descripcion` varchar(20) NOT NULL,
  `abreviatura` varchar(1) NOT NULL,
  PRIMARY KEY (`id`)
) ENGINE=InnoDB AUTO_INCREMENT=6 DEFAULT CHARSET=latin1;

-- Volcando datos para la tabla planilla.testado_civil: ~5 rows (aproximadamente)
DELETE FROM `testado_civil`;
/*!40000 ALTER TABLE `testado_civil` DISABLE KEYS */;
INSERT INTO `testado_civil` (`id`, `descripcion`, `abreviatura`) VALUES
	(1, 'SOLTERO(A)', 'S'),
	(2, 'CASADO(A)', 'C'),
	(3, 'DIVORCIADO(A)', 'D'),
	(4, 'VIUDO(A)', 'V'),
	(5, 'UNION DE HECHO', 'U');
/*!40000 ALTER TABLE `testado_civil` ENABLE KEYS */;

-- Volcando estructura para tabla planilla.tmeses
DROP TABLE IF EXISTS `tmeses`;
CREATE TABLE IF NOT EXISTS `tmeses` (
  `id` int(11) NOT NULL AUTO_INCREMENT,
  `descrip` varchar(50) NOT NULL,
  PRIMARY KEY (`id`)
) ENGINE=InnoDB AUTO_INCREMENT=13 DEFAULT CHARSET=latin1;

-- Volcando datos para la tabla planilla.tmeses: ~11 rows (aproximadamente)
DELETE FROM `tmeses`;
/*!40000 ALTER TABLE `tmeses` DISABLE KEYS */;
INSERT INTO `tmeses` (`id`, `descrip`) VALUES
	(1, 'ENERO'),
	(2, 'FEBRERO'),
	(3, 'MARZO'),
	(4, 'ABRIL'),
	(5, 'MAYO'),
	(6, 'JUNIO'),
	(7, 'JULIO'),
	(8, 'AGOSTO'),
	(9, 'SEPTIEMBRE'),
	(10, 'OCTUBRE'),
	(11, 'NOVIEMBRE'),
	(12, 'DICIEMBRE');
/*!40000 ALTER TABLE `tmeses` ENABLE KEYS */;

-- Volcando estructura para tabla planilla.tmoneda
DROP TABLE IF EXISTS `tmoneda`;
CREATE TABLE IF NOT EXISTS `tmoneda` (
  `id` int(11) NOT NULL AUTO_INCREMENT,
  `descripcion` varchar(50) DEFAULT NULL,
  PRIMARY KEY (`id`)
) ENGINE=InnoDB AUTO_INCREMENT=3 DEFAULT CHARSET=latin1;

-- Volcando datos para la tabla planilla.tmoneda: ~2 rows (aproximadamente)
DELETE FROM `tmoneda`;
/*!40000 ALTER TABLE `tmoneda` DISABLE KEYS */;
INSERT INTO `tmoneda` (`id`, `descripcion`) VALUES
	(1, 'LPS'),
	(2, 'USD');
/*!40000 ALTER TABLE `tmoneda` ENABLE KEYS */;

-- Volcando estructura para tabla planilla.tcargo
DROP TABLE IF EXISTS `tcargo`;
CREATE TABLE IF NOT EXISTS `tcargo` (
  `id` int(11) NOT NULL AUTO_INCREMENT,
  `nom_cargo` varchar(120) DEFAULT NULL,
  PRIMARY KEY (`id`)
) ENGINE=InnoDB AUTO_INCREMENT=330 DEFAULT CHARSET=latin1;

-- Volcando datos para la tabla planilla.tcargo: ~328 rows (aproximadamente)
DELETE FROM `tcargo`;
/*!40000 ALTER TABLE `tcargo` DISABLE KEYS */;
INSERT INTO `tcargo` (`id`, `nom_cargo`) VALUES
	(1, 'ABOGADO'),
	(2, 'ABOGADO ESPECIALISTA'),
	(3, 'ABOGADO ESPECIALISTA SECTORIAL'),
	(4, 'ABOGADO JEFE'),
	(5, 'ACTOR'),
	(6, 'ADMINISTRADOR'),
	(7, 'ADMINISTRADOR DE REDES Y RECURSOS DE INFORMÁTICA'),
	(8, 'ADMINISTRADOR JEFE'),
	(9, 'ALMACENISTA (CÓDIGO TRANSITORIO)'),
	(10, 'ALMACENISTA JEFE'),
	(11, 'ANALISTA CENTRAL DE PRESUPUESTO'),
	(12, 'ANALISTA DE ASUNTOS AUDIOVISUALES'),
	(13, 'ANALISTA DE COLOCACIÓN Y SEGUIMIENTO DE PASANTÍAS'),
	(14, 'ANALISTA DE HIGIENE Y SEGURIDAD INDUSTRIAL'),
	(15, 'ANALISTA DE INFORMACIÓN Y CONTROL ESTUDIANTIL'),
	(16, 'ANALISTA DE INFORMACIÓN Y CONTROL ESTUDIANTIL JEFE'),
	(17, 'ANALISTA DE LABORATORIO DE PROTECCIÓN AMBIENTAL'),
	(18, 'ANALISTA DE NÓMINA'),
	(19, 'ANALISTA DE ORGANIZACIÓN Y SISTEMAS'),
	(20, 'ANALISTA DE PRESUPUESTO'),
	(21, 'ANALISTA DE RECURSOS HUMANOS'),
	(22, 'ANALISTA DE REGISTRO Y CONTROL ESTADÍSTICO'),
	(23, 'ANALISTA DE REGISTRO Y CTRL. ESTADÍSTICO JEFE'),
	(24, 'ANALISTA ESPECIALISTA DE RECURSOS HUMANOS'),
	(25, 'ANALISTA FINANCIERO'),
	(26, 'ANALISTA PROGRAMADOR DE SISTEMAS'),
	(27, 'ANIMADOR CULTURAL'),
	(28, 'ARCHIVISTA'),
	(29, 'ARCHIVISTA JEFE'),
	(30, 'ARQUITECTO'),
	(31, 'ARREGLISTA MUSICAL'),
	(32, 'ASESOR ARTÍSTICO'),
	(33, 'ASISTENTE ADMINISTRATIVO'),
	(34, 'ASISTENTE AGROPECUARIO'),
	(35, 'ASISTENTE DE ALMACÉN (CÓDIGO TRANSITORIO)'),
	(36, 'ASISTENTE DE ANATOMÍA Y PATOLOGÍA'),
	(37, 'ASISTENTE DE ASUNTOS AUDIOVISUALES'),
	(38, 'ASISTENTE DE ASUNTOS LITERARIOS'),
	(39, 'ASISTENTE DE BIBLIOTECA'),
	(40, 'ASISTENTE DE BIOLOGÍA'),
	(41, 'ASISTENTE DE BOTÁNICA'),
	(42, 'ASISTENTE DE CÁMARA'),
	(43, 'ASISTENTE DE CAMPO'),
	(44, 'ASISTENTE DE CONTABILIDAD'),
	(45, 'ASISTENTE DE COSTOS DE OBRAS'),
	(46, 'ASISTENTE DE DIRECTOR DE ORFEÓN UNIVERSITARIO'),
	(47, 'ASISTENTE DE ENTOMOLOGÍA'),
	(48, 'ASISTENTE DE ESPECIALISTA EN INFORMACIÓN'),
	(49, 'ASISTENTE DE FARMACIA'),
	(50, 'ASISTENTE DE HIDROMETEOROLOGÍA'),
	(51, 'ASISTENTE DE HISTOLOGÍA'),
	(52, 'ASISTENTE DE INFORMACIÓN Y CONTROL ESTUDIANTIL'),
	(53, 'ASISTENTE DE INVESTIGACIÓN EN CIENCIAS BÁSICAS, NATURALES Y APLICADAS'),
	(54, 'ASISTENTE DE INVESTIGACIÓN EN CIENCIAS SOCIALES'),
	(55, 'ASISTENTE DE LABORATORIO'),
	(56, 'ASISTENTE DE LABORATORIO CLÍNICO'),
	(57, 'ASISTENTE DE LABORATORIO DE COMPUTACIÓN'),
	(58, 'ASISTENTE DE LABORATORIO DE IDIOMAS'),
	(59, 'ASISTENTE DE MANTENIMIENTO DE EQUIPOS Y REDES DE INFORMÁTICA'),
	(60, 'ASISTENTE DE NÓMINA'),
	(61, 'ASISTENTE DE ORGANIZACIÓN CULTURAL'),
	(62, 'ASISTENTE DE PREESCOLAR'),
	(63, 'ASISTENTE DE PRESUPUESTO'),
	(64, 'ASISTENTE DE PREVISIÓN Y DESARROLLO SOCIAL'),
	(65, 'ASISTENTE DE PRODUCCIÓN DE RADIODIFUSORA'),
	(66, 'ASISTENTE DE PROTOCOLO'),
	(67, 'ASISTENTE DE PSICÓLOGO (CÓDIGO TRANSITORIO)'),
	(68, 'ASISTENTE DE PUBLICACIONES'),
	(69, 'ASISTENTE DE PUBLICIDAD Y MERCADEO'),
	(70, 'ASISTENTE DE RECURSOS HUMANOS'),
	(71, 'ASISTENTE DE SEGURO DE TRANSPORTE AUTOMOTOR'),
	(72, 'ASISTENTE DE SEGUROS'),
	(73, 'ASISTENTE DE TESORERÍA'),
	(74, 'ASISTENTE DE TOPOGRAFÍA'),
	(75, 'ASISTENTE DE VETERINARIA'),
	(76, 'ASISTENTE DE ZOOTECNIA'),
	(77, 'ASISTENTE EJECUTIVO DE EGREAMIGOS'),
	(78, 'ASISTENTE EJECUTIVO DE ESTUDIOS PARA GRADUADOS'),
	(79, 'ASISTENTE EJECUTIVO DE RELACIONES INTERINSTITUCIONALES'),
	(80, 'ASISTENTE FINANCIERO'),
	(81, 'ATRILERO'),
	(82, 'AUDITOR'),
	(83, 'AUXILIAR DE ARCHIVO'),
	(84, 'AUXILIAR DE BIBLIOTECA'),
	(85, 'AUXILIAR DE LABORATORIO'),
	(86, 'AUXILIAR DE REGISTRO Y ESTADÍSTICAS DE SERVICIOS ASISTENCIALES'),
	(87, 'AUXILIAR DE SERVICIOS PARA EL ARTE'),
	(88, 'AYUDANTE DE TALLER DE ARTES DEL FUEGO'),
	(89, 'BIOANALISTA'),
	(90, 'BOMBERO'),
	(91, 'BOMBERO INSPECTOR'),
	(92, 'BOMBERO JEFE'),
	(93, 'CAJERO'),
	(94, 'CAJERO JEFE'),
	(95, 'CALÍGRAFO'),
	(96, 'CAMARÓGRAFO'),
	(97, 'CAPELLÁN'),
	(98, 'CAPITAN DE BUQUE'),
	(99, 'CARTÓGRAFO'),
	(100, 'CITOTECNÓLOGO'),
	(101, 'COMANDANTE DEL CUERPO DE BOMBEROS'),
	(102, 'COMPRADOR'),
	(103, 'COMPRADOR JEFE'),
	(104, 'CONCERTINO'),
	(105, 'CONSULTOR DE INFORMACIÓN Y CONTROL ESTUDIANTIL'),
	(106, 'CONTABILISTA'),
	(107, 'CONTADOR'),
	(108, 'CONTADOR JEFE'),
	(109, 'COORDINADOR ACADÉMICO'),
	(110, 'COORDINADOR ADMINISTRATIVO'),
	(111, 'COORDINADOR DE ASUNTOS LITERARIOS'),
	(112, 'COORDINADOR DE BIBLIOTECA'),
	(113, 'COORDINADOR DE CENTRO DE ESTUDIOS EN ARTES'),
	(114, 'COORDINADOR DE CINE CLUB'),
	(115, 'COORDINADOR DE DEPORTE'),
	(116, 'COORDINADOR DE PASANTÍAS Y ACTIVIDADES COMPLEMENTARIAS'),
	(117, 'COORDINADOR DE PREESCOLAR'),
	(118, 'COORDINADOR DE PRODUCCIÓN DE RADIODIFUSORA'),
	(119, 'COORDINADOR DE PUBLICACIONES'),
	(120, 'COORDINADOR DE DESARROLLO DE SERVICIOS ESTUDIANTILES'),
	(121, 'COORDINADOR DEL PROGRAMA DE ASISTENCIA MÉDICA ESTUDIANTIL'),
	(122, 'COORDINADOR GENERAL DE DEPORTE'),
	(123, 'COORDINADOR SECTORIAL DE CULTURA'),
	(124, 'CORALISTA LÍDER DE CUERDAS'),
	(125, 'CORRECTOR DE PUBLICACIONES'),
	(126, 'CURADOR'),
	(127, 'DIAGRAMADOR'),
	(128, 'DIBUJANTE'),
	(129, 'DIBUJANTE ILUSTRADOR'),
	(130, 'DIBUJANTE ILUSTRADOR JEFE'),
	(131, 'DIBUJANTE JEFE'),
	(132, 'DIETISTA'),
	(133, 'DIRECTOR DE AGRUPACIÓN MUSICAL'),
	(134, 'DIRECTOR DE BALLET O DANZA'),
	(135, 'DIRECTOR DE CORAL'),
	(136, 'DIRECTOR DE ORFEÓN UNIVERSITARIO'),
	(137, 'DIRECTOR DE ORQUESTA'),
	(138, 'DIRECTOR DE TEATRO'),
	(139, 'DIRECTOR DE TITERES Y MARIONETAS'),
	(140, 'DIRECTOR EDUCATIVO'),
	(141, 'DISEÑADOR CURRICULAR'),
	(142, 'DISEÑADOR GRÁFICO'),
	(143, 'DOCENTE DE ARTES AUDITIVAS'),
	(144, 'DOCENTE DE ARTES PLÁSTICAS'),
	(145, 'DOCENTE DE AULA'),
	(146, 'DOCENTE DE PREESCOLAR'),
	(147, 'DOCENTE EN ARTES ESCÉNICAS'),
	(148, 'DOCUMENTALISTA DE BIENES INMUEBLES'),
	(149, 'ECÓNOMO'),
	(150, 'EDITOR DE ASUNTOS AUDIOVISUALES'),
	(151, 'EDITOR HISTÓRICO'),
	(152, 'ENFERMERA (O)'),
	(153, 'ENFERMERA (O) INSTRUMENTISTA'),
	(154, 'ENFERMERA COMUNITARIA'),
	(155, 'ENFERMERA (O) JEFE'),
	(156, 'ENTRENADOR DEPORTIVO'),
	(157, 'ESPECIALISTA DE SISTEMAS DE INFORMÁTICA'),
	(158, 'ESPECIALISTA EN ASISTENCIA TÉCNICA INSTITUCIONAL'),
	(159, 'ESPECIALISTA EN ASUNTOS LITERARIOS'),
	(160, 'ESPECIALISTA EN INFORMACIÓN'),
	(161, 'ESPECIALISTA EN INFORMACIÓN JEFE'),
	(162, 'ESPECIALISTA EN MTTO. DE EQUIPOS DE COMPUTACIÓN'),
	(163, 'ESPECIALISTA EN PASANTÍAS Y ACTIVIDADES COMPLEMENTARIAS'),
	(164, 'ESPECIALISTA ORGANIZACIONAL'),
	(165, 'EVALUADOR CURRICULAR'),
	(166, 'EXPENDEDOR DE MATERIAL DIDÁCTICO'),
	(167, 'FACILITADOR DE DESARROLLO DE RECURSOS HUMANOS'),
	(168, 'FACILITADOR DE DESARROLLO EN ARTES AUDITIVAS'),
	(169, 'FACILITADOR DE DESARROLLO EN ARTES ESCÉNICAS'),
	(170, 'FACILITADOR DE DESARROLLO EN ARTES PLÁSTICAS'),
	(171, 'FACILITADOR DE DESARROLLO EN ASUNTOS LITERARIOS'),
	(172, 'FARMACÉUTICO'),
	(173, 'FISIOTERAPEUTA'),
	(174, 'FOTÓGRAFO'),
	(175, 'FOTOLITÓGRAFO'),
	(176, 'GERENTE DE PROMOCIÓN Y ADMINISTRACIÓN DE ESPACIOS Y PATRIMONIO CULTURAL'),
	(177, 'HIGIENISTA DENTAL'),
	(178, 'INGENIERO AGRÓNOMO'),
	(179, 'INGENIERO AGRÓNOMO JEFE'),
	(180, 'INGENIERO DE PROYECTOS'),
	(181, 'INGENIERO FORESTAL'),
	(182, 'INSPECTOR DE CONTROL DE PÉRDIDAS'),
	(183, 'INSPECTOR DE HIGIENE Y CONTROL DE PRECIOS DE ALIMENTOS'),
	(184, 'INSPECTOR DE OBRAS'),
	(185, 'INSPECTOR DE PROTECCIÓN AMBIENTAL'),
	(186, 'INSPECTOR DE SEGURIDAD INDUSTRIAL E HIGIENE OCUPACIONAL'),
	(187, 'INSPECTOR GENERAL DE LOS SERVICIOS BOMBERILES'),
	(188, 'INSTRUCTOR DE DESARROLLO EN ARTES AUDITIVAS'),
	(189, 'INSTRUCTOR DE DESARROLLO EN ARTES ESCÉNICAS'),
	(190, 'INSTRUCTOR DE DESARROLLO EN ARTES PLÁSTICAS'),
	(191, 'INSTRUMENTISTA ACADÉMICO'),
	(192, 'INSTRUMENTISTA ACADÉMICO LÍDER DE CUERDAS'),
	(193, 'INSTRUMENTISTA FOLKLÓRICO'),
	(194, 'INTERPRETE VOCAL'),
	(195, 'INVESTIGADOR EN CIENCIAS BÁSICAS, NATURALES Y APLICADAS'),
	(196, 'INVESTIGADOR EN CIENCIAS SOCIALES'),
	(197, 'INVESTIGADOR OCUPACIONAL'),
	(198, 'JEFE CENTRAL DE INFORMACIÓN Y CONTROL ESTUDIANTIL'),
	(199, 'JEFE CENTRAL DE PRESUPUESTO'),
	(200, 'JEFE CENTRAL DE RECURSOS HUMANOS'),
	(201, 'JEFE DE ANÁLISIS Y CONTROL FINANCIERO'),
	(202, 'JEFE DE ANÁLISIS Y PROCESAMIENTO DE COMPRAS'),
	(203, 'JEFE DE ARTES'),
	(204, 'JEFE DE ASESORAMIENTO, APOYO Y ORIENTACIÓN'),
	(205, 'JEFE DE ASISTENCIA SOCIO-ECONÓMICA ESTUDIANTIL'),
	(206, 'JEFE DE CONTABILIDAD'),
	(207, 'JEFE DE CONTROL PREVIO Y/O POSTERIOR'),
	(208, 'JEFE DE CORREO'),
	(209, 'JEFE DE EMISIÓN DE PAGOS'),
	(210, 'JEFE DE FOTOGRAFÍA'),
	(211, 'JEFE DE INFORMACIÓN Y CONTROL ESTUDIANTIL'),
	(212, 'JEFE DE INFORMÁTICA'),
	(213, 'JEFE DE INVENTARIOS'),
	(214, 'JEFE DE MANTENIMIENTO Y REPARACIONES'),
	(215, 'JEFE DE NÓMINA'),
	(216, 'JEFE DE OBRAS'),
	(217, 'JEFE DE OPERACIONES BOMBERILES'),
	(218, 'JEFE DE ORGANIZACIÓN Y SISTEMAS'),
	(219, 'JEFE DE PLANES OPERATIVOS Y ESTRATÉGICOS'),
	(220, 'JEFE DE PRENSA'),
	(221, 'JEFE DE PREVENCIÓN, INVESTIGACIÓN E INSPECCIÓN DE INCENDIOS'),
	(222, 'JEFE DE PRODUCCIÓN DE AUDIOVISUALES'),
	(223, 'JEFE DE PROTECCIÓN AMBIENTAL'),
	(224, 'JEFE DE PROTECCIÓN Y SEGURIDAD'),
	(225, 'JEFE DE PROTOCOLO'),
	(226, 'JEFE DE PROYECTOS ARQUITECTÓNICOS Y DE INGENIERÍA'),
	(227, 'JEFE DE RECURSOS HUMANOS'),
	(228, 'JEFE DE RELACIONES INTERINSTITUCIONALES'),
	(229, 'JEFE DE RELACIONES PÚBLICAS'),
	(230, 'JEFE DE SALUD INTEGRAL'),
	(231, 'JEFE DE SECCIÓN DE INFORMÁTICA'),
	(232, 'JEFE DE SEGURIDAD INDUSTRIAL E HIGIENE OCUPACIONAL'),
	(233, 'JEFE DE SEGUROS'),
	(234, 'JEFE DE SERVICIOS GENERALES'),
	(235, 'JEFE DE TALLER AUTOMOTOR'),
	(236, 'JEFE DE TALLER METALMECÁNICO'),
	(237, 'JEFE DE TALLERES DE OBRAS'),
	(238, 'JEFE DE TESORERÍA'),
	(239, 'JEFE DE TRÁFICO'),
	(240, 'JEFE DE UNIDADES NUTRICIONALES'),
	(241, 'JEFE SECTORIAL DE COMPRAS'),
	(242, 'JEFE SECTORIAL DE PRESUPUESTO'),
	(243, 'KINESIÓLOGO'),
	(244, 'LOCUTOR'),
	(245, 'LUMINOTÉCNICO'),
	(246, 'MAQUETISTA'),
	(247, 'MAQUINISTA DE BUQUE'),
	(248, 'MECÁNICO DENTAL'),
	(249, 'MÉDICO ESPECIALISTA'),
	(250, 'MÉDICO GENERAL'),
	(251, 'MÉDICO JEFE'),
	(252, 'MÉDICO VETERINARIO'),
	(253, 'MICROFILMADOR'),
	(254, 'MUSICALIZADOR'),
	(255, 'ODONTÓLOGO'),
	(256, 'OFICIAL DE CORREO'),
	(257, 'OFICINISTA'),
	(258, 'OPERADOR DE AUDIO'),
	(259, 'OPERADOR DE COMPUTACIÓN'),
	(260, 'OPERADOR DE EQUIPOS DE TELECOMUNICACIONES'),
	(261, 'OPERADOR DE MÁQUINA DE REPRODUCCIÓN (CÓDIGO TRANSITORIO)'),
	(262, 'ORIENTADOR'),
	(263, 'PERIODISTA'),
	(264, 'PLANIFICADOR'),
	(265, 'PLANIFICADOR CENTRAL'),
	(266, 'PLANIFICADOR DE INFORMACIÓN Y CONTROL ESTUDIANTIL'),
	(267, 'PROGRAMADOR DE SISTEMAS'),
	(268, 'PROMOTOR CULTURAL'),
	(269, 'PROMOTOR DE CURSOS'),
	(270, 'PROMOTOR DE RELACIONES PÚBLICAS E INTERINSTITUCIONALES'),
	(271, 'PROMOTOR SOCIAL'),
	(272, 'PROMOTOR VENDEDOR DE MATERIAL DIDÁCTICO'),
	(273, 'PSICÓLOGO'),
	(274, 'PSICÓLOGO JEFE'),
	(275, 'PSICOPEDAGOGO'),
	(276, 'RECEPCIONISTA'),
	(277, 'REGISTRADOR DE BIENES'),
	(278, 'REVISOR DE CONTRALORÍA'),
	(279, 'SECRETARIA (O)'),
	(280, 'SECRETARIA (O) BILINGÜE'),
	(281, 'SECRETARIA (O) EJECUTIVA (O)'),
	(282, 'SECRETARIA (O) EJECUTIVA (O) BILINGÜE'),
	(283, 'SERIGRAFISTA'),
	(284, 'SERIGRAFISTA PRINCIPAL'),
	(285, 'SOPLADOR DE VIDRIO'),
	(286, 'SOPLADOR DE VIDRIO JEFE'),
	(287, 'SUB-DIRECTOR EDUCATIVO'),
	(288, 'SUPERVISOR DE ASUNTOS AUDIOVISUALES'),
	(289, 'SUPERVISOR DE BIBLIOTECA'),
	(290, 'SUPERVISOR DE CARPINTERÍA (CÓDIGO TRANSITORIO)'),
	(291, 'SUPERVISOR DE COSTOS DE OBRAS'),
	(292, 'SUPERVISOR DE LABORATORIO'),
	(293, 'SUPERVISOR DE OPERACIONES DE RADIODIFUSORA'),
	(294, 'SUPERVISOR DE PINTORES (CÓDIGO TRANSITORIO)'),
	(295, 'SUPERVISOR DE PROTECCIÓN Y SEGURIDAD'),
	(296, 'SUPERVISOR DE REGISTRO Y APOYO ASISTENCIAL'),
	(297, 'SUPERVISOR DE REGISTRO Y CONTROL DE BIENES'),
	(298, 'SUPERVISOR DE SERVICIOS (CÓDIGO TRANSITORIO)'),
	(299, 'SUPERVISOR DE SERVICIOS DE MANTENIMIENTO'),
	(300, 'SUPERVISOR DE SERVICIOS GENERALES'),
	(301, 'SUPERVISOR DE TALLER DE PUBLICACIONES'),
	(302, 'SUPERVISOR DE TRANSPORTE'),
	(303, 'SUPERVISOR DEL PROGRAMA ASISTENCIA MÉDICA ESTUDIANTIL'),
	(304, 'TALLADOR DE DIAMANTES'),
	(305, 'TAQUILLERO (CÓDIGO TRANSITORIO)'),
	(306, 'TAXIDERMISTA'),
	(307, 'TÉCNICO ACUICULTOR'),
	(308, 'TÉCNICO AGROPECUARIO'),
	(309, 'TÉCNICO DE ELECTROMEDICINA'),
	(310, 'TÉCNICO DE EQUIPOS DE TELECOMUNICACIONES'),
	(311, 'TÉCNICO DE GEOLOGÍA Y MINAS'),
	(312, 'TÉCNICO DE GRABACIÓN DE RADIODIFUSORA'),
	(313, 'TÉCNICO DE PETRÓLEO'),
	(314, 'TÉCNICO DE TALLER DE MICROMECÁNICA'),
	(315, 'TÉCNICO EN TELEMÁTICA'),
	(316, 'TÉCNICO ELECTRICISTA'),
	(317, 'TÉCNICO ELECTROMECÁNICO'),
	(318, 'TÉCNICO ELECTROMECÁNICO DE EQUIPOS ODONTOLÓGICOS'),
	(319, 'TÉCNICO FORESTAL'),
	(320, 'TÉCNICO PLOMERO (CÓDIGO TRANSITORIO)'),
	(321, 'TÉCNICO QUÍMICO'),
	(322, 'TÉCNICO RADIÓLOGO'),
	(323, 'TELEFONISTA'),
	(324, 'TOPÓGRAFO'),
	(325, 'TRABAJADOR SOCIAL'),
	(326, 'TRABAJADOR SOCIAL JEFE'),
	(327, 'TRADUCTOR'),
	(328, 'ZOOTECNISTA'),
	(329, 'prueba');
/*!40000 ALTER TABLE `tcargo` ENABLE KEYS */;

-- Volcando estructura para tabla planilla.tconfiguracion
DROP TABLE IF EXISTS `tconfiguracion`;
CREATE TABLE IF NOT EXISTS `tconfiguracion` (
  `id` int(11) NOT NULL AUTO_INCREMENT,
  `descripcion` varchar(50) NOT NULL,
  `valor` varchar(50) NOT NULL,
  PRIMARY KEY (`id`)
) ENGINE=InnoDB AUTO_INCREMENT=8 DEFAULT CHARSET=latin1;

-- Volcando datos para la tabla planilla.tconfiguracion: ~6 rows (aproximadamente)
DELETE FROM `tconfiguracion`;
/*!40000 ALTER TABLE `tconfiguracion` DISABLE KEYS */;
INSERT INTO `tconfiguracion` (`id`, `descripcion`, `valor`) VALUES
	(1, 'servidor', '192.168.0.19'),
	(2, 'database', 'planilla'),
	(3, 'puerto', '3306'),
	(4, 'jdbc', 'jdbc:mysql://'),
	(5, 'usuario', 'root'),
	(6, 'password', 'Denver$8'),
	(7, 'mysql', 'com.mysql.jdbc.Driver');
/*!40000 ALTER TABLE `tconfiguracion` ENABLE KEYS */;

-- Volcando estructura para tabla planilla.tcorrelativo
DROP TABLE IF EXISTS `tcorrelativo`;
CREATE TABLE IF NOT EXISTS `tcorrelativo` (
  `tabla` varchar(50) NOT NULL,
  `ult_nro` smallint(6) NOT NULL,
  PRIMARY KEY (`tabla`)
) ENGINE=InnoDB DEFAULT CHARSET=latin1;

-- Volcando datos para la tabla planilla.tcorrelativo: ~0 rows (aproximadamente)
DELETE FROM `tcorrelativo`;
/*!40000 ALTER TABLE `tcorrelativo` DISABLE KEYS */;
/*!40000 ALTER TABLE `tcorrelativo` ENABLE KEYS */;

-- Volcando estructura para tabla planilla.tcorrelativos
DROP TABLE IF EXISTS `tcorrelativos`;
CREATE TABLE IF NOT EXISTS `tcorrelativos` (
  `tabla` varchar(50) NOT NULL DEFAULT '0',
  `ult_nro` smallint(6) NOT NULL DEFAULT '0',
  PRIMARY KEY (`tabla`)
) ENGINE=InnoDB DEFAULT CHARSET=latin1;

-- Volcando datos para la tabla planilla.tcorrelativos: ~2 rows (aproximadamente)
DELETE FROM `tcorrelativos`;
/*!40000 ALTER TABLE `tcorrelativos` DISABLE KEYS */;
INSERT INTO `tcorrelativos` (`tabla`, `ult_nro`) VALUES
	('emp_mae', 22),
	('plan_mae_wkf', 57);
/*!40000 ALTER TABLE `tcorrelativos` ENABLE KEYS */;

-- Volcando estructura para tabla planilla.tdepto_emp
DROP TABLE IF EXISTS `tdepto_emp`;
CREATE TABLE IF NOT EXISTS `tdepto_emp` (
  `id` int(11) NOT NULL AUTO_INCREMENT,
  `nom_depto` varchar(50) DEFAULT NULL,
  PRIMARY KEY (`id`)
) ENGINE=InnoDB AUTO_INCREMENT=13 DEFAULT CHARSET=latin1;

-- Volcando datos para la tabla planilla.tdepto_emp: ~12 rows (aproximadamente)
DELETE FROM `tdepto_emp`;
/*!40000 ALTER TABLE `tdepto_emp` DISABLE KEYS */;
INSERT INTO `tdepto_emp` (`id`, `nom_depto`) VALUES
	(1, 'ADMINISTRACION'),
	(2, 'CONTABILIDAD'),
	(3, 'ALMACEN'),
	(4, 'VENTAS'),
	(5, 'COBRANZAS'),
	(6, 'COMPRAS'),
	(7, 'FINANZAS'),
	(8, 'LOGISTICA'),
	(9, 'INFORMATICA'),
	(10, 'RECURSOS HUMANOS'),
	(11, 'SERVICIO AL CLIENTE'),
	(12, 'PLANTA DE PRODUCCION');
/*!40000 ALTER TABLE `tdepto_emp` ENABLE KEYS */;

-- Volcando estructura para tabla planilla.tbanco
DROP TABLE IF EXISTS `tbanco`;
CREATE TABLE IF NOT EXISTS `tbanco` (
  `id` int(11) NOT NULL AUTO_INCREMENT,
  `descripcion` varchar(50) DEFAULT NULL,
  PRIMARY KEY (`id`)
) ENGINE=InnoDB AUTO_INCREMENT=5 DEFAULT CHARSET=latin1;

-- Volcando datos para la tabla planilla.tbanco: ~4 rows (aproximadamente)
DELETE FROM `tbanco`;
/*!40000 ALTER TABLE `tbanco` DISABLE KEYS */;
INSERT INTO `tbanco` (`id`, `descripcion`) VALUES
	(1, 'BCO. DEL PAIS'),
	(2, 'BCO. ATLANTIDA'),
	(3, 'BCO. OCCIDENTE'),
	(4, 'BCO. FICOHSA');
/*!40000 ALTER TABLE `tbanco` ENABLE KEYS */;

-- Volcando estructura para tabla planilla.tbanco_ctas
DROP TABLE IF EXISTS `tbanco_ctas`;
CREATE TABLE IF NOT EXISTS `tbanco_ctas` (
  `id` int(11) NOT NULL AUTO_INCREMENT,
  `id_bco` int(11) NOT NULL DEFAULT '0',
  `id_moneda` int(11) NOT NULL DEFAULT '0',
  `nro_cta_bco` varchar(50) NOT NULL DEFAULT '0',
  `sn_activa` enum('S','N') NOT NULL DEFAULT 'S',
  `sn_paga_planilla` enum('S','N') NOT NULL DEFAULT 'N',
  PRIMARY KEY (`id`),
  KEY `FKawvuk18fqdofy7yuoaofkjtj3` (`id_bco`),
  KEY `FKfqtq073hyoag740jj8c3m2x9` (`id_moneda`),
  CONSTRAINT `FKawvuk18fqdofy7yuoaofkjtj3` FOREIGN KEY (`id_bco`) REFERENCES `tbanco` (`id`),
  CONSTRAINT `FKfqtq073hyoag740jj8c3m2x9` FOREIGN KEY (`id_moneda`) REFERENCES `tmoneda` (`id`),
  CONSTRAINT `fk_tbanco_id` FOREIGN KEY (`id_bco`) REFERENCES `tbanco` (`id`),
  CONSTRAINT `fk_tmoneda_id` FOREIGN KEY (`id_moneda`) REFERENCES `tmoneda` (`id`)
) ENGINE=InnoDB AUTO_INCREMENT=2 DEFAULT CHARSET=latin1;

-- Volcando datos para la tabla planilla.tbanco_ctas: ~0 rows (aproximadamente)
DELETE FROM `tbanco_ctas`;
/*!40000 ALTER TABLE `tbanco_ctas` DISABLE KEYS */;
INSERT INTO `tbanco_ctas` (`id`, `id_bco`, `id_moneda`, `nro_cta_bco`, `sn_activa`, `sn_paga_planilla`) VALUES
	(1, 1, 1, '123', 'S', 'S');
/*!40000 ALTER TABLE `tbanco_ctas` ENABLE KEYS */;

-- Volcando estructura para tabla planilla.tperiodo_contable
DROP TABLE IF EXISTS `tperiodo_contable`;
CREATE TABLE IF NOT EXISTS `tperiodo_contable` (
  `nro_mes` smallint(6) NOT NULL DEFAULT '0',
  `anio_fiscal` smallint(6) NOT NULL DEFAULT '0',
  `sn_cerrado` enum('S','N') DEFAULT 'N',
  PRIMARY KEY (`nro_mes`)
) ENGINE=InnoDB DEFAULT CHARSET=latin1;

-- Volcando datos para la tabla planilla.tperiodo_contable: ~0 rows (aproximadamente)
DELETE FROM `tperiodo_contable`;
/*!40000 ALTER TABLE `tperiodo_contable` DISABLE KEYS */;
INSERT INTO `tperiodo_contable` (`nro_mes`, `anio_fiscal`, `sn_cerrado`) VALUES
	(9, 2019, 'N');
/*!40000 ALTER TABLE `tperiodo_contable` ENABLE KEYS */;

-- Volcando estructura para tabla planilla.tprofesion
DROP TABLE IF EXISTS `tprofesion`;
CREATE TABLE IF NOT EXISTS `tprofesion` (
  `id` int(11) NOT NULL AUTO_INCREMENT,
  `nom_profesion` varchar(50) DEFAULT NULL,
  PRIMARY KEY (`id`)
) ENGINE=InnoDB AUTO_INCREMENT=146 DEFAULT CHARSET=latin1;

-- Volcando datos para la tabla planilla.tprofesion: ~145 rows (aproximadamente)
DELETE FROM `tprofesion`;
/*!40000 ALTER TABLE `tprofesion` DISABLE KEYS */;
INSERT INTO `tprofesion` (`id`, `nom_profesion`) VALUES
	(1, 'ACUICULTURA'),
	(2, 'ADMINISTRACIÓN AERONÁUTICA'),
	(3, 'ADMINISTRACIÓN AGROPECUARIA'),
	(4, 'ADMINISTRACIÓN DE AEROLÍNEAS'),
	(5, 'ADMINISTRACIÓN DE BIENES RAÍCES'),
	(6, 'ADMINISTRACIÓN DE EMPRESAS'),
	(7, 'ADMINISTRACIÓN DE NEGOCIOS'),
	(8, 'ADMINISTRACIÓN DE OBRAS CIVILES'),
	(9, 'ADMINISTRACIÓN DE PERSONAL'),
	(10, 'ADMINISTRACIÓN DE SEGUROS'),
	(11, 'ADMINISTRACIÓN DE SERVICIOS'),
	(12, 'ADMINISTRACIÓN DE SISTEMAS INFORMÁTICOS'),
	(13, 'ADMINISTRACIÓN DE TRANSPORTE'),
	(14, 'ADMINISTRACIÓN FINANCIERA'),
	(15, 'ADMINISTRACIÓN HOSPITALARIA'),
	(16, 'ADMINISTRACIÓN INDUSTRIAL'),
	(17, 'ADMINISTRACIÓN PÚBLICA'),
	(18, 'ADMINISTRACIÓN TRIBUTARIA'),
	(19, 'ADMINISTRACIÓN TURÍSTICA HOTELERA'),
	(20, 'AGROLOGÍA'),
	(21, 'AGRONOMÍA'),
	(22, 'ANTROPOLOGÍA'),
	(23, 'ARQUEOLOGÍA'),
	(24, 'ARQUITECTURA'),
	(25, 'ARTE Y DECORACIÓN'),
	(26, 'ARTES PLÁSTICAS'),
	(27, 'AUXILIAR DE VUELO'),
	(28, 'BACHILLERATO COMERCIAL'),
	(29, 'BACHILLERATO TÉCNICO'),
	(30, 'BACTERIOLOGÍA'),
	(31, 'BIBLIOTECOLOGÍA'),
	(32, 'BIOLOGÍA'),
	(33, 'BIOLOGÍA MARINA'),
	(34, 'CIENCIAS POLÍTICAS'),
	(35, 'COMERCIO INTERNACIONAL'),
	(36, 'COMUNICACIÓN PUBLICITARIA'),
	(37, 'COMUNICACIÓN SOCIAL Y PERIODISMO'),
	(38, 'CONSTRUCCIÓN'),
	(39, 'CONTADURÍA'),
	(40, 'CULTURA FÍSICA DEPORTE Y RECREACIÓN'),
	(41, 'DERECHO ABOGADO'),
	(42, 'DESPACHADOR'),
	(43, 'DISEÑO DE INTERIORES'),
	(44, 'DISEÑO DE LA COMUNICACIÓN GRÁFICA'),
	(45, 'DISEÑO DE MODAS Y PATRONAJE'),
	(46, 'DISEÑO GRÁFICO'),
	(47, 'DISEÑO INDUSTRIAL'),
	(48, 'DISEÑO TEXTIL'),
	(49, 'DOCENTE'),
	(50, 'ECONOMÍA'),
	(51, 'ENFERMERÍA'),
	(52, 'ENTOMOLOGÍA'),
	(53, 'ESTADISTA'),
	(54, 'FILOSOFÍA'),
	(55, 'FINANZAS'),
	(56, 'FÍSICA'),
	(57, 'FISIOTERAPIA'),
	(58, 'FITOMEJORAMIENTO'),
	(59, 'FITOPATOLOGÍA'),
	(60, 'FONOAUDIOLOGÍA'),
	(61, 'GEOFÍSICO'),
	(62, 'GEOGRAFÍA'),
	(63, 'GEOLOGÍA'),
	(64, 'HISTORIA'),
	(65, 'HOTELERÍA Y TURISMO'),
	(66, 'IDIOMAS LENGUAS MODERNAS'),
	(67, 'INGENIERÍA ADMINISTRATIVA'),
	(68, 'INGENIERÍA AERONÁUTICA'),
	(69, 'INGENIERÍA AGRÓNOMA'),
	(70, 'INGENIERÍA AMBIENTAL FORESTAL'),
	(71, 'INGENIERÍA BIOMÉDICA'),
	(72, 'INGENIERÍA CATASTRAL GEODESIA'),
	(73, 'INGENIERÍA CIVIL'),
	(74, 'INGENIERÍA DE ALIMENTOS'),
	(75, 'INGENIERÍA DE MERCADOS'),
	(76, 'INGENIERÍA DE MINAS'),
	(77, 'INGENIERÍA DE MOTORES'),
	(78, 'INGENIERÍA DE PETRÓLEOS'),
	(79, 'INGENIERÍA DE PRODUCCIÓN AGROINDUSTRIAL'),
	(80, 'INGENIERÍA DE REDES Y TELECOMUNICACIONES'),
	(81, 'INGENIERÍA DE SISTEMAS COMPUTACIÓN'),
	(82, 'INGENIERÍA DE TELECOMUNICACIONES'),
	(83, 'INGENIERÍA DE TRANSPORTES Y VÍAS'),
	(84, 'INGENIERÍA ELÉCTRICA'),
	(85, 'INGENIERÍA ELECTROMECÁNICA'),
	(86, 'INGENIERÍA ELECTRÓNICA'),
	(87, 'INGENIERÍA FINANCIERA'),
	(88, 'INGENIERÍA FÍSICA'),
	(89, 'INGENIERÍA INDUSTRIAL'),
	(90, 'INGENIERÍA MECÁNICA'),
	(91, 'INGENIERÍA MECATRÓNICA'),
	(92, 'INGENIERÍA METALÚRGICA'),
	(93, 'INGENIERÍA NAVAL'),
	(94, 'INGENIERÍA QUÍMICA'),
	(95, 'INGENIERIA SANITARIA'),
	(96, 'INGENIERÍA TELEMÁTICA'),
	(97, 'LICENCIATURAS'),
	(98, 'LITERATURA'),
	(99, 'MATEMÁTICAS'),
	(100, 'MEDICINA'),
	(101, 'MICROBIOLOGÍA'),
	(102, 'MILITAR'),
	(103, 'MÚSICA'),
	(104, 'NUTRICIÓN Y DIETÉTICA'),
	(105, 'OCEANOGRAFÍA'),
	(106, 'ODONTOLOGÍA'),
	(107, 'OPTOMETRÍA'),
	(108, 'OTRA'),
	(109, 'PILOTO'),
	(110, 'PREESCOLAR'),
	(111, 'PRODUCCIÓN CINE TELEVISIÓN'),
	(112, 'PROFESIONAL EN GASTRONOMÍA'),
	(113, 'PROFESIONAL EN LOGÍSTICA'),
	(114, 'PSICOLOGÍA'),
	(115, 'PUBLICIDAD Y MERCADEO'),
	(116, 'QUÍMICA'),
	(117, 'QUÍMICA FARMACÉUTICA'),
	(118, 'SECRETARIADO'),
	(119, 'SIN PROFESIÓN'),
	(120, 'SOCIOLOGÍA'),
	(121, 'TECN ADMINISTRACIÓN DE PERSONAL'),
	(122, 'TECN ELECTRICISTA'),
	(123, 'TECN ELECTRÓNICO'),
	(124, 'TECN EN SEGUROS'),
	(125, 'TECN MECÁNICO'),
	(126, 'TECN METALMECÁNICO'),
	(127, 'TECN QUÍMICA'),
	(128, 'TECN REGENCIA FARMACIA'),
	(129, 'TECN RELACIONES INDUSTRIALES'),
	(130, 'TECN SEGURIDAD INDUSTRIAL'),
	(131, 'TECN SISTEMAS COMPUTACIÓN'),
	(132, 'TÉCNICO DE MANTENIMIENTO'),
	(133, 'TÉCNICO EN DESARROLLO Y MANTENIMIENTO DE SOFTWARE'),
	(134, 'TÉCNICO EN GESTIÓN CONTABLE'),
	(135, 'TÉCNICO EN GESTIÓN EMPRESARIAL'),
	(136, 'TÉCNICO EN LOGÍSTICA'),
	(137, 'TÉCNICO EN RADIOLOGÍA E IMÁGENES DIAGNOSTICAS'),
	(138, 'TÉCNICO EN SALUD OCUPACIONAL'),
	(139, 'TECNOLOGÍA DE ALIMENTOS'),
	(140, 'TECNOLOGÍA EN ELECTRÓNICA'),
	(141, 'TERAPIA OCUPACIONAL'),
	(142, 'TERAPIA RESPIRATORIA'),
	(143, 'TRABAJO SOCIAL'),
	(144, 'VETERINARIA'),
	(145, 'ZOOTECNIA');
/*!40000 ALTER TABLE `tprofesion` ENABLE KEYS */;

-- Volcando estructura para tabla planilla.ttipo_documento
DROP TABLE IF EXISTS `ttipo_documento`;
CREATE TABLE IF NOT EXISTS `ttipo_documento` (
  `id` int(11) NOT NULL AUTO_INCREMENT,
  `descripcion` varchar(50) NOT NULL DEFAULT '0',
  `abreviatura` varchar(3) NOT NULL DEFAULT '0',
  PRIMARY KEY (`id`)
) ENGINE=InnoDB AUTO_INCREMENT=3 DEFAULT CHARSET=latin1;

-- Volcando datos para la tabla planilla.ttipo_documento: ~2 rows (aproximadamente)
DELETE FROM `ttipo_documento`;
/*!40000 ALTER TABLE `ttipo_documento` DISABLE KEYS */;
INSERT INTO `ttipo_documento` (`id`, `descripcion`, `abreviatura`) VALUES
	(1, 'TARJETA DE IDENTIDAD', 'TAR'),
	(2, 'PASAPORTE', 'PAS');
/*!40000 ALTER TABLE `ttipo_documento` ENABLE KEYS */;

-- Volcando estructura para tabla planilla.ttipo_empleado
DROP TABLE IF EXISTS `ttipo_empleado`;
CREATE TABLE IF NOT EXISTS `ttipo_empleado` (
  `id` int(11) NOT NULL AUTO_INCREMENT,
  `descripcion` varchar(20) NOT NULL,
  `abreviatura` varchar(1) NOT NULL,
  PRIMARY KEY (`id`)
) ENGINE=InnoDB AUTO_INCREMENT=6 DEFAULT CHARSET=latin1;

-- Volcando datos para la tabla planilla.ttipo_empleado: ~5 rows (aproximadamente)
DELETE FROM `ttipo_empleado`;
/*!40000 ALTER TABLE `ttipo_empleado` DISABLE KEYS */;
INSERT INTO `ttipo_empleado` (`id`, `descripcion`, `abreviatura`) VALUES
	(1, 'PERMANENTE', 'P'),
	(2, 'TEMPORAL', 'T'),
	(3, 'CONTRATO', 'C'),
	(4, 'JORNALERO', 'J'),
	(5, 'POR HORA', 'H');
/*!40000 ALTER TABLE `ttipo_empleado` ENABLE KEYS */;

-- Volcando estructura para tabla planilla.ttipo_movimiento
DROP TABLE IF EXISTS `ttipo_movimiento`;
CREATE TABLE IF NOT EXISTS `ttipo_movimiento` (
  `id` int(11) NOT NULL AUTO_INCREMENT,
  `desc` varchar(80) NOT NULL DEFAULT '0',
  `tipo` enum('D','C') NOT NULL DEFAULT 'C',
  PRIMARY KEY (`id`)
) ENGINE=InnoDB AUTO_INCREMENT=22 DEFAULT CHARSET=latin1;

-- Volcando datos para la tabla planilla.ttipo_movimiento: ~18 rows (aproximadamente)
DELETE FROM `ttipo_movimiento`;
/*!40000 ALTER TABLE `ttipo_movimiento` DISABLE KEYS */;
INSERT INTO `ttipo_movimiento` (`id`, `desc`, `tipo`) VALUES
	(1, 'IHSS', 'D'),
	(2, 'RAP', 'D'),
	(3, 'IMPUESTO S/RENTA', 'D'),
	(6, 'AFP', 'D'),
	(7, 'SEGURO MEDIDO/VIDA', 'D'),
	(8, 'OFTALMOLOGIA', 'D'),
	(9, 'PRESTAMO COOPERATIVA', 'D'),
	(10, 'PRESTAMO IPM', 'D'),
	(11, 'PRESTAMO DAVIVIENDA', 'D'),
	(12, 'DEMANDA ALIMIENTARIA', 'D'),
	(14, 'IMPUESTO VECINAL', 'D'),
	(15, 'FACTURA AL CREDITO', 'D'),
	(16, 'COMISION POR VENTAS', 'C'),
	(17, 'HORAS EXTRAS', 'C'),
	(18, 'HORAS EXTRAS DOS', 'C'),
	(19, 'PAGO DIA FERIADO', 'C'),
	(20, 'ABONO', 'C'),
	(21, 'HOSPITAL MILITAR', 'D');
/*!40000 ALTER TABLE `ttipo_movimiento` ENABLE KEYS */;

-- Volcando estructura para tabla planilla.ttipo_planilla
DROP TABLE IF EXISTS `ttipo_planilla`;
CREATE TABLE IF NOT EXISTS `ttipo_planilla` (
  `id` int(11) NOT NULL AUTO_INCREMENT,
  `descripcion` varchar(50) NOT NULL DEFAULT '0',
  PRIMARY KEY (`id`)
) ENGINE=InnoDB AUTO_INCREMENT=5 DEFAULT CHARSET=latin1;

-- Volcando datos para la tabla planilla.ttipo_planilla: ~4 rows (aproximadamente)
DELETE FROM `ttipo_planilla`;
/*!40000 ALTER TABLE `ttipo_planilla` DISABLE KEYS */;
INSERT INTO `ttipo_planilla` (`id`, `descripcion`) VALUES
	(1, 'PERIODICA/MENSUAL'),
	(2, 'DECIMO TERCER MES'),
	(3, 'DECIMO CUARTO MES'),
	(4, 'BONO POR REPARTO DE UTILIDADES EMPRESARIALES');
/*!40000 ALTER TABLE `ttipo_planilla` ENABLE KEYS */;


-- Volcando estructura para tabla planilla.tpais
DROP TABLE IF EXISTS `tpais`;
CREATE TABLE IF NOT EXISTS `tpais` (
  `id` int(11) NOT NULL AUTO_INCREMENT,
  `nom_pais` varchar(120) NOT NULL,
  PRIMARY KEY (`id`)
) ENGINE=InnoDB AUTO_INCREMENT=244 DEFAULT CHARSET=latin1;

-- Volcando datos para la tabla planilla.tpais: ~243 rows (aproximadamente)
DELETE FROM `tpais`;
/*!40000 ALTER TABLE `tpais` DISABLE KEYS */;
INSERT INTO `tpais` (`id`, `nom_pais`) VALUES
	(1, 'AFGANISTAN'),
	(2, 'ALBANIA'),
	(3, 'ALEMANIA'),
	(4, 'ANDORRA'),
	(5, 'ANGOLA'),
	(6, 'ANGUILLA'),
	(7, 'ANTIGUA Y BARBUDA'),
	(8, 'ANTILLAS HOLANDESAS'),
	(9, 'ARABIA SAUDI'),
	(10, 'ARGELIA'),
	(11, 'ARGENTINA'),
	(12, 'ARMENIA'),
	(13, 'ARUBA'),
	(14, 'AUSTRALIA'),
	(15, 'AUSTRIA'),
	(16, 'AZERBAIYAN'),
	(17, 'BAHAMAS'),
	(18, 'BAHREIN'),
	(19, 'BANGLADESH'),
	(20, 'BARBADOS'),
	(21, 'BELARUS'),
	(22, 'BELGICA'),
	(23, 'BELICE'),
	(24, 'BENIN'),
	(25, 'BERMUDAS'),
	(26, 'BHUTÁN'),
	(27, 'BOLIVIA'),
	(28, 'BOSNIA Y HERZEGOVINA'),
	(29, 'BOTSWANA'),
	(30, 'BRASIL'),
	(31, 'BRUNEI'),
	(32, 'BULGARIA'),
	(33, 'BURKINA FASO'),
	(34, 'BURUNDI'),
	(35, 'CABO VERDE'),
	(36, 'CAMBOYA'),
	(37, 'CAMERUN'),
	(38, 'CANADA'),
	(39, 'CHAD'),
	(40, 'CHILE'),
	(41, 'CHINA'),
	(42, 'CHIPRE'),
	(43, 'COLOMBIA'),
	(44, 'COMORES'),
	(45, 'CONGO'),
	(46, 'COREA'),
	(47, 'COREA DEL NORTE'),
	(48, 'COSTA DE MARFIL'),
	(49, 'COSTA RICA'),
	(50, 'CROACIA'),
	(51, 'CUBA'),
	(52, 'DINAMARCA'),
	(53, 'DJIBOUTI'),
	(54, 'DOMINICA'),
	(55, 'ECUADOR'),
	(56, 'EGIPTO'),
	(57, 'EL SALVADOR'),
	(58, 'EMIRATOS ARABES UNIDOS'),
	(59, 'ERITREA'),
	(60, 'ESLOVENIA'),
	(61, 'ESPAÑA'),
	(62, 'ESTADOS UNIDOS DE AMERICA'),
	(63, 'ESTONIA'),
	(64, 'ETIOPIA'),
	(65, 'FIJI'),
	(66, 'FILIPINAS'),
	(67, 'FINLANDIA'),
	(68, 'FRANCIA'),
	(69, 'GABON'),
	(70, 'GAMBIA'),
	(71, 'GEORGIA'),
	(72, 'GHANA'),
	(73, 'GIBRALTAR'),
	(74, 'GRANADA'),
	(75, 'GRECIA'),
	(76, 'GROENLANDIA'),
	(77, 'GUADALUPE'),
	(78, 'GUAM'),
	(79, 'GUATEMALA'),
	(80, 'GUAYANA FRANCESA'),
	(81, 'GUERNESEY'),
	(82, 'GUINEA'),
	(83, 'GUINEA ECUATORIAL'),
	(84, 'GUINEA-BISSAU'),
	(85, 'GUYANA'),
	(86, 'HAITI'),
	(87, 'HONDURAS'),
	(88, 'HONG KONG'),
	(89, 'HUNGRIA'),
	(90, 'INDIA'),
	(91, 'INDONESIA'),
	(92, 'IRAN'),
	(93, 'IRAQ'),
	(94, 'IRLANDA'),
	(95, 'ISLA DE MAN'),
	(96, 'ISLA NORFOLK'),
	(97, 'ISLANDIA'),
	(98, 'ISLAS ALAND'),
	(99, 'ISLAS CAIMÁN'),
	(100, 'ISLAS COOK'),
	(101, 'ISLAS DEL CANAL'),
	(102, 'ISLAS FEROE'),
	(103, 'ISLAS MALVINAS'),
	(104, 'ISLAS MARIANAS DEL NORTE'),
	(105, 'ISLAS MARSHALL'),
	(106, 'ISLAS PITCAIRN'),
	(107, 'ISLAS SALOMON'),
	(108, 'ISLAS TURCAS Y CAICOS'),
	(109, 'ISLAS VIRGENES BRITANICAS'),
	(110, 'ISLAS VÍRGENES DE LOS ESTADOS UNIDOS'),
	(111, 'ISRAEL'),
	(112, 'ITALIA'),
	(113, 'JAMAICA'),
	(114, 'JAPON'),
	(115, 'JERSEY'),
	(116, 'JORDANIA'),
	(117, 'KAZAJSTAN'),
	(118, 'KENIA'),
	(119, 'KIRGUISTAN'),
	(120, 'KIRIBATI'),
	(121, 'KUWAIT'),
	(122, 'LAOS'),
	(123, 'LESOTHO'),
	(124, 'LETONIA'),
	(125, 'LIBANO'),
	(126, 'LIBERIA'),
	(127, 'LIBIA'),
	(128, 'LIECHTENSTEIN'),
	(129, 'LITUANIA'),
	(130, 'LUXEMBURGO'),
	(131, 'MACAO'),
	(132, 'MACEDONIA'),
	(133, 'MADAGASCAR'),
	(134, 'MALASIA'),
	(135, 'MALAWI'),
	(136, 'MALDIVAS'),
	(137, 'MALI'),
	(138, 'MALTA'),
	(139, 'MARRUECOS'),
	(140, 'MARTINICA'),
	(141, 'MAURICIO'),
	(142, 'MAURITANIA'),
	(143, 'MAYOTTE'),
	(144, 'MEXICO'),
	(145, 'MICRONESIA'),
	(146, 'MOLDAVIA'),
	(147, 'MONACO'),
	(148, 'MONGOLIA'),
	(149, 'MONTENEGRO'),
	(150, 'MONTSERRAT'),
	(151, 'MOZAMBIQUE'),
	(152, 'MYANMAR'),
	(153, 'NAMIBIA'),
	(154, 'NAURU'),
	(155, 'NEPAL'),
	(156, 'NICARAGUA'),
	(157, 'NIGER'),
	(158, 'NIGERIA'),
	(159, 'NIUE'),
	(160, 'NORUEGA'),
	(161, 'NUEVA CALEDONIA'),
	(162, 'NUEVA ZELANDA'),
	(163, 'OMAN'),
	(164, 'OTROS PAISES O TERRITORIOS DE AFRICA'),
	(165, 'OTROS PAISES O TERRITORIOS DE AMERICA DEL NORTE'),
	(166, 'OTROS PAISES O TERRITORIOS DE ASIA'),
	(167, 'OTROS PAISES O TERRITORIOS DE OCEANIA'),
	(168, 'OTROS PAISES O TERRITORIOS DE SUDAMERICA'),
	(169, 'OTROS PAISES O TERRITORIOS DEL CARIBE Y AMERICA CENTRAL'),
	(170, 'PAISES BAJOS'),
	(171, 'PAKISTAN'),
	(172, 'PALAOS'),
	(173, 'PALESTINA'),
	(174, 'PANAMA'),
	(175, 'PAPUA NUEVA GUINEA'),
	(176, 'PARAGUAY'),
	(177, 'PERU'),
	(178, 'POLINESIA FRANCESA'),
	(179, 'POLONIA'),
	(180, 'PORTUGAL'),
	(181, 'PUERTO RICO'),
	(182, 'QATAR'),
	(183, 'REINO UNIDO'),
	(184, 'REP.DEMOCRATICA DEL CONGO'),
	(185, 'REPUBLICA CENTROAFRICANA'),
	(186, 'REPUBLICA CHECA'),
	(187, 'REPUBLICA DOMINICANA'),
	(188, 'REPUBLICA ESLOVACA'),
	(189, 'REUNION'),
	(190, 'RUANDA'),
	(191, 'RUMANIA'),
	(192, 'RUSIA'),
	(193, 'SAHARA OCCIDENTAL'),
	(194, 'SAMOA'),
	(195, 'SAMOA AMERICANA'),
	(196, 'SAN BARTOLOME'),
	(197, 'SAN CRISTOBAL Y NIEVES'),
	(198, 'SAN MARINO'),
	(199, 'SAN MARTIN (PARTE FRANCESA)'),
	(200, 'SAN PEDRO Y MIQUELON'),
	(201, 'SAN VICENTE Y LAS GRANADINAS'),
	(202, 'SANTA HELENA'),
	(203, 'SANTA LUCIA'),
	(204, 'SANTA SEDE'),
	(205, 'SANTO TOME Y PRINCIPE'),
	(206, 'SENEGAL'),
	(207, 'SERBIA'),
	(208, 'SEYCHELLES'),
	(209, 'SIERRA LEONA'),
	(210, 'SINGAPUR'),
	(211, 'SIRIA'),
	(212, 'SOMALIA'),
	(213, 'SRI LANKA'),
	(214, 'SUDAFRICA'),
	(215, 'SUDAN'),
	(216, 'SUECIA'),
	(217, 'SUIZA'),
	(218, 'SURINAM'),
	(219, 'SVALBARD Y JAN MAYEN'),
	(220, 'SWAZILANDIA'),
	(221, 'TADYIKISTAN'),
	(222, 'TAILANDIA'),
	(223, 'TANZANIA'),
	(224, 'TIMOR ORIENTAL'),
	(225, 'TOGO'),
	(226, 'TOKELAU'),
	(227, 'TONGA'),
	(228, 'TRINIDAD Y TOBAGO'),
	(229, 'TUNEZ'),
	(230, 'TURKMENISTAN'),
	(231, 'TURQUIA'),
	(232, 'TUVALU'),
	(233, 'UCRANIA'),
	(234, 'UGANDA'),
	(235, 'URUGUAY'),
	(236, 'UZBEKISTAN'),
	(237, 'VANUATU'),
	(238, 'VENEZUELA'),
	(239, 'VIETNAM'),
	(240, 'WALLIS Y FORTUNA'),
	(241, 'YEMEN'),
	(242, 'ZAMBIA'),
	(243, 'ZIMBABWE');
/*!40000 ALTER TABLE `tpais` ENABLE KEYS */;


-- Volcando estructura para tabla planilla.tdepto_pais
DROP TABLE IF EXISTS `tdepto_pais`;
CREATE TABLE IF NOT EXISTS `tdepto_pais` (
  `id` int(11) NOT NULL AUTO_INCREMENT,
  `id_pais` int(11) NOT NULL,
  `nom_depto` varchar(50) NOT NULL DEFAULT '0',
  PRIMARY KEY (`id`),
  KEY `fk_tpais_id` (`id_pais`),
  CONSTRAINT `FKeslcdiwusas82yb4javq7qkcw` FOREIGN KEY (`id_pais`) REFERENCES `tpais` (`id`) ON DELETE NO ACTION ON UPDATE NO ACTION,
  CONSTRAINT `fk_tpais_id` FOREIGN KEY (`id_pais`) REFERENCES `tpais` (`id`)
) ENGINE=InnoDB AUTO_INCREMENT=24 DEFAULT CHARSET=latin1;

-- Volcando datos para la tabla planilla.tdepto_pais: ~23 rows (aproximadamente)
DELETE FROM `tdepto_pais`;
/*!40000 ALTER TABLE `tdepto_pais` DISABLE KEYS */;
INSERT INTO `tdepto_pais` (`id`, `id_pais`, `nom_depto`) VALUES
	(1, 87, 'ATLANTIDA'),
	(2, 87, 'COLÓN'),
	(3, 87, 'COMAYAGUA'),
	(4, 87, 'COPÁN'),
	(5, 87, 'CORTÉS'),
	(6, 87, 'CHOLUTECA'),
	(7, 87, 'EL PARAISO'),
	(8, 87, 'FRANCISCO MORAZÁN'),
	(9, 87, 'GRACIAS A DIOS'),
	(10, 87, 'INTIBUCA'),
	(11, 87, 'ISLAS DE LA BAHIA'),
	(12, 87, 'LA PAZ'),
	(13, 87, 'LEMPIRA'),
	(14, 87, 'OCOTEPEQUE'),
	(15, 87, 'OLANCHO'),
	(16, 87, 'SANTA BARBARA'),
	(17, 87, 'VALLE'),
	(18, 87, 'YORO'),
	(22, 1, 'prueba'),
	(23, 1, 'prueba 2');
/*!40000 ALTER TABLE `tdepto_pais` ENABLE KEYS */;

-- Volcando estructura para tabla planilla.tmunicipios
DROP TABLE IF EXISTS `tmunicipios`;
CREATE TABLE IF NOT EXISTS `tmunicipios` (
  `id` int(11) NOT NULL AUTO_INCREMENT,
  `id_pais` int(11) NOT NULL,
  `id_depto_pais` int(11) NOT NULL,
  `nom_muni` varchar(50) NOT NULL,
  `cod_municipio` varchar(20) NOT NULL,
  PRIMARY KEY (`id`),
  KEY `fk_muni_id_depto_pais_id` (`id_depto_pais`),
  CONSTRAINT `FK4mfw3xlb4yjit4g6idx71nl28` FOREIGN KEY (`id_depto_pais`) REFERENCES `tdepto_pais` (`id`) ON DELETE NO ACTION ON UPDATE NO ACTION,
  CONSTRAINT `fk_muni_id_depto_pais_id` FOREIGN KEY (`id_depto_pais`) REFERENCES `tdepto_pais` (`id`) ON DELETE NO ACTION ON UPDATE NO ACTION
) ENGINE=InnoDB AUTO_INCREMENT=299 DEFAULT CHARSET=latin1;

-- Volcando datos para la tabla planilla.tmunicipios: ~298 rows (aproximadamente)
DELETE FROM `tmunicipios`;
/*!40000 ALTER TABLE `tmunicipios` DISABLE KEYS */;
INSERT INTO `tmunicipios` (`id`, `id_pais`, `id_depto_pais`, `nom_muni`, `cod_municipio`) VALUES
	(1, 87, 1, ' LA CEIBA ', ' 0101'),
	(2, 87, 1, ' EL PORVENIR ', ' 0102'),
	(3, 87, 1, ' ESPARTA ', ' 0103'),
	(4, 87, 1, ' JUTIAPA ', ' 0104'),
	(5, 87, 1, ' LA MASICA ', ' 0105'),
	(6, 87, 1, ' SAN FRANCISCO ', ' 0106'),
	(7, 87, 1, ' TELA ', ' 0107'),
	(8, 87, 1, ' ARIZONA ', ' 0108'),
	(9, 87, 2, ' TRUJILLO ', ' 0201'),
	(10, 87, 2, ' BALFATE ', ' 0202'),
	(11, 87, 2, ' IRIONA ', ' 0203'),
	(12, 87, 2, ' LIMÓN ', ' 0204'),
	(13, 87, 2, ' SABÁ ', ' 0205'),
	(14, 87, 2, ' SANTA FE ', ' 0206'),
	(15, 87, 2, ' SANTA ROSA DE AGUÁN ', ' 0207'),
	(16, 87, 2, ' SONAGUERA ', ' 0208'),
	(17, 87, 2, ' TOCOA ', ' 0209'),
	(18, 87, 2, ' BONITO ORIENTAL ', ' 0210'),
	(19, 87, 3, ' *COMAYAGUA ', ' 0301'),
	(20, 87, 3, ' AJUTERIQUE ', ' 0302'),
	(21, 87, 3, ' EL ROSARIO ', ' 0303'),
	(22, 87, 3, ' ESQUÍAS', ' 0304'),
	(23, 87, 3, ' HUMUYA ', ' 0305'),
	(24, 87, 3, ' LA LIBERTAD ', ' 0306'),
	(25, 87, 3, ' LAMANÍ ', ' 0307'),
	(26, 87, 3, ' LA TRINIDAD ', ' 0308'),
	(27, 87, 3, ' LEJAMANÍ ', ' 0309'),
	(28, 87, 3, ' MEÁMBAR ', ' 0310'),
	(29, 87, 3, ' MINAS DE ORO ', ' 0311'),
	(30, 87, 3, ' OJO DE AGUA ', ' 0312'),
	(31, 87, 3, ' SAN JERÓNIMO ', ' 0313'),
	(32, 87, 3, ' SAN JOSÉ DE COMAYAGUA ', ' 0314'),
	(33, 87, 3, ' SAN JOSÉ DEL POTRERO ', ' 0315'),
	(34, 87, 3, ' SAN LUIS ', ' 0316'),
	(35, 87, 3, ' SAN SEBASTIÁN ', ' 0317'),
	(36, 87, 3, ' SIGUATEPEQUE ', ' 0318'),
	(37, 87, 3, ' VILLA DE SAN ANTONIO ', ' 0319'),
	(38, 87, 3, ' LAJAS ', ' 0320'),
	(39, 87, 3, ' TAULABE ', ' 0321'),
	(40, 87, 4, ' *SANTA ROSA DE COPÁN ', ' 0401'),
	(41, 87, 4, ' CABAÑAS ', ' 0402'),
	(42, 87, 4, ' CONCEPCIÓN ', ' 0403'),
	(43, 87, 4, ' COPÁN RUINAS ', ' 0404'),
	(44, 87, 4, ' CORQUÍN ', ' 0405'),
	(45, 87, 4, ' CUCUYAGUA ', ' 0406'),
	(46, 87, 4, ' DOLORES ', ' 0407'),
	(47, 87, 4, ' DULCE NOMBRE ', ' 0408'),
	(48, 87, 4, ' EL PARAÍSO ', ' 0409'),
	(49, 87, 4, ' FLORIDA ', ' 0410'),
	(50, 87, 4, ' LA JIGUA ', ' 0411'),
	(51, 87, 4, ' LA UNIÓN ', ' 0412'),
	(52, 87, 4, ' NUEVA ARCADIA ', ' 0413'),
	(53, 87, 4, ' SAN AGUSTÍN ', ' 0414'),
	(54, 87, 4, ' SAN ANTONIO ', ' 0415'),
	(55, 87, 4, ' SAN JERÓNIMO ', ' 0416'),
	(56, 87, 4, ' SAN JOSÉ ', ' 0417'),
	(57, 87, 4, ' SAN JUAN DE OPOA ', ' 0418'),
	(58, 87, 4, ' SAN NICOLÁS ', ' 0419'),
	(59, 87, 4, ' SAN PEDRO ', ' 0420'),
	(60, 87, 4, ' SANTA RITA', ' 0421'),
	(61, 87, 4, ' TRINIDAD DE COPÁN ', ' 0422'),
	(62, 87, 4, ' VERACRUZ ', ' 0423'),
	(63, 87, 5, ' *SAN PEDRO SULA ', ' 0501'),
	(64, 87, 5, ' CHOLOMA ', ' 0502'),
	(65, 87, 5, ' OMOA ', ' 0503'),
	(66, 87, 5, ' PIMIENTA ', ' 0504'),
	(67, 87, 5, ' POTRERILLOS ', ' 0505'),
	(68, 87, 5, ' PUERTO CORTÉS ', ' 0506'),
	(69, 87, 5, ' SAN ANTONIO DE CORTÉS ', ' 0507'),
	(70, 87, 5, ' SAN FRANCISCO DE YOJOA ', ' 0508'),
	(71, 87, 5, ' SAN MANUEL ', ' 0509'),
	(72, 87, 5, ' SANTA CRUZ DE YOJOA ', ' 0510'),
	(73, 87, 5, ' VILLANUEVA ', ' 0511'),
	(74, 87, 5, ' LA LIMA ', ' 0512'),
	(75, 87, 6, ' *CHOLUTECA ', ' 0601'),
	(76, 87, 6, ' APACILAGUA ', ' 0602'),
	(77, 87, 6, ' CONCEPCIÓN DE MARÍA ', ' 0603'),
	(78, 87, 6, ' DUYURE ', ' 0604'),
	(79, 87, 6, ' EL CORPUS ', ' 0605'),
	(80, 87, 6, ' EL TRIUNFO ', ' 0606'),
	(81, 87, 6, ' MARCOVIA ', ' 0607'),
	(82, 87, 6, ' MOROLICA ', ' 0608'),
	(83, 87, 6, ' NAMASIGÜE ', ' 0609'),
	(84, 87, 6, ' OROCUINA ', ' 0610'),
	(85, 87, 6, ' PESPIRE ', ' 0611'),
	(86, 87, 6, ' SAN ANTONIO DE FLORES ', ' 0612'),
	(87, 87, 6, ' SAN ISIDRO ', ' 0613'),
	(88, 87, 6, ' SAN JOSÉ ', ' 0614'),
	(89, 87, 6, ' SAN MARCOS DE COLÓN ', ' 0615'),
	(90, 87, 6, ' SANTA ANA DE YUSGUARE ', ' 0616'),
	(91, 87, 7, ' *YUSCARÁN ', ' 0701'),
	(92, 87, 7, ' ALAUCA ', ' 0702'),
	(93, 87, 7, ' DANLÍ ', ' 0703'),
	(94, 87, 7, ' EL PARAISO ', ' 0704'),
	(95, 87, 7, ' GÜINOPE ', ' 0705'),
	(96, 87, 7, ' JACALEAPA ', ' 0706'),
	(97, 87, 7, ' LIURE ', ' 0707'),
	(98, 87, 7, ' MOROCELÍ ', ' 0708'),
	(99, 87, 7, ' OROPOLÍ ', ' 0709'),
	(100, 87, 7, ' POTRERILLOS ', ' 0710'),
	(101, 87, 7, ' SAN ANTONIO DE FLORES ', ' 0711'),
	(102, 87, 7, ' SAN LUCAS ', ' 0712'),
	(103, 87, 7, ' SAN MATÍAS ', ' 0713'),
	(104, 87, 7, ' SOLEDAD ', ' 0714'),
	(105, 87, 7, ' TEUPASENTI ', ' 0715'),
	(106, 87, 7, ' TEXIGUAT ', ' 0716'),
	(107, 87, 7, ' VADO ANCHO ', ' 0717'),
	(108, 87, 7, ' YAUYUPE ', ' 0718'),
	(109, 87, 7, ' TROJES ', ' 0719'),
	(110, 87, 8, ' *TEGUCIGALPA D.C. ', ' 0801'),
	(111, 87, 8, ' ALUBARÉN ', ' 0802'),
	(112, 87, 8, ' CEDROS ', ' 0803'),
	(113, 87, 8, ' CURARÉN ', ' 0804'),
	(114, 87, 8, ' EL PORVENIR ', ' 0805'),
	(115, 87, 8, ' GUAIMACA ', ' 0806'),
	(116, 87, 8, ' LA LIBERTAD ', ' 0807'),
	(117, 87, 8, ' LA VENTA ', ' 0808'),
	(118, 87, 8, ' LEPATERIQUE ', ' 0809'),
	(119, 87, 8, ' MARAITA ', ' 0810'),
	(120, 87, 8, ' MARALE ', ' 0811'),
	(121, 87, 8, ' NUEVA ARMENIA ', ' 0812'),
	(122, 87, 8, ' OJOJONA ', ' 0813'),
	(123, 87, 8, ' ORICA ', ' 0814'),
	(124, 87, 8, ' REITOCA ', ' 0815'),
	(125, 87, 8, ' SABANAGRANDE ', ' 0816'),
	(126, 87, 8, ' SAN ANTONIO DE ORIENTE ', ' 0817'),
	(127, 87, 8, ' SAN BUENAVENTURA ', ' 0818'),
	(128, 87, 8, ' SAN IGNACIO ', ' 0819'),
	(129, 87, 8, ' SAN JUAN DE FLORES ', ' 0820'),
	(130, 87, 8, ' SAN MIGUELITO ', ' 0821'),
	(131, 87, 8, ' SANTA ANA ', ' 0822'),
	(132, 87, 8, ' SANTA LUCIA ', ' 0823'),
	(133, 87, 8, ' TALANGA ', ' 0824'),
	(134, 87, 8, ' TATUMBLA ', ' 0825'),
	(135, 87, 8, ' VALLE DE ANGELES ', ' 0826'),
	(136, 87, 8, ' VILLA DE SAN FRANCISCO ', ' 0827'),
	(137, 87, 8, ' VALLECILLO ', ' 0828'),
	(138, 87, 9, ' *PUERTO LEMPIRA ', ' 0901'),
	(139, 87, 9, ' BRUS LAGUNA ', ' 0902'),
	(140, 87, 9, ' AHUAS ', ' 0903'),
	(141, 87, 9, ' JUAN FRANCISCO BULNES ', ' 0904'),
	(142, 87, 9, ' VILLEDA MORALES ', ' 0905'),
	(143, 87, 9, ' WAMPUSIRPE ', ' 0906'),
	(144, 87, 10, ' *LA ESPERANZA ', ' 1001'),
	(145, 87, 10, ' CAMASCA ', ' 1002'),
	(146, 87, 10, ' COLOMONCAGUA ', ' 1003'),
	(147, 87, 10, ' CONCEPCIÓN ', ' 1004'),
	(148, 87, 10, ' DOLORES ', ' 1005'),
	(149, 87, 10, ' INTIBUCÁ ', ' 1006'),
	(150, 87, 10, ' JESÚS DE OTORO ', ' 1007'),
	(151, 87, 10, ' MAGDALENA ', ' 1008'),
	(152, 87, 10, ' MASAGUARA ', ' 1009'),
	(153, 87, 10, ' SAN ANTONIO ', ' 1010'),
	(154, 87, 10, ' SAN ISIDRO ', ' 1011'),
	(155, 87, 10, ' SAN JUAN DE FLORES ', ' 1012'),
	(156, 87, 10, ' SAN MARCOS DE LA SIERRA ', ' 1013'),
	(157, 87, 10, ' SAN MIGUEL GUANCAPLA ', ' 1014'),
	(158, 87, 10, ' SANTA LUCÍA ', ' 1015'),
	(159, 87, 10, ' YAMARANGUILA ', ' 1016'),
	(160, 87, 10, ' SAN FRANCISCO OPALACA ', ' 1017'),
	(161, 87, 11, ' *ROATÁN ', ' 1101'),
	(162, 87, 11, ' GUANAJA ', ' 1102'),
	(163, 87, 11, ' JOSÉ SANTOS GUARDIOLA ', ' 1103'),
	(164, 87, 11, ' UTILA ', ' 1104'),
	(165, 87, 12, ' *LA PAZ ', ' 1201'),
	(166, 87, 12, ' AGUANQUETERIQUE ', ' 1202'),
	(167, 87, 12, ' CABAÑAS ', ' 1203'),
	(168, 87, 12, ' CANE ', ' 1204'),
	(169, 87, 12, ' CHINACLA ', ' 1205'),
	(170, 87, 12, ' GUAJIQUIRO ', ' 1206'),
	(171, 87, 12, ' LAUTERIQUE ', ' 1207'),
	(172, 87, 12, ' MARCALA ', ' 1208'),
	(173, 87, 12, ' MERCEDES DE ORIENTE ', ' 1209'),
	(174, 87, 12, ' OPATORO ', ' 1210'),
	(175, 87, 12, ' SAN ANTONIO DEL NORTE ', ' 1211'),
	(176, 87, 12, ' SAN JOSÉ ', ' 1212'),
	(177, 87, 12, ' SAN JUAN ', ' 1213'),
	(178, 87, 12, ' SAN PEDRO DE TUTULE ', ' 1214'),
	(179, 87, 12, ' SANTA ANA ', ' 1215'),
	(180, 87, 12, ' SANTA ELENA ', ' 1216'),
	(181, 87, 12, ' SANTA MARÍA ', ' 1217'),
	(182, 87, 12, ' SANTIAGO PURINGLA ', ' 1218'),
	(183, 87, 12, ' YARULA ', ' 1219'),
	(184, 87, 13, ' *GRACIAS ', ' 1301'),
	(185, 87, 13, ' BELÉN ', ' 1302'),
	(186, 87, 13, ' CANDELARIA ', ' 1303'),
	(187, 87, 13, ' COLOLACA ', ' 1304'),
	(188, 87, 13, ' ERANDIQUE ', ' 1305'),
	(189, 87, 13, ' GUALCINSE ', ' 1306'),
	(190, 87, 13, ' GUARITA ', ' 1307'),
	(191, 87, 13, ' LA CAMPA ', ' 1308'),
	(192, 87, 13, ' LA IGUALA ', ' 1309'),
	(193, 87, 13, ' LAS FLORES ', ' 1310'),
	(194, 87, 13, ' LA UNIÓN ', ' 1311'),
	(195, 87, 13, ' LA VIRTUD ', ' 1312'),
	(196, 87, 13, ' LEPAERA ', ' 1313'),
	(197, 87, 13, ' MAPULACA ', ' 1314'),
	(198, 87, 13, ' PIRAERA ', ' 1315'),
	(199, 87, 13, ' SAN ANDRÉS ', ' 1316'),
	(200, 87, 13, ' SAN FRANCISCO ', ' 1317'),
	(201, 87, 13, ' SAN JUAN GUARITA ', ' 1318'),
	(202, 87, 13, ' SAN MANUEL COLOHETE ', ' 1319'),
	(203, 87, 13, ' SAN RAFAEL ', ' 1320'),
	(204, 87, 13, ' SAN SEBASTIÁN ', ' 1321'),
	(205, 87, 13, ' SANTA CRUZ ', ' 1322'),
	(206, 87, 13, ' TALGUA ', ' 1323'),
	(207, 87, 13, ' TAMBLA ', ' 1324'),
	(208, 87, 13, ' TOMALÁ ', ' 1325'),
	(209, 87, 13, ' VALLADOLID ', ' 1326'),
	(210, 87, 13, ' VIRGINIA ', ' 1327'),
	(211, 87, 13, ' SAN MARCOS DE CAIQUÍN ', ' 1328'),
	(212, 87, 14, ' *NUEVA OCOTEPEQUE ', ' 1401'),
	(213, 87, 14, ' BELÉN GUALCHO ', ' 1402'),
	(214, 87, 14, ' CONCEPCIÓN ', ' 1403'),
	(215, 87, 14, ' DOLORES MERENDÓN ', ' 1404'),
	(216, 87, 14, ' FRATERNIDAD ', ' 1405'),
	(217, 87, 14, ' LA ENCARNACIÓN ', ' 1406'),
	(218, 87, 14, ' LA LABOR ', ' 1407'),
	(219, 87, 14, ' LUCERNA ', ' 1408'),
	(220, 87, 14, ' MERCEDES ', ' 1409'),
	(221, 87, 14, ' SAN FERNANDO ', ' 1410'),
	(222, 87, 14, ' SAN FRANCISCO DEL VALLE ', ' 1411'),
	(223, 87, 14, ' SAN JORGE ', ' 1412'),
	(224, 87, 14, ' SAN MARCOS ', ' 1413'),
	(225, 87, 14, ' SANTA FÉ ', ' 1414'),
	(226, 87, 14, ' SENSENTI ', ' 1415'),
	(227, 87, 14, ' SINUAPA ', ' 1416'),
	(228, 87, 15, ' *JUTICALPA ', ' 1501'),
	(229, 87, 15, ' CAMPAMENTO ', ' 1502'),
	(230, 87, 15, ' CATACAMAS ', ' 1503'),
	(231, 87, 15, ' CONCORDIA ', ' 1504'),
	(232, 87, 15, ' DULCE NOMBRE DE CULMÍ ', ' 1505'),
	(233, 87, 15, ' EL ROSARIO ', ' 1506'),
	(234, 87, 15, ' ESQUIPULAS DEL NORTE ', ' 1507'),
	(235, 87, 15, ' GUALACO ', ' 1508'),
	(236, 87, 15, ' GUARIZAMA ', ' 1509'),
	(237, 87, 15, ' GUATA ', ' 1510'),
	(238, 87, 15, ' GUAYAPE ', ' 1511'),
	(239, 87, 15, ' JANO ', ' 1512'),
	(240, 87, 15, ' LA UNIÓN ', ' 1513'),
	(241, 87, 15, ' MANGULILE ', ' 1514'),
	(242, 87, 15, ' MANTO ', ' 1515'),
	(243, 87, 15, ' SALAMÁ ', ' 1516'),
	(244, 87, 15, ' SAN ESTEBAN ', ' 1517'),
	(245, 87, 15, ' SAN FRANCISCO DE BECERRA ', ' 1518'),
	(246, 87, 15, ' SAN FRANCISCO DE LA PAZ ', ' 1519'),
	(247, 87, 15, ' SANTA MARÍA DEL REAL ', ' 1520'),
	(248, 87, 15, ' SILCA ', ' 1521'),
	(249, 87, 15, ' YOCÓN ', ' 1522'),
	(250, 87, 15, ' PATUCA ', ' 1523'),
	(251, 87, 16, ' *SANTA BÁRBARA ', ' 1601'),
	(252, 87, 16, ' ARADA ', ' 1602'),
	(253, 87, 16, ' ATIMA ', ' 1603'),
	(254, 87, 16, ' AZACUALPA ', ' 1604'),
	(255, 87, 16, ' CEGUACA ', ' 1605'),
	(256, 87, 16, ' COLINAS ', ' 1606'),
	(257, 87, 16, ' CONCEPCIÓN DEL NORTE ', ' 1607'),
	(258, 87, 16, ' CONCEPCIÓN DEL SUR ', ' 1608'),
	(259, 87, 16, ' CHINDA ', ' 1609'),
	(260, 87, 16, ' EL NÍSPERO ', ' 1610'),
	(261, 87, 16, ' GUALALA ', ' 1611'),
	(262, 87, 16, ' ILAMA ', ' 1612'),
	(263, 87, 16, ' MACUELIZO ', ' 1613'),
	(264, 87, 16, ' NARANJITO ', ' 1614'),
	(265, 87, 16, ' NUEVA CELILAC ', ' 1615'),
	(266, 87, 16, ' PETOA ', ' 1616'),
	(267, 87, 16, ' PROTECCIÓN ', ' 1617'),
	(268, 87, 16, ' QUIMISTÁN ', ' 1618'),
	(269, 87, 16, ' SAN FRANCISCO DE OJUERA ', ' 1619'),
	(270, 87, 16, ' SAN LUIS ', ' 1620'),
	(271, 87, 16, ' SAN MARCOS ', ' 1621'),
	(272, 87, 16, ' SAN NICOLÁS ', ' 1622'),
	(273, 87, 16, ' SAN PEDRO ZACAPA ', ' 1623'),
	(274, 87, 16, ' SANTA RITA ', ' 1624'),
	(275, 87, 16, ' SAN VICENTE CENTENARIO ', ' 1625'),
	(276, 87, 16, ' TRINIDAD ', ' 1626'),
	(277, 87, 16, ' LAS VEGAS ', ' 1627'),
	(278, 87, 16, ' NUEVA FRONTERA ', ' 1628'),
	(279, 87, 17, ' *NACAOME ', ' 1701'),
	(280, 87, 17, ' ALIANZA ', ' 1702'),
	(281, 87, 17, ' AMAPALA ', ' 1703'),
	(282, 87, 17, ' ARAMECINA ', ' 1704'),
	(283, 87, 17, ' CARIDAD ', ' 1705'),
	(284, 87, 17, ' GOASCORÁN ', ' 1706'),
	(285, 87, 17, ' LANGUE ', ' 1707'),
	(286, 87, 17, ' SAN FRANCISCO DE CORAY ', ' 1708'),
	(287, 87, 17, ' SAN LORENZO ', ' 1709'),
	(288, 87, 18, ' *YORO ', ' 1801'),
	(289, 87, 18, ' ARENAL ', ' 1802'),
	(290, 87, 18, ' EL NEGRITO ', ' 1803'),
	(291, 87, 18, ' EL PROGRESO ', ' 1804'),
	(292, 87, 18, ' JOCÓN ', ' 1805'),
	(293, 87, 18, ' MORAZÁN ', ' 1806'),
	(294, 87, 18, ' OLANCHITO ', ' 1807'),
	(295, 87, 18, ' SANTA RITA ', ' 1808'),
	(296, 87, 18, ' SULACO ', ' 1809'),
	(297, 87, 18, ' VICTORIA ', ' 1810'),
	(298, 87, 18, ' YORITO ', ' 1811');
/*!40000 ALTER TABLE `tmunicipios` ENABLE KEYS */;

-- Volcando estructura para tabla planilla.emp_cta_bco
DROP TABLE IF EXISTS `emp_cta_bco`;
CREATE TABLE IF NOT EXISTS `emp_cta_bco` (
  `id` int(11) NOT NULL AUTO_INCREMENT,
  `id_empleado` int(11) DEFAULT '-1',
  `id_bco` int(11) NOT NULL,
  `id_moneda` int(11) NOT NULL,
  `nro_cuenta` varchar(20) NOT NULL,
  `sn_activa` tinyint(4) NOT NULL DEFAULT '-1',
  PRIMARY KEY (`id`),
  UNIQUE KEY `id_bco_nro_cuenta` (`id_bco`,`nro_cuenta`),
  KEY `FKk5ex8f8628i1yc9ls5dy6ft71` (`id_moneda`),
  CONSTRAINT `FKhlcj8gi34xxfn8lof16xm05xp` FOREIGN KEY (`id_bco`) REFERENCES `tbanco` (`id`),
  CONSTRAINT `FKk5ex8f8628i1yc9ls5dy6ft71` FOREIGN KEY (`id_moneda`) REFERENCES `tmoneda` (`id`),
  CONSTRAINT `fk_bco` FOREIGN KEY (`id_bco`) REFERENCES `tbanco` (`id`) ON DELETE NO ACTION ON UPDATE NO ACTION,
  CONSTRAINT `fk_moneda` FOREIGN KEY (`id_moneda`) REFERENCES `tmoneda` (`id`) ON DELETE NO ACTION ON UPDATE NO ACTION
) ENGINE=InnoDB AUTO_INCREMENT=134 DEFAULT CHARSET=latin1;

-- Volcando datos para la tabla planilla.emp_cta_bco: ~132 rows (aproximadamente)
DELETE FROM `emp_cta_bco`;
/*!40000 ALTER TABLE `emp_cta_bco` DISABLE KEYS */;
INSERT INTO `emp_cta_bco` (`id`, `id_empleado`, `id_bco`, `id_moneda`, `nro_cuenta`, `sn_activa`) VALUES
	(1, 1, 1, 1, '12345678901', -1),
	(3, 2, 1, 1, '12345678902', -1),
	(4, 3, 1, 1, '12345678903', -1),
	(5, 9, 1, 1, '213180039991', -1),
	(6, 10, 1, 1, '213000222423', -1),
	(7, 11, 1, 1, '213260066138', -1),
	(8, 12, 1, 1, '213270022320', -1),
	(9, 13, 1, 1, '213180039851', -1),
	(10, 14, 1, 1, '213060094715', -1),
	(11, 15, 1, 1, '213080090405', -1),
	(12, 16, 1, 1, '213210016374', -1),
	(13, 17, 1, 1, '213180035996', -1),
	(14, 18, 1, 1, '213270015889', -1),
	(15, 19, 1, 1, '213260064402', -1),
	(16, 20, 1, 1, '213080087790', -1),
	(17, 21, 1, 1, '213180050855', -1),
	(18, 22, 1, 1, '213180039495', -1),
	(19, 23, 1, 1, '213310000445', -1),
	(20, 24, 1, 1, '213180039517', -1),
	(21, 25, 1, 1, '213180024021', -1),
	(22, 26, 1, 1, '213180025460', -1),
	(23, 27, 1, 1, '213060087522', -1),
	(24, 28, 1, 1, '213060086682', -1),
	(25, 29, 1, 1, '213180019249', -1),
	(26, 30, 1, 1, '213180027373', -1),
	(27, 31, 1, 1, '213090087598', -1),
	(28, 32, 1, 1, '213260055489', -1),
	(29, 33, 1, 1, '213270015900', -1),
	(30, 34, 1, 1, '213270032872', -1),
	(31, 35, 1, 1, '213180039789', -1),
	(32, 36, 1, 1, '213090081000', -1),
	(33, 37, 1, 1, '213180048621', -1),
	(34, 38, 1, 1, '213090077835', -1),
	(35, 39, 1, 1, '213080080159', -1),
	(36, 40, 1, 1, '213180046483', -1),
	(37, 41, 1, 1, '213260060431', -1),
	(38, 42, 1, 1, '213000210476', -1),
	(39, 43, 1, 1, '213030063501', -1),
	(40, 44, 1, 1, '213180051118', -1),
	(41, 45, 1, 1, '213180042895', -1),
	(42, 46, 1, 1, '213090087660', -1),
	(43, 47, 1, 1, '213180035538', -1),
	(44, 48, 1, 1, '213060084728', -1),
	(45, 49, 1, 1, '213090081018', -1),
	(46, 50, 1, 1, '213400097014', -1),
	(47, 51, 1, 1, '213090086850', -1),
	(48, 52, 1, 1, '213270032848', -1),
	(49, 53, 1, 1, '213060084736', -1),
	(50, 54, 1, 1, '213060080862', -1),
	(51, 55, 1, 1, '213180047439', -1),
	(52, 56, 1, 1, '213010125811', -1),
	(53, 57, 1, 1, '213180034558', -1),
	(54, 58, 1, 1, '213180042739', -1),
	(55, 59, 1, 1, '213030063986', -1),
	(56, 60, 1, 1, '213270015862', -1),
	(57, 61, 1, 1, '213090087873', -1),
	(58, 62, 1, 1, '213270011280', -1),
	(59, 63, 1, 1, '213270036410', -1),
	(60, 64, 1, 1, '213090071780', -1),
	(61, 65, 1, 1, '213180030919', -1),
	(62, 66, 1, 1, '213090087687', -1),
	(63, 67, 1, 1, '213180047790', -1),
	(64, 68, 1, 1, '213270033224', -1),
	(65, 69, 1, 1, '213180049954', -1),
	(66, 70, 1, 1, '213180042615', -1),
	(67, 71, 1, 1, '213060087492', -1),
	(68, 72, 1, 1, '213090087679', -1),
	(69, 73, 1, 1, '213180033233', -1),
	(70, 74, 1, 1, '213040096402', -1),
	(71, 75, 1, 1, '213270020602', -1),
	(72, 76, 1, 1, '213090089370', -1),
	(73, 77, 1, 1, '213020060364', -1),
	(74, 78, 1, 1, '213270015897', -1),
	(75, 79, 1, 1, '213180034140', -1),
	(76, 80, 1, 1, '213020066192', -1),
	(77, 81, 1, 1, '213120034527', -1),
	(78, 82, 1, 1, '213090088080', -1),
	(79, 83, 1, 1, '213180051967', -1),
	(80, 84, 1, 1, '213180051983', -1),
	(81, 85, 1, 1, '213260073118', -1),
	(82, 86, 1, 1, '213180054338', -1),
	(83, 87, 1, 1, '213090092044', -1),
	(84, 88, 1, 1, '213130001567', -1),
	(85, 89, 1, 1, '213270042207', -1),
	(86, 90, 1, 1, '213270042223', -1),
	(87, 91, 1, 1, '213090092079', -1),
	(88, 92, 1, 1, '213270042215', -1),
	(89, 93, 1, 1, '213270042231', -1),
	(90, 94, 1, 1, '213130001524', -1),
	(91, 95, 1, 1, '213010138891', -1),
	(92, 96, 1, 1, '213090083827', -1),
	(93, 97, 1, 1, '213110039712', -1),
	(94, 98, 1, 1, '213130001516', -1),
	(95, 99, 1, 1, '213180057779', -1),
	(96, 100, 1, 1, '213180057728', -1),
	(97, 101, 1, 1, '213010121972', -1),
	(98, 102, 1, 1, '213180057450', -1),
	(99, 103, 1, 1, '213090088098', -1),
	(100, 104, 1, 1, '213550013789', -1),
	(101, 105, 1, 1, '213090092184', -1),
	(102, 106, 1, 1, '213090092176', -1),
	(103, 107, 1, 1, '213270033232', -1),
	(104, 108, 1, 1, '213180030390', -1),
	(105, 109, 1, 1, '213020105589', -1),
	(106, 110, 1, 1, '213260075994', -1),
	(107, 111, 1, 1, '213060104052', -1),
	(108, 112, 1, 1, '213220023870', -1),
	(109, 113, 1, 1, '213010140179', -1),
	(110, 114, 1, 1, '213090071063', -1),
	(111, 115, 1, 1, '213180061377', -1),
	(112, 116, 1, 1, '213260079329', -1),
	(113, 117, 1, 1, '213220007343', -1),
	(114, 118, 1, 1, '219030002579', -1),
	(115, 119, 1, 1, '213090097585', -1),
	(116, 120, 1, 1, '213180019273', -1),
	(117, 121, 1, 1, '213120048307', -1),
	(118, 122, 1, 1, '213180068428', -1),
	(119, 123, 1, 1, '213090051208', -1),
	(120, 124, 1, 1, '213180072140', -1),
	(121, 125, 1, 1, '213270006154', -1),
	(122, 126, 1, 1, '213270056690', -1),
	(123, 127, 1, 1, '213180071283', -1),
	(124, 128, 1, 1, '213270055490', -1),
	(125, 129, 1, 1, '213180053374', -1),
	(126, 130, 1, 1, '213110048460', -1),
	(127, 131, 1, 1, '213180025435', -1),
	(128, 132, 1, 1, '213270038501', -1),
	(129, 133, 1, 1, '213060083160', -1),
	(130, 134, 1, 1, '213270062151', -1),
	(131, 135, 1, 1, '213120042732', -1),
	(132, 136, 1, 1, '213180079527', -1),
	(133, 137, 1, 1, '213010153220', -1);
/*!40000 ALTER TABLE `emp_cta_bco` ENABLE KEYS */;

-- Volcando estructura para tabla planilla.emp_mae
DROP TABLE IF EXISTS `emp_mae`;
CREATE TABLE IF NOT EXISTS `emp_mae` (
  `id` int(11) NOT NULL AUTO_INCREMENT,
  `cod_empleado` varchar(20) NOT NULL DEFAULT '0',
  `primer_apellido` varchar(50) NOT NULL DEFAULT '0',
  `segundo_apellido` varchar(50) DEFAULT '0',
  `nombres` varchar(80) NOT NULL DEFAULT '0',
  `nro_identidad` varchar(20) NOT NULL,
  `fecha_nac` datetime NOT NULL,
  `lugar_nacimiento` varchar(60) DEFAULT NULL,
  `sexo` char(1) NOT NULL,
  `sueldo_bruto` decimal(16,2) NOT NULL,
  `fec_alta` datetime NOT NULL,
  `fec_baja` datetime DEFAULT NULL,
  `creado_por` varchar(20) NOT NULL,
  `modificado_por` varchar(20) DEFAULT NULL,
  `fec_modificado` datetime DEFAULT NULL,
  `id_estado_civil` int(11) NOT NULL,
  `id_tipo_empleado` int(11) NOT NULL,
  `id_tipo_doc` int(11) NOT NULL,
  `id_pais` int(11) NOT NULL,
  `id_depto_pais` int(11) NOT NULL,
  `id_municipio` int(11) NOT NULL,
  `id_cargo` int(11) NOT NULL,
  `id_profesion` int(11) NOT NULL,
  `id_depto_emp` int(11) NOT NULL,
  `id_cta_bco` int(11) DEFAULT NULL,
  `foto` blob,
  `tel1` varchar(20) NOT NULL,
  `tel2` varchar(20) DEFAULT NULL,
  `correo1` varchar(20) NOT NULL,
  `correo2` varchar(20) DEFAULT NULL,
  PRIMARY KEY (`id`),
  UNIQUE KEY `nro_identidad` (`nro_identidad`),
  KEY `fk_tpais_id_pais_emp` (`id_pais`),
  KEY `fk_tdepto_pais_id` (`id_depto_pais`),
  KEY `fk_tmunicipio_id_depto_id_pais` (`id_municipio`),
  KEY `fk_tcargo_id` (`id_cargo`),
  KEY `fk_tprofesion_id` (`id_profesion`),
  KEY `fk_tdepto_emp_id` (`id_depto_emp`),
  KEY `FK3iev5airhb615x2ap49h3l32e` (`id_cta_bco`),
  KEY `FKs3ea0j8q0ouc030iq8817farv` (`id_estado_civil`),
  KEY `FKf7v5js7mf7c95pglh2hmnh4p` (`id_tipo_doc`),
  KEY `FKngn1ure3uxn3v3gggkwih87jb` (`id_tipo_empleado`),
  CONSTRAINT `FK2a8epxby34tis9q3pcp8id4v3` FOREIGN KEY (`id_pais`) REFERENCES `tpais` (`id`),
  CONSTRAINT `FK2mq7jttwrdr4hwaa3et4b72jh` FOREIGN KEY (`id_depto_emp`) REFERENCES `tdepto_emp` (`id`),
  CONSTRAINT `FK3iev5airhb615x2ap49h3l32e` FOREIGN KEY (`id_cta_bco`) REFERENCES `emp_cta_bco` (`id`),
  CONSTRAINT `FK5vneiar616aahlrs6bxwc0xbp` FOREIGN KEY (`id_municipio`) REFERENCES `tmunicipios` (`id`),
  CONSTRAINT `FK8qhvc2586obb4rikfla38i4a3` FOREIGN KEY (`id_depto_pais`) REFERENCES `tdepto_pais` (`id`) ON DELETE NO ACTION ON UPDATE NO ACTION,
  CONSTRAINT `FKar691sead3y4bfl3kxksx6qtf` FOREIGN KEY (`id_cargo`) REFERENCES `tcargo` (`id`),
  CONSTRAINT `FKcml3qtw44fi2v5ev15tjl8wp` FOREIGN KEY (`id_profesion`) REFERENCES `tprofesion` (`id`),
  CONSTRAINT `FKf7v5js7mf7c95pglh2hmnh4p` FOREIGN KEY (`id_tipo_doc`) REFERENCES `ttipo_documento` (`id`),
  CONSTRAINT `FKngn1ure3uxn3v3gggkwih87jb` FOREIGN KEY (`id_tipo_empleado`) REFERENCES `ttipo_empleado` (`id`),
  CONSTRAINT `FKs3ea0j8q0ouc030iq8817farv` FOREIGN KEY (`id_estado_civil`) REFERENCES `testado_civil` (`id`),
  CONSTRAINT `fk_emp_cta_bco` FOREIGN KEY (`id_cta_bco`) REFERENCES `emp_cta_bco` (`id`) ON DELETE NO ACTION ON UPDATE NO ACTION,
  CONSTRAINT `fk_tcargo_id` FOREIGN KEY (`id_cargo`) REFERENCES `tcargo` (`id`) ON DELETE NO ACTION ON UPDATE NO ACTION,
  CONSTRAINT `fk_tdepto_emp_id` FOREIGN KEY (`id_depto_emp`) REFERENCES `tdepto_emp` (`id`) ON DELETE NO ACTION ON UPDATE NO ACTION,
  CONSTRAINT `fk_tdepto_pais_id` FOREIGN KEY (`id_depto_pais`) REFERENCES `tdepto_pais` (`id`) ON DELETE NO ACTION ON UPDATE NO ACTION,
  CONSTRAINT `fk_testado_civil` FOREIGN KEY (`id_estado_civil`) REFERENCES `testado_civil` (`id`) ON DELETE NO ACTION ON UPDATE NO ACTION,
  CONSTRAINT `fk_tipo_doc_empleado` FOREIGN KEY (`id_tipo_doc`) REFERENCES `ttipo_documento` (`id`) ON DELETE NO ACTION ON UPDATE NO ACTION,
  CONSTRAINT `fk_tipo_empleado` FOREIGN KEY (`id_tipo_empleado`) REFERENCES `ttipo_empleado` (`id`) ON DELETE NO ACTION ON UPDATE NO ACTION,
  CONSTRAINT `fk_tmunicipio_id_depto_id_pais` FOREIGN KEY (`id_municipio`) REFERENCES `tmunicipios` (`id`) ON DELETE NO ACTION ON UPDATE NO ACTION,
  CONSTRAINT `fk_tpais` FOREIGN KEY (`id_pais`) REFERENCES `tpais` (`id`) ON DELETE NO ACTION ON UPDATE NO ACTION,
  CONSTRAINT `fk_tprofesion_id` FOREIGN KEY (`id_profesion`) REFERENCES `tprofesion` (`id`) ON DELETE NO ACTION ON UPDATE NO ACTION
) ENGINE=InnoDB AUTO_INCREMENT=138 DEFAULT CHARSET=latin1;

-- Volcando datos para la tabla planilla.emp_mae: ~136 rows (aproximadamente)
DELETE FROM `emp_mae`;
/*!40000 ALTER TABLE `emp_mae` DISABLE KEYS */;
INSERT INTO `emp_mae` (`id`, `cod_empleado`, `primer_apellido`, `segundo_apellido`, `nombres`, `nro_identidad`, `fecha_nac`, `lugar_nacimiento`, `sexo`, `sueldo_bruto`, `fec_alta`, `fec_baja`, `creado_por`, `modificado_por`, `fec_modificado`, `id_estado_civil`, `id_tipo_empleado`, `id_tipo_doc`, `id_pais`, `id_depto_pais`, `id_municipio`, `id_cargo`, `id_profesion`, `id_depto_emp`, `id_cta_bco`, `foto`, `tel1`, `tel2`, `correo1`, `correo2`) VALUES
	(1, '14', 'TOZER', '.', 'ADIEN WILSON', '12345678900', '1897-04-21 00:00:00', 'TEGUCIGALPA', 'M', 1500.00, '2014-10-01 00:00:00', '2018-08-26 15:33:09', 'ARFLORES', 'arflores', '2019-08-05 07:23:35', 2, 1, 1, 87, 7, 95, 26, 81, 7, 1, _binary 0xFFD8FFE000104A46494600010100000100010000FFDB00840009060712131215121213151515151715181816181515151516151715181815151715181D2820181A251B151521312125292B2E2E2E181F3338332D37282D2E2B010A0A0A0E0D0E1B1010182D261D202D2D2D2B2D2B2D2D2D2D2D2D2D2D2D2D2D2D2D2D2D2D2D2D2D2D2D2D2D2D2D2D2D2D2D2D2D2D2D2D2D2D2D2D2D2D2D2D2D2DFFC000110800E100E103012200021101031101FFC4001C0000010501010100000000000000000000000103040506020708FFC400421000010303020305060306030705000000010002110304211231054151062261718113324291A1B107C1F014235272D1F134B2E1163362A2C2C3E21524355373FFC400190100030101010000000000000000000000000203010405FFC40023110101010100030002020203000000000000011102032131124132517191134243FFDA000C03010002110311003F00C8A108567A5A10842068421081A1084200421080108420684213CCB579C86E3AE00398E6806509D36CE9D24411B824088DF574F54F50B1D4635B47CFF5FDD66C6A2215A378536407548DFE1E9D0AEC70591DD2491BF4F082B3F28DCAA842915AC9ED31A49F100A65D4C8DC10B58E50842D60421081A1084206842108010842004210B49A10842068421081A10842068421081A1084AC69240009279206A570BB5352A409C02E30276CAD5DFD9771AFA7221B90318D86DCB752FB3FC32434968044B4E9100881D3C5A775A0BAB13A20EC441FC943AEFDB2F93F1B8C6FFE9F3977C40692793872F22D2991C38BA69EC5BDE6CE711B794185B0A96523F94C81E907E8543B8B5EF35CD067207C964E9B3CBACB1A66011D307788494EA39B8131F457CFB4DE044111E4707EFF0045C8E1ED6BA20F51E6B74FFF0024566871CC9CFCD57DCD2CE67CE61692B5A0DC6FF20A056A1D265129A752B315EDCE4E7D47E6A290AEAEACCEED19F38F98E6ABDC310EC42ACACB35150BB7B47232B829881084219A10842068421081A48442444AD2696110911281A584424942069611091081A584424944A069616A3B1FC15EFA8DA9120EC3F881DE7C3AACFD8DB97BC0891CF236F52BDC7B2FC2FD9516C8CC47586F213CFCD4FC9D67A675D7E31DD1E1AD60C6F232A455A00B63C94E2D4D546A839F556FB61C8722A13EDA3F2F4572F6A62AB1663546EA039F3FCCCA8D714B9AB4B9628170164FA6955D54A835A9F3072A6DC380D940755FAAAC8B708950FAAAABFB10E38C1FA2B99130546AF4E53C5B5997532D30E1B7EB1D54EA3661ED3D3FCA53B7B6C4C1E7C89E63C5336F77A750DA7A796C53315AFA64120EE1730A45C3B5343BE2060F88E47F5E0A32789DF458442494B2866884244206842109F0BA10842306842108C1A108420684213F6701CD2448918C64F4CF240D6FBB13C1595343B49819D4E03511BE07269F9AF516854BD98B4D2C0E3B9027D47E431E8AFC35715BB51EFADA6CA65E13EF4C1585324269CC4F3D705E210657DD53F055379495F5C3A1545CEC86C515DD3C42A9AF87639FE8ABEBBC4FC953DCB006131CCFF654E56E2A039C75275AC32A2FB4CC9129695733D213ABA72E6DF0E11DE6C63A82711E5F6549796F2750C4E0CED3D0F4FEDD55CDCDCC899CB633392DFEA08506A5CB48CF75DFF2BC444E7F5C96C2A050B17BA5A1A67388FA42824460F25ACE1CFD3198076F0F4CFDD51F1FA01B59D0643B33E69B9BECBD2B90842A174210840D08489504D0848840D2A122540D0848840D2A7EC4B454697180082713B7251D2A06BE89E00FD5458E0235341F9AB5593FC39AEE75A30BC4721E40000FC96ACAE3CC4BAFA6EA1511C54B7330A2D4F24A2187C94DE988521AB97350641B933E4ABEE1C36856D595257DD0D42E21CFE6A8AF2AF748EBE0ADAFAACC854D59B015398A7280C6C150E9543A9C39E489DA148B9A867A282FB9D2200C9C4F45553506E2E3BD8C03F9FEBE8BBB5697F70F2C8497343BA1DE3E904488E9907E69AA521CD237FD7E49BF45DF6D0585BB9A1A4C920E79E39139C7D571DA8B07102B0074ECED881E22360BAB4BD7E0899076F2C11E2A6F11BF73A8120365A27220384C111B1293DCA2B1684928564F4A848840D0842169021084008421002108400842101EC1F84B765F6CF61F81F8DE60B42DF0CAF23FC21BE0DAB56913978040FE599FB85EB54DCB93B99D5675F5DB945AC1482544BA7C048C86DA5735C812A155B8964F4C7F455D5B89F272C3626DC56C2ADA8D192481D150F1EED48A72D665C718EAB1575C4EA39DFBCAAE23F85A44F9176C3EAA9CF8AD6B7974C6918327C1573AAB44FD8EEA82C78A801C5B427FE273AA54779CEA0D9F4516EB89BB5E76F01063CA552717E1E58977F54027E8AB1F99852EFA9B4BF403AB48241077830441F748CE0F450E9D230204731E69E1B5228513558183DE0797C500F2FD6EB9A76AFA4F02AB4B099D3AB076C1D3BC602EA8BDEDF88B41CF74E9FB22B5B99A8FD5983E7BF33D76CA1969CB4AAE71A6DA6E24B9F0E74446449033D47C95C715E354E910C61973772331E6799597E1F786992474C798D8AEB865AFB6AA1AE300925C79C738F145E7FB2FE493C5EE9B586BD2D151A7BC5A0343DA7990304CF3F1552B6F4B83DBB1C5A41D0E113CC48899F5FB2C6DD512C7B9873A5C44F58312B78B2FA8CA6908427284210B49A10842068421081A10842068421081A9FC0F89BADEB36AB77183E4775F40595FB1D49B5750D2E6833C97CEB6B48BDED60DDC401D2498CAF58E0141A688A2D738B584B413E665D030279745CFE693E9E7B8B4E27DAB734C329E24F79CF63079CB8855779DA8AAE6C35B45C7A36E2913F290A8FB5D6B429BE235D5224372F7478F45897DDBC91A4C1248D2067C3CF9FC9673E39D4D6FA8F47ECFF684BAAFB2ACD2C2EC41C107E1C1DD75DA5B86329B9D2490ED30DCB81F10361E2B196949EE6E9ACC71D2E6B5B8CC39DDE609E477F9AF48FD89ACB56C0805A1C07407AF8A5EA4E6CAD796F10BC0412D92F7F764B482D03DE03C5D2DCF4047355B6F6CE79868E80F41E6B49C6E89A8FD6D1B6010482DCEE2374B6D64E04408DA7619E64C2BCEB2333DAA6E786D6A6E2C6CB860EA0481F781EAA0D5A8E1DD243BEB1E457A3F14E041D4F5358DD406E64858DA9C0DE0E65C79C0C2CE7B9459FD2B2D6A1191BFBB9E8EFEC55BD52D669048D97438496C970918E5F25D55B763A9C10354EFE1E016DAD9E9557159CE3DD06014AEBF96BC1DCE00E50464FCD7556935AC239F5CFC957109A494B6D80056BD9AB62FAE23E104A856B51A03A79823E9FD56A7F0EEB303AA8746C1D27A6442CEEE4AC9F56DC4E97EEDBD49D3F31FE8B01C45E4D5713B939F380BD078B5C82E007BB4C1793CA48EE85E6F51F249EA49F9A5F11BABE888424554F421084C4D094244A021B0AB95D2E4AC6D084216974210840D58F03BDF65503A1B0601D4D0E86922489D8C735EB9D9DB276754833BCCC199C72D8AF15615ECFD8DBD1568B2AB4E43432A379873446AF2204AE6F3CFDABCDF4E59D9A7BAF2ADC5401C25A19320C068EF08D971C5F82B29B5CEA74DA0B8E61AD04FAEF2B604CB411D141ABC3CBFDE38E8A1F956EB1FC3B85BDD0E30007320748705A9E374E28803F8405662D1AD6800447DFAA678AB46845BA375E65528961220E92AD386B81C3B3E2727D4A6F8B88D955DADCB99DE1EB3B2B67E514FD366D64B60106792817B66D00CC29363774EA341D891CB9A4BCA0DEA4C78A8CF548CADEDC082CE9F55594281C9E4B4552DE987496E5317AF01840004ABCA662F8B61CA0382B3E2D1CB7E7E7FD1573762AD3E2749469EA735B312409F330B65756ADA34BD8D0064C7B4A844133E3F92C8D87FBD67F303F2C85B275F31CF6C9E8748C973BE100733297B1C621F68EBFB2A2288DDD1267271CD6454FE3972F7D67FB405AE6B8B4B4EED20C107C5404FC73909D75B421084C5D221085A5D0BB6AE13A165372485C3938426CA20E8884216974210840D282B59F87DC6BF67B96827B95218EE993DD77A1FB95924FDBBB297BE7661B9E9F481F0C2EFD550762F8CFED36ED2E3FBC6435FD491B3BD47E6AFAA3D79F667A50DDC54E5D480A1F15B86B40D471CFC93571707588DC9023CF0B1BDBFE1F7AE682CF744EAD2FE4363982B79E76E3507B55C5E932430CCEC313F4596671DEEB9AE061C21535471272493E2BAB7A0E7B83180B9C4C0039AEDE7C72425F25FD3D33B39702A5A532305A349EB2DC7D44297FB59220E08EAA2F04B3FD9EDDACDCEEE3FF11DFF00A25BB3F10E4B9AC9B56E7E7B31795E1565DDCC8C052AE1BA86AFD7A2AB6B6438731FD30A9236A8F88549247C941253F7DEF9519BBABC8E7BD116E3B0A594DE1F0D2EC00E39778C12B1B5801A473C93E676FB2B4E1D7A69B09D9C0777C4BB03EF297B9B1BC592FB4FEDAF0870AAFBAA7DEA751CE73A3E171399F03D56557A5F05BC0E60610088820E411E2B35DAAECD1A3356902691DC6E69FF00E3F64BC77FF5A3BE7F71994210AC9E84210989A56A79A134C52DACC6C93A539F86DED4CBC29458A3D6088DBF0D21084E968421081A13B49369FA74CEE97A372F40FC2EBBD35DF4C9F7D98F3699FB172F48ACEDD78BF67AE8D1AD4EA7F0B84F96CEFA12BD89EE969833231E4B8BCD33AD5F9F88BC3DBAEA93C99F73B29DC49A0B0C989C12ABEDEA8A749EE38EF1FB05457FDA7B7788F681C5A41D0C97BF50E5014E736FC6B3979D9EA14FBCF83ADF55BCB98C1CF29FBAEEDA851A01AE6B33800E0E661D9DC72F451AFAFABD67922CAABA3DD2F6B81190768C64055F71C2AFAAF7EACB01D84FE4D5D525CF759B3F512EEF8CBDAEA864E9C40300CF35DF0CE34CA8C2D713AA620F450E876600EF55797786D3F9AB6A5C269968D2D8032003027C517F1C34FCBED4FB6A60B0ACE547815B48F8811E5CD6A6D69686C6DE13B2C7DF1FFDD320FC5F7C2CE7ED6F554DC41B0E33D765C52A6307113F28E4A5F1B643CF9E4A84EA83401E67E7FD95A7C73DBECDD47C99485E7EB2B942A627AB1E1DC51F4DC0CE17A4708E22DAD4F306441076F92F2656BC178C3A89827BAA5E4F1ECF4AF1E4FD56FBFD9EB4FF00E962150FFB5ECE852A87E1DABBCFF6C4254885DAE3D3F40654E0142B753DA54EA92B92C50EBB61592AEBA39446EA2A12A454482109500AD0A5D15158A45B9CA4E94E7E2D28AF4DEC7F12F694034FBD4E1A7F97E13F2C7A2F35A21683B317FEC6B027DD7775DE4763E8543CBCEF2AF0DC716B72F6960C4952B8570EA74181AD68F131BFAA729004F92961B85C9BEB1454F10BC68271B8597BEE30E248D809D969EFB86B9E703D4E02ABADD9C6824B8FA009F8BCCFAD98A168754CC40F556D6F4440014A168C0232982E00C7EB09EDD6EA2714ADA4442C0711A9FBF6BBC418F5E6B55DA0BF001583BAB82F76A57F1728F97ACF47B89D7D750E54471492915E4C73DEB421085AC0842100210843021085A5D4AB65398D50ED0654E853AA95CE55F72A74285740EF060CC1E448DE0F848F9AC83510A44A522AA5A12A21086EBA6A976AD5118A75A049D1E5F4B3A0D5328A86C78024ECA255E264E1981D54F3569D491E95D9BE3EC1A6954780F186C9DC721E6B694DD2BE770493272BD0FB19DAE2D8A370EFE4793FF2B8FE6A1E4F0FEE367925AF42B87E912A81FC49A5FA491EBD52F17E28DD3EF6FE2B1171C6A9EA27565A54F8F1EABEA7D6B6EEBEF222166EFB880CE7AAA6E35DAE2FEEB06799E52B37737F51F32775D1C786FED3EBCDCCF895C6EFB5BA01C2AA42174C991C9D77B7421085ACD08421034210840D0842103421085A4D6F3B15D9AB5ACE9AB5CD482C05B4DAF6B439E61AD75478049DCC3462375535EDC55B9752B76E1D55EDA6D9F8751D324F2812495A9ECB5CD1B73696CDA5351F4DF74E7BDE65B50DBBCB1A03601EE8E7B03D72B21598FB6ADDD7B35B76753707B21CDC80EE634B88CF8AE79B7AABDF89DC4F838A745B59B59B55AE7BA99D2D701A9A249613EFB796A80A135A0D8DC176C2BDB68FE72CAC1F1E6DD33E43A2DBF0CE0C2A9B5B77B669D2B5755783B17D707489FE2D52473EEAC9F15E1CE65A53A25CC63C35D7755AF706BBBD0CA4C6B4EEFD1274EF9F99CDDB82FAF6A5E156D6AF0E37172EA3A4FBADA2EAAE788F848300EFBF86EB41C7295858BD949B6CEB8A869B1EE37154B7D997890C34A900D26209CF31BAA6EC7D8B6B5E516BFDC69352A74F674817BA7C0E98F55A9A9535875C1A65DFB534D57D431151D57DAD2B6B060232412C73A0E3449C010FDDF69F3EE313C4AFDB55C1C28D1A388D34839AD3E3A5CE7673BF92872BD1FD855FDDD8D46E8A0ED4EB9B816ECA2DA82930D47D2A258C1DC1ECCF7F2E71923020C7B9E296D49AFB8A76F4DC299B5B7A4D7532C617B5F56E2ABC35DDE021ED009C9C13BA277FA9059FDD6129A9B4084C57A8D7547B9A21AE738869330092409E71B257BA026BECCEEEEB971D2364DB5AB8B76F34E3D16097F67A96F3D13AD329A6086AEA83B2B3069DA8E71104923CCAAD76F1C95A89E8A157A32882A192B9571C3F831AB44D401D0D716B8804898989D955D7A7A5C4744F2CBE89D7364DA6D2A7EDACEA3F0C6971F004AEEE786D667BEC70F446C67E37351109522D6042108668421081A109EFD95FFC27E4951E9B94C21C30842D22E78BF1315EE5F5981CD69D1A41DDAD6B1AD03063E14D2AFA2E85318F4999E95DD5D5E7686E2A329B0D4D22906E9D0343A58218E73864B80C03C9676F6BBDEF2F7B9CF71397389738F99392A64F5502B8CACE6482DD893C23893A839EE027DA52AB488983A6A36090791060FA78A874DE4104120B48208304386411D0E06572854C4F520DF55F69ED4D5A86A4CEB2F717CF5D53292E2EEA3E4BEA3DFA9DA8EA739D2F88D464E4C627A26108C1AED857559CB962E9D9701E412FECFBE92A8361A1296494E10996BE16375D5674639272D408511C64C2B2B5A51C96534F675ACC28B5A9EE7900A780B9BDA4053384B2A979F4DC7E10E97DA5C537805BED720F47307F44953B0367FB58352A9D2E25C28F51D0BC6626146FC1A7F76E9A46269BBC07BFFD02B3ED15F56632A38BE98190C7FF0008FCCAE6EAF53C964AA71275C4D6A470EA345BA6953631BD1AD016778DD304191382A77626FDF568369D7787D568F7BF8D93DD3E6300FA2EFB62D6D2B5A8EE64068F3718FB4A94D9D65565C8F14BE82E30399299FD9646148ACC3A89522D28CAF4371C5F6A15AD86B4E3F843B91FA2BCB4A5A490A411296F7559E199ED8C75320911B6EA4F0CB5F69500231B9F20A65B006BD469E727E47FD55CD2A6183037F04DD7589F8FC5B7523BBD07C9228FA8A1471D7AC7A1085D6F31D3149A68424E8F3E1F76CA054E684220BF1C21084E40842101DD2DC2EE97BE3CD084A6FE935CA373421298B4BDF1E6AE024425E94E0FB573C47DC28425FDAB7F8D69BF08BFDDDE7F2B3FEE25ABFF00C6FAFF00D650851EBF9DFF0030FE3FE1FED75D95FF00114FC9DFE5537F133FC2B7FF00D1BFE5725429FF00E914EDE495D4AB1DBD12A1755F8E5E7F92C798F2FC914F7F54A848E967687F8B3E6EFB2D055D9A9509FBFA8F87E5FF002E50842555FFD9, '9646-0479', '9795-0010', 'arfloreshn@gmail.com', 'afloreshn@yahoo.com'),
	(2, '15', 'LLOYD', 'JONES', 'DAVID MARTIN', '12345678901', '1899-12-20 00:00:00', NULL, 'M', 2000.00, '2014-10-01 00:00:00', NULL, 'arflores', 'arflores', NULL, 2, 1, 1, 87, 8, 113, 2, 4, 5, 1, _binary 0xFFD8FFE000104A46494600010100000100010000FFDB0084000906071312121212121215121510101515151510100F0F1510101715161615151515181D2820181A251B151521312125292B2E2E2E171F3338332D37282D2E2B010A0A0A0E0D0E171010172D1D1D1D2D2D2B2B2D2B2B2D2D2B2D2B2B2B2D2D2B2B2D2D2B2B2B2D2B2B2D2B2D2B2D2D2B2D2B2D2D2B2B2D3737372D2D2D2D2D2D2DFFC0001108011300B703012200021101031101FFC4001C0000010501010100000000000000000000040001020305060708FFC4003A1000010302030603050704030101000000010002031121041231050641516171132281324291A1B107235272C1D1F0146282E1243392F108FFC400190100030101010000000000000000000000000102030405FFC4002411010100020300020202030100000000000001021103213112410422425132338113FFDA000C03010002110311003F00F14AA7CCAB492D2345993664C990AD2C6C893CD5569D3D0D1F32935CAB4E11A1A5AD726CCA21325A2D245C9665121269A234349DD317262E4C8D0D261E53E72AB013A3434BBC451F11575491A2D2C0F483CAAC2769A25A1A599CA7CEABCC9D034987FF0034494332640D204A5548A629A8C924926649109248049D324809249240244707F9AA8A9B5AAEFE85E684349074A2370064911261DCDD78735535B5B0D51B08029EA98B5241E8E12AA60920924C4A412411298505208A2A791250AA49045CA2A6055351334524E914CCC9249C9403276B5380B4B634199EDB71F87A29CAEA6C4EDA9B1B74E499B99C0B452C4AD6C16E9C45D424BA9AE5F285A936D0A3444D3A0B9FD119B2C9205389F5F55E7737E465BE9DDC3F8F3DAB701BA986D0C2D343C41754AE8B0BBAB86A0A42DF85115B3B09EB65B987601E8B399E57DAE9F8633C8C19B7330D2369932D7A02B8DDE3FB3B11B5D23184D38C44D69D41E2BD758D0A7902DB1CEC659F1635F2FED5D8CE679C5DB4B9A508235A8E0B1DCC235145F466F3EE932506489A1AFBD40F664143C382F0CDE5D9CE864CAE69005A86BE5E955D5C7CBBEAB8B938FE2C44A8A5E8996CC4A89249208949AA2A54F9FD500C4274C9240CA49109C2611A25452A2450368109A8A4427A2367B3342DED8ED2CF371E1D02C502E02D7C24B6A2C79AF5D36E29DB5A292A4F55D3EC69AE2D4A8B9AD97298415ADD745B36500004568BCAE5E9E8E0F44D992500A7AF35B9050E9AD1723B19CD78F29A3DA071B1E8BAAC34D932E71406D5EAAB8EED79C17AE9A01AF5444186AD2FC100D97CC470AFF0AD6C33C58557463ADB1E4B6445F865CA6FA6E3458B697532BDCD3423F1015155D8C8E294A6ADEC411D0D56B8EA573E56D8F9136B601D0CAF8DF6730D3440AEE3ED730422DA53802CFA3C13C6B75C4AEAC6B92A292904884D08909D252A20D072748EA9D30453D13E552CA915468910A6027A202AA27A2B32A3F0386B17E50FBD287453965319B5E185CAE996DB9B2D4C3594717876D4398295D5BC8AB228C86D565C994B1D1C787C6B6766479AB6A934A2EB305B19D404F96D6A8AE6E41719B33125A45E86B65DC6C8C462A46D2392290EB95EE198760B833C376EDD92FF004D3D991D0E5755AF69AB48B66039F35DB35ED92201F43FA15E67B476BCAC004D1F87237D9737D92BA9D91B45D24514834228E1D4715186B1BA7449328DC60F38000A01D4D96DC0F06F45C86131A5ADABFCAE2683ADD6E6CEC7466CE7827A1D16D86536CF970E9B24D5338A4D6DAA345539D948A95AC9DB96F6F13FB72C37FCC6BEBED46DB6B716AAF2E217B2FDB6358F731D4350C14CBA57AAF1E2175E1E3873F50012A6AA544A8AD0AC84F752A27A202174CA442480B0852014A8A61A90520296553CAA61A8A15062E83648FBB68E4E27E14FDD63B42DAD9D68ABC039C0F3A1A5173FE47F8BA7F17FCD97B424FBC7506BC7A22F67459FCA87C71AC9D80F5466C5932C80ACB3BFA74E9C67EF521B289739A6D4BD06ABA3D83B84D948959882D23835D95C0D3985A50E05B316C9196E76D8B49D42D8C0E661BC6076A5FD78AE6C7F2329EBA3FF00295CBEF2E1B15145E1CCE12B738C8FAD5C3954AEDF7036797619B7B6AB93DEADA5E239B1FC00F92EF773C96C03A3404637E5969A7C6CC2B0B7B314229B2BAB958D02A01B92B3365EF0ECF7B8B1CF7C3203ED3C39AD27BAF42DB30078638804122B51500ACE1BA7867667782DAC8087116CC3D34558714F95DA2E76E334DBD9B8C19034BB30A0A117A8E06AA3B5670D6D49D1636C2D9AEC39101356349F0DD73467061ECB77696CF1336EE0DCB5B9E079AD30B6FF00C63C924F3EDE25F695B533C8180D83454F10FE4B80A2EB3ED07613B0B8815944E26617B5EDB5AB420F62B962355DD86B4F373F7B5607D53153CBF5512D548454A89009D324004E9CA740101AA5955A1AA618A6D350D0AC112B5B1ABD9123602089686CD900CCD3A1A53BA8F8480C762DADAB41ABBA7BA7A959E58FCE69A71E5F1CB65883E679EAB5365C36CC792C08A4B1AEB55D7ECB8734600E0D5CDF91FA631DDC37776D3DDC692EADC73F8DA8BA2DA7B41B030B9DCB4E65676C98446CCC6D415EEB0B6DCEE95D98E87D9078379AE19DD777D32FFA874B3B5DA6775AFA2F6BDDE84883303A0A539AF096C0F8DED7341780EAD06A17AC6ECED4C43E1AB60738DA82A180FC5755D4CA59FD26656CD3B6D97888E56BA33A8F29075047D14E1C1BE37650FAB3857DA1D17192E3E4C3E3AB2372F8AC69A0351980A1BAEE619FC5603D12C32F9757E99F2E171FDA7956CEC14ECA888B5C1CC75EC4907924E040D754DE0B63324CF34023ABBA305CAA9DDEA31BD4EEBC1FED418198D30B3D8822635A3966198FCCAE3CB56CEF1E38E27133CE6DE34AE701C99A347C0059658BB709A9A79FC97795AA6899CAF23A5141CD5A335144F95585A910992A0D4949C12406A32356B225449B46268D7311C020E4DB8EBE5601C89B9096AAA469CAE6B055E69FAA199B622D0D47A2C2966738D5C493D5569FC4F4DDDA1B55A0523352ED4F2566C8D959E17CA6E5C0E5E2B9E0BBEDC8787E1DCDE31BC8FF00175C7EA967D4E8E7AE38B683FC82EDB769A1C5A3F945CDED8C178524919E3E66F6375A9BA18BCA5B53D3D5727E4CDE1B76F065DBB9DBF016C4C0DE3734E4382E4DB8C713789E6FF84E9D1743B6369F88E8D8DF658DA13F89DC54E07D082345E6FCA4F63BFD5BBBD361AE1E3239C2D9DA5B7F55E81B0F1D1865039A687DDA2C1D9CF63A81CD6BABAE603E4569BB77607D1F1930BB9C469F2D16D879D0CBE1A53BF5866BE264CDB989E3FF0026C56E6C0FFA99D960E3708F11CB039D9F3532BB424574239F55B9B11C23880269945EBC29AAAC2EF3DA33FF005E873D95786FA9ECB82FB5ADE9CAD381875701E3385ADF8161EF1EF7621F3BDD04AE8D82AD6E5E2DE6B8FC466712E712E73AE4B897127992575E18BCDE5E4FA663DAA92D47BE143B98B68E6A1F2A8B9888CAA972A949516A890ADA245AA807213AB08493D931D2522D4D454D0C9272D4D44020BA6DC2C6E4C418C9B4ADA7F90D3F55CCAB2094B1C1ED342D2083D422F61E9DBD3B1BC666667FD91DC7F70E2D2B81C262321A5C50F6A745EA9B27162785920F7DB53D1DC573BBCBBAD9C99611E6D5CDFC5D4755859F55A619682EC0DA41C68E35BF1EABBED9F8663B2E5A1B2F1E85E6375AD43706A3E3C8AEBF7777872B802EA539D97072F0EAEE3D0E2E59AD57ACECFD9ADE365A5161CB7AF2ECB96C1EF04668738BF22B5317BD30C719739F5A0B014ABBB04A59A565446D17D24693A161F520AC1DE6DB0047E0C750E70F391C1BC961E3B7C84BA34B482695E155CC377872CB9311EF1B3C77B57A2DB8786DBBAE6E7E79AD411240877C0B71D1022A2841D391EA879615D3AD38987242829635B9244829E04132DCC43BE35A1246879189CA40DCD5170451895458AE520EE17495853264C8CA9A89EAAC37EEB4FB1B52E6A815603CD3398854AAD2AA72D4D4494EBB71B78442EF064F62470CAEFC0E36BF42BD343015E0A17ADFD9CED438A8FC271AC908A1AFBECF74FE8A32C7672E94EF2EEB898678E81E35E01DDFAAE19D85731E5AF0411620D88FDD7B86D3741848FC5C43BA3183DA95DA650B9E8CC739326230CC707528054163350330D4AC72C6C8D70CA5AC0DDFDDEF198D7349249B5CD00EDCD69FDA9EC58F0180C3B00FF913C9573AA6A1807B23A2F52DC086030131C022731EE6D0BBC4706F0754E950BC8FFF00D09B433E3E28784100FF00D3CD7E83E68E2E1D5DD3E5E6DF51CC6167F2B1DF89A3AF4416F20CC18FEE0F7055FB38FDDB4744449851246EADC8F37A85D0E3DF686EE6D991A5ACA97349D0DFE0BAF6E3237BB2070CC454036A8E95D570BBBEDFBC35F7013D9198423101F138DDAE2637D7CCD770A1E495C553275B245440CF1A0B7736E979387C45A5612038DB352D43D56C4D1DCACEE3A5B1A48D092356C4F159674D1A98409CD54B822DEC43CA1542A12409293D2544C16AB9810E0AB5AE5A6CAC29189A37F05605091A9897E922137861344FE055D6415E94BA15A1BBDB524C24CC9E226AC3716F330FB4D23B2A0A70C40F93B3DF0C3CB888E3C732574C681DE6F75874A37DDA687B21F72778DE64F0A42083C742AFDC4DAC007E1A52323AAE6663A1F79BEBAAE5A49DACC5B9D1DDA24F2807AD0059DC7A6B864FA2770A5CB2CE09B786D75F8509FD1786FDAAE24CBB46794E8FA65FC82A07D17B16E2667487346692E188A8B8691C09EB55E3DF6A647F5CF6B746B1A2DDCA78F879DFD826CDF640FED088C03E8F734DABFAA1B664828D1D0258C258F0E1C55B0FB5F8483C33313AE52B23073E47870B5D6C6225AC6E3CC2C4483436EC7E20189659CDA0929CF8396D6EEEDCF169149EDE5F2BB83E9CFAAC2D973004C6EF664041F5D165B647452348B163BE84A2CDAE57A46242CD90AD18E71246D78F7857D5052C6B1B35553C0920B20270B4651640CE1285601724AC7B532AD969CE96A930AB24E7F1EEAB5A0DEE2F68A8F54C1AA113D592B4D2A9A74A48A1446ADAF54356AAD6DAC50762E0A79D519D2049F4E49A74BF4A1FF4878C5256FE7055C34A2D2D838012C82BAB6E95F158DEDEB3B03683A211B9AE20F4E5D4715E49BF721763A72783BFDFEABD3B04C0D68AFBA02F2EDF623FAC94F320FC967856F94E8D859285B6D1A07746E28834BEA2C7AAC985D4F0DDC2943E868B4DC03BD9D02D1CD7D50D96B1917B11EA8445CD1168A1E3742BC20077CD470E855DB71BE70EA7B6D07BF3F9A0F11ED2D2DA6DCD8789FF0085C59E845427153E9B1B998EAB5D113A7980E8B7260B81D893964AD703C7E2177F2DC579DD659C5B3E4414E8D910728510A8478494DE927A0E6E175C8E69DC1531BA847746CE34E47EAB62CBA0A6C8B8DD514E68691A9A27D103D8BB1ADAB89000D2C34161FB57D554C7D683AA2A415BA1266D08F4414EC43631DD5E1F6438E89B2129A44968E6B5F74DDFF200FC4C239548584D007147EC8C4F853C6F26C1E2BD8DBF64AF873AAF4D71A0BAF2BDE993362643D47C97A5E31E72DB4A7C9795E35F9A779E6F216587AE8CAF42B010E68BF213F056B312741603E8ADD8318FBC8CF077C952630D2E1C895B39EFA2F14ECCD61F42827B51034A70FD550F4935978AF6969EB8591BF84B5C3E856763C798765A3B33CD1C83FB0FC1369F51930BA8E07915E87859B3C4C7736D3E0BCE42ED777243E1115AD0FC14653A3A2E408298A2E7282956403C89D424724A89CC05A596ACEC6BFBACD6AD2C35DA470FE556832514A8B7FF0050EF1428C889A539154E223E2994BDAF81E0D90F8B175185D4288C5B3C95E47E4839D544587529354A31500F45517269BEAE0A0F7D7A2887ABB28205104F43D9D8AF1308C7F1F0AFF980A2F312EF393FDC7EABB4D858DCB859DA6C236977C780F55C591423D0FC567236B7A6C61896CB6F7D9F12354F8A6D0D7ADFBA40D0C6F3A0753D08FDD138D602481EF5C775A31A1587E47E4A0ED4AAD8F2A7734AF146833F1FA8EC8CD8C6C7ADBE483C7FB5E889D927EA10BFE2CD70B91D574FBAD36A398A2E6E71473BF31FAAD6DDD9807D1DA1B58DC254F2F1D2620EA8095C8FC5B684FC7BACF9B55890779BA65195C9264E75A51F8271A140342D0C0711D168AC9179A3FBFF000AB241D143134195C4540245344F13B30EC9A6F80DED45618E60414F88621A27657207A2F0EDB50F0242AE665D1663A8A8D2D5EFC0AA676510542D15D11B154972B21726421F89222735B6F132B4F606AB3E67F9BB53E48B93D93D2FEAB3CA4D31F1D031B9E234D5A2A3AD1387D434F40A5B15E2807F6AA5C321736BECBBFDFEA9C45578A1475781FAA9462AD52968E6F63509A176A9A59FB4350A5B3DD423AFFA51DA3AA8614DC24D3F8A18BF6DDDD13B3AD52A8C6B7CE7BA2616D0512195E9D0433173057DDB7A2A277AAF66CA082DAFB438F30AB95CB3CA6A94BD2995F74956F72480C9E28BC11BA0EA8AC39A798F0D15AB2138E655A7A50FCD0F809296E6889A40E69FCA56744FA14CA78D222F43C509898E851E0D403CB555621A0FA208F8192C474F92BE66542CF85F95CB52C74D47CC209933474D5571F446E21A850839FD2C6B89B1E36FD908E1434E4880E22F6201AD3B25B41A3355BA3C661EBC10AC47EC592DFCBA9CC6B2C83B1F92076649472B1F2E699C7F964151919D41E28591A4137FE70571A8544FA5796A9A02E2CD687A2861CDC2790D5A3A15080DC2173C138B67DE7C15A5CABC6BE8EAF4557F5079245AB46E1B13948394115BDAF444E388AD5BECB85476E4B2E09C0352DAFAD1696324696B32E97D79A54B5A08E724A25C9290CF444776D3921D4D869754D2891607A03F442231A7336DA8D3A8419099623B033D2C78D914F8F29B5FAAC989F42B6B052E6196DFBA1394053C5C79A2B0125E87F815AE84548E050D856D2423BA08462E0D47C3B2CA9E12DEDCC2DA95A4B3AB7E9CD02594B5102566853CD56D3F09F91458A69975E410EE65091CC1FDD0B950C31F30EE9D86927A9554668474215B2D9E7BD50763458FAD8A8B46A1381C5269B94D9339DC47555C66E15D8AD6AA98F54349E0BC6B6AE1D952F341644630D08EC85A552A52A787656E7823710CA061E75F455E12304806D5D3A94663A12630EFC068474E6952ACE714EAA72490505249254B5B86370AFDA2D01C08E22A7BA49249FB048ED98EB84924CF2F1B98A1640C63EF0A4926868B7EA0ACE9B82492095816AAAB14DB03C6E92491C662BB11ED7C132486AD169B0EC14E3D7D124938CAB3F13C550CD52492AB9E0EC7EA3B0542492481108B1ECBA0C28AB1D5E2C3F4492450E624B57BA749248DFFD9, '9999-9999', NULL, 'p@p.com', NULL),
	(3, '16', 'MODDY', '.', 'DIWGHT LYDMAN', '12345678902', '1837-05-02 00:00:00', NULL, 'M', 4000.00, '2014-10-01 00:00:00', NULL, 'arflores', 'arflores', NULL, 2, 1, 2, 87, 1, 1, 1, 5, 4, 1, _binary 0xFFD8FFE000104A46494600010101006000600000FFDB00430006040506050406060506070706080A100A0A09090A140E0F0C1017141818171416161A1D251F1A1B231C1616202C20232627292A29191F2D302D283025282928FFC0000B08014E00FA01011100FFC4001C0000000701010000000000000000000000000102030405060708FFC400431000020103030205020403050703030500010203000411051221314106132251617181071432912352A1154262B1C108162482D1E1F025337217359243537383A2FFDA0008010100003F00F4A51138A31428F71A2EB4286075A5606052874A142876CF18A20C0E4E46D1D4E7A528104F041A2DCBFCCBFBD1E78CE463EBD687F950A142850A142850A140D103EF47429AA4B5152968F20D0A19C524F24D297B52F3CE00C9A20738EA73D30339AA4F10F8B343F0E9D9ABEA304339195B753E64CDFF00F5AE4FDCF15CFF0054FC658958A68DA2BC841E26BC97CB19F98D727ED9AC86A3F8B7E2AB995845776766B8E16DAD15803F593766AAE5F1DF8AAE43BCBE21D4136E486475407FE555151A2F1A78AF713FEF2EA831C826407FCC54D8FF00147C676ACA3FB6DE75FE59ED2120FDF683FD6B43A67E356BB098FF00B4349D2EF539E622F6EDF63EAFF2ADAE8BF8C5E1BBF08350177A448739372A648B3FFCD7207FCC05740B5BBB7BCB54BAB2B886E6D5F959A1915D187B86048A9078CFC5150A1445B0686E14370A1B85177CD0C8079A3C83C51629BDC6889CD150C9FB518EB465B9E2889CD15384ED5CE78C673541E2AF16E93E198C0D4E467B990662B5846E95CF5C907851F2D8AE39E28FC48D7B597F2A097FB2ACDF8F22D89F3187F8A5EA7E42ED1CF53584D9B564F2F2BBB049EA5BEA691B3738E405CF3F34D3021F24FF004A6D8970339523A66968EC4950063B9CF414D322B92141C292012FD78A69410C33FA47F77DA965B71263C823F94E3353F40D5F52D06E96EB43D426B29C9CB08CFA187F897F4B7DC575FF0008FE3443218EDBC596C96AC30BF9DB452D167FC71E4B283EEA4FDABAF5A5CC1796915D5A4F14F6D28DD1CB1B06471EE08E0F4A741E714288F6A1C646689BB505EF4742850A62850A142850A2DC06E3B82ED1B8B138551EE4F615CBBC67F892BBDACBC3055DB3B64D448CFB822207A9E7F5D72E964F3649659879923B1324ACC59A43EEC49E4FCD47DC42A850878E0633C521DB6805228F27B6DA6F790A408E2C93CE57A524E48E1236F6F4D36F9C9C451E0600F4D378F5B0291F1D78EA294C5329B618F686DD9C1E9D2989903758D3239C6DED49CF9648548F07207A3DFE9445CED0AAABB48C1EDF6A2EEA4AA009FA703BD683C21E2BD63C2D7664D165C44ED99AD2405A197EAB9F49FF0012E0FBE6BBFF0081FC77A4F8AE3F26DBCCB6D4D0664B2971B80FE653C6F5F91CFB8EF5ADEA3DC50A1C0EB40F34318A1428138149DDF14D51E3E68A850E3B50A4C92C504524B7122450A29692476C2A28EA49ED5C47C7DE3C9B5F76D3F4CF360D1C30CB6E2B25C9F76FE54FF0F7AC41F56067009C74E944BF4C673C5242F75E78C534CA4487D4A476E79F9FEB4E8806E391919E0D1AA2F99DC95CF38E38A0F1A950AA8541E40F9CD36D6AC002597279FA51084BAED6E33DCF7A27B50F800B1CF6C530F0147CF4014E0FCD32D19C7A970339CFC5372211C10001C83F3F343CB53FA49C9E714BB79E5B7B9866B79648A58583C5223ED747F753D8D77AFC33FC454D759349D6CAC5AB9188A7036A5DE3E3FBAFF1D0F5AE9239191D28E851138A3ED9A2CD2589FB1A2A45137C75A3ED428513B0546662A154162CCD8000EA493D00EF5C5BF10FC5BFEF04A6CAC5F1A3C4D9F4E41B96078761FC80F45EE79AC3CD1F20025988E4E3AF39A6C236E507B7B539B1B77E9C9E869B68F62EF51904E3AF2688127A15D80E3A738A58562071E939079A58576C3018CA9EFDE9C48DA4C0DC09C8E47403EB4992DB2C0904E4F1CFC7269C8ED8852CC8723863D71F6A0B0EE50AB9001C823834C3DBBAB9242AF539C6491510C0719CF5FD5C678A69E2084823D5D7839C9EF4DBA64865FD38C74A229186C9563C75C51498F4B107218364673C7439F70707ED5DD7F093C76DAEC0348D625FFD5E14FE0CAFD6E907CF790639F71CF626BA4939C6DE9FBD18E944DDA8FB5160511068B8A6C67BD1F1454281FB7DEB9A7E287894317D134F919867FE2E4EC48E445F00756FA8AE6DE564104938036FEDC8CD34F1E39DAC482738ED481115C904E0807FAD39B19589C965CE31DE996809E83D27A67B1A42232805777C114E202C7AEEF964A37000FE26158FF78739FAFB5498ADEE9E24296D21523D2CC3008FAF4C5484B79DC1E1198751BB8AB58747D4E4837C761338C6E2101F639CFF00E7B557496B2EEC3C322923232879FA1A69E0238500B671CFB62ABA7889DC149DBB6A2989B2768CB7CD341087C8181F3D281DBB7A739E9EFF00F86A3795FE16CE39A55BF9D05C477104AD05C42E248DD3F546E0E430F9E9C57A2FF0DFC5C9E2AD21DAE591355B6C2DCC6380DED2A8ECADDC0E8D915AFA19C516450073474DD23766850A1F7C7C9AA1F19F880787B4A32C440BE9B31DBAB0C8047EA66F70B9FB922B892A962DBDBD4C3733BB6E6624E496F93DE91B59502A8E9C9F8EF4B6B72704E01C64E78C8A4FE558000900E7A67B52C4648E01058F714948F91951B7DF1FDEEF4CCEAA989032A107AE33F6C54DB3D22FEF2D965B7B692487901B006E3F1579E1CD2AF5BCE3268B235CC6C329349E5B6CFE643D09AB2BFF000B89249245892318E5B792547F899BD4CDEF8E0554DF6993456C23D32E218EE42EC52B30DCC71FDF05BA562F55F04DF48BE7DEEA881C392F994C7C118F51C919CF038ACAEA36BAAE90DFF0F71A8DAC4C3D2C972B296E7AFA4E07C715174BF1A6B3633B4778A9A8D96EC959D4A48074CA9EFF007ADB693AB596B7133E9CE44918DD35B3F1245F51EDF34B994A3658F46E807634CCA8243EEBD47FE7BD24479FD5D7042FD734C1857790BBB9E8471F5A1242BBF07765783CF3F5AB1F0EEB5278735BB5D4AC924F3E2C865DFC4A87F544474C11923D9B06BD27A26A96BACE936BA8E9F2F9969709BD18F518E0AB7F881C83F22A63631CD2471CD281CF414AEDCD3749E3DA8A85025514BBB0544CB331E8A00C926B86F8AB55935CD5E6BDC3F90BFC3B642788E21D323DCF27F6AA83165B920E06723BD3EA3F858CA9230781D79A0216E7D3BB9C724F14E889000DB7D07823BE69051F76D0CB9E3A524A1C1C0202B7718CD6A340D06DA10B71AA2896E080C96EDC2A8F73EE6B496B02DCDC120329C7087F481F4E957761670D9E485F53704FB8A72EECD2705F6C7B9795C8DD8FDEA8EFECAF01FE031E4E0A2B14C9FAD516ADA56A376375C5BE969186DC4C91BCC4FC60F07E82B9878F3C26912C2EF736D033801BCB83CB4CE7A60E428FB9C7BD72BD474DB8B631CD343FC30A15A555F4B1CE0631D7A66A25BDFCF653A4B612182E222712A1CE0E46791EFEC6BAA78575F4D7ECB2FB62D421C79B10206FFF001AFC7C55BBA6D277F71C76E2A2B4587560727AF4A38D181CEDE47B8A6A68B6C4EC0719F513EE6A18886E7E76FA71C01CE076ADFF00E127894E93AD369372F8D3B516F417E0433E0019F60FC03F201F7AEE6D80790476C11ED4468B9ED47CF7A18A6E850E7B0CD647F12754FCB6929A7C44F997B9327F8615EBFB9AE5EC32C719C9193CD27CA04927DA9E087CB00773C814EAC44AE4FA40F9CD03C73B4F1EFDE92531B8B76EE0E7FA5693C3DA0C6545E6A3B8B363CA88838FA93EFF00F5ABE934F95D1555D5B9076B0EA33EE79ABFB3B6F22208DCB77660013FB715240ED4ADB83C1C12289E24718914B0FF00E5C54696D623D10F3D7926B39E21F0F4B796F2A5B346BE61CB191031E9D060827F715C5F59FC2AD549B816E50B6E25190978A6CFF71D3AAE7DC8C7C8AC76B1E08D76CE0BB9E581ADA090233C114C6449C8182304654E39E720E3823BC11A36ADE1DBCB5D645BCC2DDA5FE03B205128039539FD3C74F9AEA7693457F6715DDBF314CBB813D41EE0FD29C5895DD4004E47183F1442DC6FE09079E09A8F711286DDB973C75E7350A489DA5918A83DC3E702A34B1125CED607B328C11DF8FA75CD7A1BF0E7C42DE22F0BC13DCB86BEB73F97BB1DCB81C3FF00CCB83F5C8ED5A56EBC501D69479145B4FBD35428C0DC71EFC75C63EB5C67C5BA8B6ADAEDDDC21C44ADE54239C045E07FA9AAB037E370E8053AB180BC8F7A5AAFD31F34B54DA3800367A0E944015639E48CF5A7B4DB73757F6D1A3140586E72BD17A9CD6F96E10DC2C51067443E98B9E3FC55636F1B34A19FD58EA4D4DA1DE8C1E724D289C74A4521F9229B2A371C75E45333431CA4EF5193D78CE7EA2B37E2CD221D5344BAD3992364743E5AC9CA893AA9C76C570AFC39964885F6953001E173220CE3FBC4363E2B6818742CCA15BAA8EA29D8A35E0A9E08FEF0CF5A6AE6D7682EDB5870318EF55D2C3C8DEBE9CFE8ED51A756790C881D82F739C0F615A9FC2AD58E95E288EDE50C6D35002D9C9070AFC943FF00E591F1BABBA1C8EBD7BF6A5633D38A3A14CD1554F8AAFBFB3F40B99509134A9E4C58FE66E33FB66B91BC4A02A619829EAA7AD3A22041CF1C8C7D29C5881E18A8FAF514A540AC0E3E296D1EE724F7E293E48755C955CF04B741EF571E1DD3DCC525CBC6EE926234653CE3A1FB56B34EB68E10300F9878249E7DB156518C6739E94B183D3342850A4BB851482FEF4D34B8CE14B11D71444E71EF54FA831087A920F15E79468F4EFC5ABBB752EAB2B9200C636B8E31F19ADD6093E5950241D462A52284201FEAB8A59407839C93502FA2DAC7695DFF0020E455718B391BC96E8AC38033CE7FD2A3396562A92F96F9383EDFF840AF427847581AF786EC751C7F1244DB30FE5917D2D9FBE0FDEAE8503D38A4EE34D9CF6A03E6B0FF0088775BEE6D2C41FF00DB433BE3B3370A3EC327EF58C51EB3904E7A01EF52634DE140078EB8ED4F3A0C631CF7C8A063E84FB8A4CAA031DC42E7A53B140186EE78E95A7D26013E976C8AE5401C8C11CE6B4240DE0E7A6051460B005BE69C550A3028FEB8FBD3515C452EEF2CF438C7CD3848EC73F63C536D82BC9C7348FBFF004A7163007A48C1F7A4C870A71C9EDC554EA0488F254E33D85701FC52B48E1F19E817B13EC7B8C44C738DCC1F1FEB5BB4E5DB7B174C9041EFC5249DA768233D47D2895B83BCE189A8B748D2CAEC0267AE40E4D479A00370C7ABAF155F2A1DA5587280038EA4E7AD741FC1AD4CC777A9E90EC4C72A8BB840FE61C483EA46D3F6AEAC0E68E9BA45181B9957F9B8AE5DE20B8179AADE4E4F0D21D99F61E91FD05575BAEE949500F7CD498A3CC454E0127926971C27AA6D6C1E700F4A5153BC0C77C538636F33084600EFEE288839C0E5FD8771DEB53A1A0FECEB705D41E72A4727DAA6DC9CAA2C670EDC8FDEA5C608403DA9478EB4CCCE4F084E48E36F5FA8F9AA8D56CADEE9DE0975296CEE02F2209809109EFB57F739E95CF753BED5B4E9DE7D1FC5A35A44DC24863BD569100F742327FD2ACFC15E2CBCD6E610CB22493F531B0DACA3BFDEB72AF32805A06EBFCD9A8BAC7882D34A859EE4E5C0C88D4FA9BE9591B8FC5AF0FC1214B88F5146006E09007DA09C66A2FF00F5634ABADED0E99AA3AED6D9B9502BE3BF3D2B9DFE21EAD6FACEB1E12BAB5B6DB0CD78362C9CECE4647D735D04467CD670AAB8F639A4CE18BEC118403FBC7B7C1A5244C222C3B763DA999154BBB30A66688E70A3D38CFD6AA2EE3C4A581E4F04D4DF0F5EFF00636B9A76A382A90CEBE615E3D0DE97CFD8E6BD0049538FEBEFF3F7E4FDE8649A18F8A6A9ABC9FF002B63733E798E2761F5C71FD6B97985B6E06724039FF43471425B2CD81D8007A63A0A5856E3B76C8A7E35600658BFD696AAA64EC19BAD386319F9F8E9421B6579624F50DEE10907900F7AD2D85D6933DD5D5869B7D6D35D69EDE5DCDBACC1A484FF008875A90B06DD85802CA0806A48271F2690D96CE3AD516AF69A95FC260B0992DC4C764D3B0DC563FEF6C1FCF8C8DDC119E3A565BC4FA5F8BB45F0A491F816DEDA0BE590E6CAC7098047EBDD20DD338239DC467391D2B19AFF0084FC75AC7876DA6D61E49B5079C16B6BBF248B68C019DD31C3EF249C053803DEB63F85DE12D4347325C6AB244679C0262640CD081C0F58FD59F8AE94B1809EF8F7AF367FB426A17B67E3668249E48ECDEDA292D94216019C1042E3A9CA9FA564346D6ACECAE1A1B9B7D41E65731C92DA3C1B924C85002B29DC7BEDC8C0EB57DAE789B4E960489AF2DAF20B81B5265B516B73048BD629D01DA33FCCBFB54BD0208F55F1078615D9A486D1A79541E380BC135D3D23677271B99BF56283A2152A100E77393D49FA52465622A7AF6A8D2A06393CAEEC9A65C1E0901539CFA791EC335597501DE4771CFC53661FE13839F58238F635DBFC25786FBC35A6DC49CC86108EDDCB27A4E7E781FBD5A9E7A50C1FFC14DD5578A65F2F4574CF333A47FD49FF004AC5441F3CEDEBD852C26EED818EF4B8A35079A5AA00F81D0D03083CFB1A52C64F229C819A3BB81B6B214756520E49391D29CF0DF85EDF4AF1078BEFD634F3EFEFD25491506E44F2949009FF001673575A66AB65AAF9ADA75DC3751C0ED0CAD1364A38EAAC3B1A9E1B9C1A7368F6CD0F2949CE003EF4CC8BC107381C54536825C65410063D401C0FBD4D86158A32A17007B714EE33B871589F1669867D563BC5C092288852541C8049C720F739AA1D53C37A4EA1A85BEAF258C316A7026C37D05BA96C918DE474DC07438C8AE61FFD3B87FB76492D6EAF2EEDD8F985A45C9DD9E5BDC935A8D0B495B3F17456B130FF0086B66908DB8201E2B643F82C412C3239C1EF445700B1EB9C134446E24E381DE9B683C94C0F51C673F34D5D463D39E5B15067857CA503D38247BD46F2B92BC11D33EE3BD744FC2D9C49A3DF5B1CFF0006E778FA32FF00D54D6D40E68E9907045677C68D98ED22040E5E43F6181FE759C846DDA7DA9D51FC339E7078A7163CA8C0A5471E3713D010697E5FAB8E8689541C8069B91B2AA72178E18F63F15A04C5F69322C6F83347B3777CE307FCAABFC17E1DB6F0D6932DAC1969656F366908C176F9ABC560C4E31D29E1479A23CF514DDC4A90C65CB01819C1A55B9DD1F984E4B0CD39C2B74C552789AE9ACADA09A3CB3FE611001DF3DBEB4DCB6105C47E742157780C00E9CF7A852584102C9B54333707B7F5AC643E8FC47D54328C9D363707BFEB391F4E2AF0ED924DF82AA3232DD05098293D0F033F0698446DB95CAC617D5BB8CE69623574DCCA4A8F6A6922198CE0E071CF5A29ADC18FD2700F249E31CF5AADBA1B4B040B82320E6B4DF86D2C916AF750B2858E6B50FD7BA30FF4635D181E9474D1000CF3593F17B6ED522562329081FB927FE954D182C3072C0F6F7A9054AC273C8EB8F6A7A24230C083C52D0B60E476A04854C9FF00BD200049EBF34DB9254818E091C8AB1F0F5C9577B6938562190E0727B815772E5536E3D5903E9CD42B49C48660A0968DCA1078E9DEAC148238E94740E1412403C7BD574E3F312833710A9F48FE761DAB9EFE2078CFC556BA95BDB782ADAC1EDC0669E5B984CAC76125B0BB8614282703D478E82A9C7E34DDD8E9E13C41E1C9D7513B5E292C0E609E3390B26D6F5A648C01C83D8D617C4DF8C57BAE5CD923D8C56BA74370B2B63779AC07EAC0FEF61589C7D3BD7A0BC31AA5A6AFA45ADDE9CD235ACAA3C9334450951C7B9E4F1532E600CAC4F191823A5731991A2FC5965CB6E7D2F2470780E6B4B82A9C86553D01C7EF461894DC07238E98A25C92370CFC1EF4E4401F431048EA47434691932291FABDFE2932265C29E8383F354F3440E4918EB8FDEAD7C1B214F14583904072F11CFF00897FED5D389E73F7A2DC688F4358CF1390FADCF92385403FFC41AAFB7CA1623A8E9520F01476CE79A5AF1FA38069E5C9001ED44CA320F7A43B046FA9E69239C9DBDB029901B21C1642083C7518EE2AEADE791AC24967767757CFD87BD2A0901666DC0B160A7F6AB189F820F6E29CDC3B554EBF752C1680451B3B39C31DC1446304E493F200FBD64E79EE6E2DD12CEF2485504A2291B27CE658C97DC7B61994703919AC6FE2078B6096F62B18D2089EDEF6E6DAE2E17D0083008D64C8EBCB751DB1ED553A75D6917B7377676FE72344B0486C1E2C4BFF00BC87D0A796ED8C6E007207355B7BE16D2AE2E755D6749934D8C6F9196DDC85B68D84D236D78CE437A4C48707867600965A77C23E28B7D1B5381B4CD324B5B1BA8FF3114724C4B82154CA922F618384C7EAF2F3DCE7BBDBEA305E5A092DA549A32176B44C5C1C8C8F560724107B561A0C4BF8957D2E235C58A2A80DBB72924939EC4118ABD99424A19BD5DF0071448ADC8CF1D48F9A70A3123E319A7548284155EE7D34976DBB976370A0FA7AFD29B9177264704E4F3EF8EF55D2EDC9723D3C63E3B7F9D2B4498C5AF58393C0B8404FF4AEAE7F530EC0E05150CF191584F11391AD5DE3F9947D828A6ED493BBF7A75BB0F8CD018594EDE9C52C862720D3AAA4AE73FBD20A866191C5280C74E94945666E09E38AB1D3635BCD32F3248467319DBD40C0AA7B59D61616B34FE7492CAC59B180AA1703EFC0AB2B7B9C4362652CF72D12F981B2072A093F5CD58472948B74AEB1FAF1927BFF00E7158AF14DD5BCF7335C1B942F02F9288E71106DAF2213CE1C02A32A39E47CE7926A1E2BBDBDF0E477D24C6CEF2CA656F2621BA5977654F20FE960CAC7B8CF4ACAD9F85EF350BE9AE2F6DEF6580B83F90665DF32C832A549E7058B38C6780A3B55BC7E1DD491F51D435113DBDC2C85ADEDE1658C65318CCAC32AB80146391B4F7C5662E7519ADDAF6CA5BB2E2E52281150111C50C6431257196C61768F7C9392699D7AFC5CDE5E5CD946F05B5AF95047E6632F1A28489300F0E429660BF538C5740F0678FE2D2EC21B6B9BCB89A4810C315C2CC248F62330038C8660B8C2919C56B3C232B27E20DFF9D02C7F98823492354651192A1C100E4EDEA0E380D904F4C6F255DF26072452A352C42B03CF734ADA011C673D7E94DA10723A7A727E70684D37F7B6F1827F7A6776C56661B949DDF407B5575C8404AB3600E095E79A806658B6BAB1DCB22B7231D083FE86BB548732311D09CD2680E3A561B5E23FB66F81FF00F73FD05336AC36824ED0C3814F29F5B11CFA68229DE9F1CD3910F5E3DC934A19DD4ACE413F149A89AD5CB59D83346199DCA8017B55B7824A0D265553965B872D939209038FE94E6B1A709EE6D992089D376640E0E0A8C838C746E7393DC0AAAB092582DAF6D24B4B999ADE4F2E39DB004D85508149EA4FABF6AAC5D7116E34D36B33CBA9DFAEC8ACE24F54ECA9B8CACA7F4842A79FEF6DE3AD665F51D45B4DB9F3B4A843DB95BD8E6B168DBCC562CCCE85895C85560E84E5812ABCE2B97EAF0E91E641268F601B48D4E58A7B78ACA3222B82A76B22F99D143E392030C6DC13835A6B8F0EE9B2DFDCA47004BDF3E597F256E4204558D0BA33076DA368C609CA642F2C46348BE1C114D7C9A2CBA821B7329856576941C22A4111DDC60C81B207AB1D2AA3C73E068755D2EFEEED64679ED2E0C2AD7571BD94367628C024AF9A100C03C16CFE9AE37ABF872F74ED42E20BD86D658AD64114F70E5033FAC292A012767042B91C83D7B0447ACC30EBD36A16C8D2469936E56155424B7A1DD154072093F39C76ADF7E1735BC3E30D2EDA29ECE3B9899E10CB265CC6DBD9D5B3EE4E48E993C57A08677E4397F4E7713927EB8A4AA1DD82718E3A52EE93605DA79F7AABF339200CF38FA50DDE820B2F5CD32CFE9619F4F4FB5555DA6490C5B713C91DBE6AB6FF00091B940490A4E4D7761CA29F7553FD050A07819F6AC3EBF101ADDF7BEE041F6F48A891283856C67DEA54630E0377EBF4A7027A739C1CF14A45C64E467B51819191CD2B040E41A897777158C8AB290647E4203CE2B3DAB486F487959D15780AA7A0A6749F111F0EDEC73DC395B1936A5C46067626787CFBA9E7E735D5DD527851918344C0346C1B2083CF07B8E8723DEB35AA692D05B1892FA748C10C1D8644601238EB8E64EBED9AE55E28FED7BAF15EB46DE736F359C66125532519B0249649720A308F94553D4F1C9E67685E1A42D762EAD5934949A165D3E489259E631AB0F31DBD64CA70AC3692A9181DCE6B357167737DAC4FFF00A5D847E219EE6488DB4CEF15B4C9396D93A4636F28A1CB8049E4139E95A3B78B4C825D4F50F0EC968F608E892DBE94AB09B7611B869235953734C002ECA79751D5B1C565AEB7A8CBFD9D0C16AC12EF6430DE4AED9923120F53EC012265DB8C6E0465739CE6A97C43E2FD5358D5ADB46F0EC9F971770C96F341042F35C609669232EC7F52F3FA70C36E7803356BA8786340B9D2F47FCC698D713BC6B6B34D33BABD88337F0EE4AFAB1B8BAB3648CC601000E6B9FCBE12B396E34B5FCF6A925EEA291C88D1DBA886DCC84E33B8ABB6E555705470370009149F07DBDFF87FC6896B3BFE5E4B3BA6B1960CA931B6EC0DB211B8839EE33B7E9C7A7623941B53CB4C65541E31F1CF4F6F8A5A866049C9C74A5CD871B4A8C81556D1E1DFD38F9A84C371900382072686C8C05224DC0751501D5A563838EA4E3A7D3E955F7B1E04814866DB8E3E6BB89E00046080063ED4540F43F4AC8F88A2235A98FF003AA7F97FDAA0C6B87C1E714FC4995DC734E6C27918C1F9C5566A3E20D2B4EDE26B9F31946E290AEF2074FDEB35A9FE23594506EB3B191CF4DD2E1554FC806A86E3C7B7F724A4412043CEE8867A70707BD4C9359613686CF2026F323713B8038F7F9C5584AFE6AAB0243701474E83FAD44BAFE2A723685CAA938C019C7EFF00F5ABDFC32F10B585DA787EF948B49096B19A439119279858FB127D3F22B75E2CD325D5340BBB7B411FE7910981D836D8DC75DC78C6467E0F19AE63AB1BB8A3B8B89A09628166B78A1B764405ED4E0C92AA6EFD7E59E51BDC15E40A5E877719D1B52D46E3CBBBD3A3BF95ACA76B70154491E5FC990636DB0CA2972010372E78A87E2B68AC754D0F548ACD239ADAE5A2965855638E02E9898BC84676A90D85032E006191D60EBB66BA7E8F05E41AA432DCDE92F6F0895BF8F6EEAE37A87391B9C2CA03FA7CC2C415DCD9A8B9BD5FEC1D3F4BD3750BE961D5BF2D0E9F6FA88F4BDC3AEF628158911C88E6200F475C96C0C8B2F0C9B8B8F18E97A8F882DEEA0BABE9F6C4C2E8791673223B13121FD31BA0195041243A7383526DE27F0E6ACB71A605D2F4A924549E3BD84A43791AA12C8C982E420595558744CA1DC06284DA56931D8DB25AC57B25BDF344F63A8F9D94864470C1D51C6F42037A55F0AAA580E18D5478D3C2D736BAFA6B5A147E6594CF1090CD3652693703E7424121949257048DA5491D735D8A100A031AAAAB0C9031EFDE9FDBB87A78C75A4F3B8E7AD3520C8200E7B557BC055B38C02694E03405648C7C1C7350DA0D90B90EC081D001C8AA0BC91E591001DF1FA71DC5772987F15FEB4DD027159EF10C59BF86403F5458FB827FEB54935DDBDAB7F1258D49EC5B9AABBAF14430B6D86DD8820FAA46E091ED597D6FC437574C44B2E2161E955E171EDEFC566AEEE62489CB2A239030A473B7A83F4CD64754BB112A65CB3B066DA13071ED8AAE875052434B26D0C58E13276F18C91ED5ABD33535D43C171DC5A3967D1EED77B6EC6E8C82E9C7D3703F38AD869DAB2EA9660BAC8AD90D8C6704F7CF6E38A6EE556262D346194100EE62001CF3FE62A15FD89BC8CAAB1DECA5D4AE72A4818E9EDC7F5A91A07E2C6ABE0EB84B5F142CBAD68C8DB7F331F373664F2B8271E747C1C03861CF27001E89A869DA1F8CFC3EBAB7872E61BFB591B3BE26204A57908E080CAD9DA0838201AE77AC37E7E03E16B969AD6C9ED986A97B6FB519AE200C482A7D2D13492754525C7002E055B69769FD9B77A7E89AB38D62DF4E95A0581EDDA42D2BC523DC0196007F08C623E9B15F0572C29CF14EA765FEF35ADA6A9696A23D3E058E2BDBE61148CEACFE5A3A200ACA76EE55385CCA991D2A9B5B974FDF0EA500B8F0F6B502CE0E984A7E58DCC31F9850A327F0C91700AB93B7240C018AC35A1F114561696D6D79169CEFB6D122BE96358C46232C10C782DBCB3B2B3285E668C64EEE37EBAF5BD8D9DCDADDD9CF7763F98B876D2E5F2C79B10221747DDBE4468B048D8DBF71607838AC8F8A7C5377677805BBEAB77A7B4B35E4B7D72C6E1EF6D7CC68D312205F428E4210A559BD5900D69BC05E25B64D24E9D25EC524DF988EE56EFCC611246DE9026C152A19A31B4A96C139C8079EAFA6DF417D0C732BC7E648A18AF9818AF518CE72DD0F3DF19EF52DD3613853CD36C70CA4823E2907D8F5C5477528199C960A370523A803247DFB7BD65E3F1458CB059F96B733DCDD189228A04DC0BC9B8852E3D3950A4B827D3DE9B9F5FF0036C24BF834EB992048C32CB23AC68CC5980083967E57686031F38A62C9353B9D6ECA0BAB682DED8DC32BA89448EC4B298F81C0C2B303EE6BB74873231F9A47DE907AFC5647F133509F4BD1AD6EE14DF1F9E6290E40C02B9EFF00435CA3FB704B33BAEE0640C873D54E33D7F6155B7531963DCACF120E8DBB3B4FB01DF9A1F9876904C55154A7084EEDDC739C74CFCF355FAD5DAC76EA18A7A532100E1C8F7F8E6B246ED6784AC323B44CCDBC93966C1F4927BF7E3B540BD52D70EF289C9DA62C8C2E1482723EB91FB54EFC38BD93F31E2549DBCEB67D31034200037F9C9B7A9C71EAFDE9FF000DEAD35A7E5D654976CA986423CBE54E4F27FA5742B2BE8EE61511AA10541525F1B79E9FD69D91D639897F2892A55FCC27072780083D6AA3C6D04179A35CA1C4E1B6ACDD07653EACF71DBDAB957843C55AC783B518EFB41BD9AD91E45966B77CECBA8C9C7AD4F0D91F7C9CD77FD1BC4C9E24D2AD6F7C4117FBBA934D71E7DCDB4C2486565873B09E591C610F1C138DA7774C843F891F969593CB37762837C770B75B06F4943AE57192186C42AC4960A01E9597D33C4D1DBF8667B369B7359C919B3922C2EE631CA0AAB01B98E4AFA4F18880E6AA62D592D9ED239FC9BB9207378ED7AEEA24BA78C24AAEECD938C16DFD72154EE01715B7135D6A62E2FEE268A45745966964951589DFFA463BF185CF42D9EB8C5E6B3E33B5D5CDC5CFF67DDDA5F4EB2896F60BA36ECE7789146CC328E020DE30C59727AE0D347A94D69A7FFC05F6D85A412DC453CADB2E5FD472E99C138C0C75624B1C9C6234BAF6A57571653C4F0450D98758B65BA44A770C12EA170C7048C904E02D45D3750BCB7BE1730EA372974B824C3290C7078551D00C01DB8AEABE12FC67D56C5962D6E1FCEDB29C9785D4C81463AF72715D9BC2BE2FD13C55087D22EC3C9B43346CC37AFD47EFD2B47E59C64005BB904102ABB575BF6B52DA7884CFE6C7CCB182026E05B1C8CB63A73C7C567A1D5FFE226B1D5A3B3B3BB82333EDCAF96AB2395455CF3231553BD8023D5B79233496D7B4DCBA8BF89DE30C3F82CAECB8E801EC18AE01E7E70314BF04EA761ACEBBA40B79963BA9025D3DABF0F10C1701BECBFF00FA19EA2BAC6064F229193F34759CFC45B5FCCF82F53201DF02ADCA9F6D8C09FE85ABCFFA97972E1E691997048D8C339F7FF21540DAC4B6D28826919E16EB81BB6FB29F6FFAD5ADBDEC52C3E6B901557D600C1C0F9AA5D7268E5B6372AC42BAB04DA7818C71F5F8ACFD818629E28AC4B22966CEF52AA481CE724F5E7F6A9D79128B576CA4AC070383BEA3F84162B1D23C4B7724D842B1DB063CE49CBB64F7C0C0CFB91509D920B1B3511480AA47FABD590464FDF9AD3F866F5C87872D14C0ED2A402EA474191C63906B5497045C24BE5E0C7B6464DB95E071B01EB9AA4D620FF79355B7D3D9E59102F9D76C1F0DE42E770DC31CB92A83EA7DAA8FC75A6CF3CA6E6C9D4C918CAC68BB83F3FA57E00E2B091B482C5D204260DC776E276B90470467920FF5A9B2EAEB059CB146CCEB7056431B1DBE44C8F90DC7EAC8DC31F23DA9BB0D46EEDE0BBB785F6C370BE54B16C056E10306546CF605579A6751785E67BA660F3CF207917F56495DCC47D1BD38F6A29DCA196E7C9892494BEE288A54A961B42AF4EA393DA8416A65FE2AA2C64B10CF29C83DCA93D49E7AFC53EB25BC46308BE731C7AE61B11063A823934D1949973200CAA71E9F4AE49E0E29171379B3382A8ACBD95B21BFE94BB2913CD0C421CE551D8676E78CFEFDE9DB69E4B4B959ACE59219A21E8997939C9CE47F5ADF69FF008A7E21B4B15459639A388ED12C8719FDBE9D31579A5FE326A09321BE8D49EE221B988231D0F15BDD13C43E1DF11CCF7135B4516A171B19D981DCC536E08E79FD2A327B7157B1C16960625B5B5B7814126368A30369CE783D7AF7AB9F0569E7FDE1BABC6652FE51D8A102AC08555422FC120B13D4935BA3D4F5FBD150A6EEA04BBB796D26198AE2368587C38DBFF9F5AF24DCCF3DBCD25A3102E2DD9A090840A432128C73DCE41FAE6A01897004EC721475C1FDC7BF354D772B5809D525DF14990CF9FD04F00D4DD36759FC2D8214C91139057386E3279E871D3159587CB9E62AC64285CA008C412C4657047D2B4C640AD144A12204310A833C7D7BF1DFE6A349341FD8DAA68A64FCBDCC9289A2F310A2C88500DB93FDECA9C9FAD357D692E239558228C44AE8C48FD230547F4CD5BF8613CB8E048E42770216529FFB9CE4803B0EFB8F356BE32D425B5B348AD4079E60B142B920B670303E493D4F4CE7B543D3C3695666D667326A123892F268C80AEE3808BEE14761D4E4D4F26092C7CC81C93E58897241C6700855E9C11F26B9BF8934E0852EADA466B62584901C964FF11FBF35589E5FE4C3CBFA98E41DA338C727EB9A75CC6CC510B921B3E8CB719E00F6E947F9531BC82492244241C100BB71D0638EBDE9C5F2D6E4BC01A351CEE70324E39E3A0FB52DD599E38E42300EFDCC060127814CC3E4A39646946EE09C6405C8CE3FAD48BF42647F376C8563DC3B7A71DEA04710728563DAB8C33B8CE71C714FC3E548D2090FF1882A919520647BD361A35257710C08C6D04F51DCFB71C54B891D4218A0124AADB81C905BA9E3ED4FED6B7FE1B439761903AECCF201F6A9B63A8DCDBCA278A411CABD140E01CF6F61F15DD3F0EBC529AFE9C229F78BB8BA82A3271D7835D73C1B11586F270320B2C6A7DF0371FEB5A3CE78A3C0A473DA8B049E6BCFDF8B9A525A78CAF163B740978A9781B9FD4C30D8FF00981FDEB9A5CDA2AC8E70CC791D718AADD422496D5D5402C18020F39F7AA4D3EE5AC6E248A4502DE6243316600F61C9E07DEA46956D240D344F1EE612038870C8501C8CB0E87DF1567135D0BE45C29441EA0ABCE36E780781CD53F88D44D089808DA75C9DDFA885EE083F3FF6AA9D3B51BB8237F524D19C06491CF1D31835A7D1FC476A9762394C8B285F565C2213D3049E78CE73C55AC73DC5D6A4DAACD0482E8C452CED8BE0A67F54BEAC73B72003C85249EA2ABE6958C91B35CAA4AA704161960A7B1F6FDC54EB2D456E1412771555601D7057764E463E9DA8AF628EE7CE890B03CA1070383EE7A5642F6C60B39592E2E178242A4396C7C127FD29F0C8D09FCA2ECDABBDCAFA49F4FF005E33F1CD579876C23CB25A408A42B80ABB08E01CF5FB5391DAB98A66F3A25D84823392401C70292E5FCADECAEAA5B90D920E4F51451C985DE4260B00ED82031F8C74EDD68FD6D2B798CAE1C00C402038EC07B7434DCDBA491C20711A65954B64000D2B7305690B33A614960F8607B8CF5C52CACA17747286DEA59760C96FAE3D87BD4CB689A4862FE3C69202C3CC6385518C1CFEE297B0AC670CCB2139438619E39DD9EBC73CD3F6D1610B2B968D797DE47A87C77EBCD58F863589F46D66DEE19C9712AEEEBEA07B123B57B3BC2DCF87EC65C63F309F9923FF009F23FA62ADC74A149A1935CF7F18ED1BFB0ED3538D431B2B80921039F2DC839FB301FD6B886A1243260B206DEC78E4007AE4FC565B536820663033070A4FA8F5E39C7DAB31AA87666DE4A839C83D0AE0F6EE68F489DDAEE30C1D5A521A28E338057D891DFBD6D633125ABCD39C22678CF6C6DCF1F5CD61DCF9B73330DEBBA225CB8C9C0272BC7049E0F1C0C5542C615388CC73AA0FEF8DA33FF7AD07856CA0B7DFAF6A8A935A59CAAB023807CF98723E36AF53EF8C55BE9714B34A757BA96696FEF637D8B264A44377270DFCC00E09FF003AABBCB08FF3ECC802A67739930BB89C67BE71F038A4D88820B993724D77210C3AED0BDC607700673F4AB75B9592DE2759E3762CEA2DC7A0FA40C373C0073D0FA8639A6F5348EE61540C88C7A1551C30079C1E8071C8ACAE5D081BDA428BE908BF5E39F7EB562F1F9A04655D7CC4F430F586ECD83FDD18079EC6A33AADBC901B7B67321C31913D4081C374EF939FA62A4588592D35433F99B16150187F75DA41C81FF29AAD3B82BC12A9DA84AB6DCE0E0820B63B63DA86C6842067385F529CFBF7A134B1AB2873B501FE2608E46738C75CFD2A4CAEEAEED08CA86F4BA10C879F9F7FF3A4BC02188248C373B6E90C4D8E3E48E9D706A6DA2B27F0E1B88D24C90D198B21875049F7F8A76312163096766C9CEF70739EC09E687E5F6B0628151CEC20B0C0C0C0FBF152749B09F55D4ECF4881FF00E2AFA78ED502038DCEDB41CFC7249E8315EEC86DE2B4B78ADAD86D82151146A3B2A80A07EC053CBD0D0A450A83AD6971EB3A3DF6993E445790B40C47F74B0E0FD8E0D791F597B9B63324F0917501923396DBEB53839FDAB15777124F2C9B9C2C98CAFA7391FE8335127B87740188370DEA67C83918EB505249A0952489844467F5FA47A8E739E8335B6F11EA2F67E1F863B7077347B78201E7009C9EB54BE18B792E22965F52AC7BA3400E768FE51F39E78AA0B88945CB08DC33BB1C79A083D783F43D735D1B56D2211AED8696638FFB2F4C8F72C446E12F1CB0C7562C7BD499BCB64C0C9214EDDC71B17A77ACBEA5166589062495E64DAAEBEA900E372AF538F6AA7591F85B7486E234620A8CE4600C927AFEDED4E09849740A48F9F303F972A13923AE0F400F2707DEA67E62010C26E97736D6231C8033C60FDBB540BE49ADEE9D26CABB2870C1C02323729C7B638FDE9AB390B4C771DD9E5B2A595B23B81C0FB526E252098A348D1437A806254607407AE3E3B53B1DC98F4F90A3B98CB85963420071C90589EC39A9773E4496B2B42FE53BAEF768DC102351C37EE718A81AC1846A2CB6A64554DB1904F00E0648CFFE1269BB79C9BA69E42CCC4AB072A32A464018E9EDFB5223F596570303BC2A47AC9E783FBF1C54C291A2796B23AA87F5CA48E9C114E46CB1C68CA72236F496E4939E3A706A72894C4C4C900119F42C9FAB9FEF669453118180C0BEECE727B7FDEBAD7FB37E86751F1D4DAABA06B6D1EDB72B6DEB3C99551F650E78FBF635E9B0B818038A50E050A450A0DC8C579DFF00DA034A834BF14C3A84B12C765AB46CE5D9B0A274C2B83F2CA51BECC6B885F41B5657B78E423712C0FA46476C1E7FD2A965043210DC72A1875000E87F7A6D61F302A45197F336C6037249E9C0FBFF004ABBF13DCFE6F51F2AD57CE82D808F006416E4647EC2B41A0C31E9DA12995C4AC434A561F564119080FBFCD646E6E996E268EDA25B689402563FD632BC876EBCFB76AD4787352B6D5218ACAF5D62BF81310B6EFF00DF4073FABB1CD5D5D26E2638230D20215A33FDD3FCCA7FBC727A5546AD308565B58D63FCCB2E0B3C443A1279273C8231DAB1F7AB123B32ABB80D832104EE191DC7D0544936996768A5688921410E7AE7A1AB2B5B98A0DE212A8724175518C03EC78E0E7A62933CB14D1AB18614C962CCABC96F727F6A8027620FE5C95DDC6D4EC29B94BC21FCB04A06F49238E4639A547298B1E536FDE72582F0D91C027F7A9B687CC1344C3D11C592CBD8775FBD16A53092FEE9C4E3CACA903CBF48DBD31F18A8AAA5A15624C6E49C92300FC0F9CE7AD2E391E18F8DA888701B765867A8FA9A7ED8B21FE105462EA318DC0AE3DBE86A7CD01403CBDCE1F041230013DFFA52E1C08FD2240AC0A833A0404FB83ED53643B1E4777882AE1B01B70C63279FB57AD3F047C327C33F87B60B71198EFF0050FF00D42E411860CE06C423B154080FC83EE6B7B9A14291438A048ED58CFC5AF0A8F19781EFF4D8628A4D462C5DD8EF50479E9D1493D038CA1F87AF18335C0C38430CEA4F988FC157C90C4E7A118C63AF14DCF6DB919E55300E034B31C29FAAF5CE7B629B80C167708F2AFE64290CAC80AAE47B8A29A6FCDDC9172AEE84E0207D8067B9C7F9D6C61918E910F9BB146D192A303E00FD81AC1EA0C26B8DA981EBE79EA7B9F9A76DADE6BA9E35B58A795A1230625C1CE7FCBAD6CF44D59EE5120D488B5D53242990EEDC08E0E0743DF1F7A8DAA493BC332981A316E499371F4F049DC09E4EECD67AE2394ED6C1B75572238F3FCC3A9F8EF50660439C30F48C9057209A72DE5113ABC0A1DC005A38D826D20E7D59EC68A25043049C473701FB00C3F49CFCFB5449ADCAC922AB2A9DC4850FCB10A09FB508A37C9C06215BD415B0714617CB76193B50A82CBC85FAD06B8736BC191158E4AC679183D7EF52A50A279DA40ABBD54292DC938F6FB5219A69E6851776E65F4C7B7966CF18A905CBC9BA5B75D80B46D9E3D79FF4A460231C90AA4800939C023927E07157767125D42B22059D501F4839E695083B364AB2230EAABD546477E87A56D7F09FC2B1F8BFC7161692C65B4B87FE32F723FF00D2423087E5DCA823BAEEAF61124B12E30CC727142852B14D5135150F8E7EDD6BCC5FED09E148B44F13A6B50DBA1D3B58660F201E88AEB00B20FF00E606F1DF86F6AE35A84A6497CD6DD7246E5041C64E3F567AFF005A8B123AC592C98CFE923AE7B9A5C3019A48000377F7B7363D3D093EF5B5BBF2FF002C028428A0FF007B8CF4007DAB0F7C90A4AE10AB0507D51AEEC64E707E40ABBF08C6B25FB04F34C6183A36300E3B8F73D6AFFC5105BEAD6CFB15619F0424C797C673807ED59887506D452DADB5143F9EB64610CA1F80C3A023BE7E6A1DE2B18A49A667599B97858FA81040FEBCD4208B209373ED68949F573923002FDC53693A3B95740EBB546DC639F6FAD5C69CB3DACB1C93451B9EBB25E4213C0E3BE38E29ABA811E394DCC6B15CC4701C0EA718E7E31D3DEAAE295976291B41F4BB03824F14F9BB5983417111671E8475181C1E78FF00CE956C0593E52581946D0C5CC5B98484636FC29C7EF55DA6E2051E7DBC5295578DD653C02CA31CF623DF9A651204B8646906C42A09DB9191DC734F9DCC11518B440E54FB1C72714BB62C12264F430E0BFF00A63DAAD3469C2BB3345CFA8173FA8FBFFE62A4EC8A239562AA32EC59B3D3AE7ED5EA9FC0AF088F0CF8396EEE206B7D4B572B77346F9DF1C78FE1C64FB804B11D99C8E805746A142978A67B51FED44FED8A4807B0CD52F8D3C3767E2AF0D5FE8FA89022B98F6ACA53718641FF00B72A8E3050E3EA063BD78935ED26F742D5AEF4DD56DDA0D42CE5FCB4EA14EDCF50C0F4DAC08607D8D404837A13129699B76F43D428F6F9345A5BAC77892C88165E0EE91F68518E9DEB4975789123794CDFA8280D800FA73927F7E9F1548F0C660794C4AA50FA990E09C8E413D714343BA682603CC2B9941DB1F1C7B03D8703F7AB459E56B42D772793B7032DCED07E9D4E6B2B72AB20999E40A172725F1BC67FCEA63C72EA0488D1E3BB0DB82B9199100E4673F7A84D0470C4AB33C792F9640B9753C6016FA9A3B8784484472398C019915F866C60F5A508BCCCC88CE0B615D1D8FACFBE7B7D6A47930B3C8B24F04A327F88CECE72070370E08E833EF51C43950198A5C1397CAE403C6319EBC9E692BBE381C966917041F2C850324F26AC24375716ED1C6D13C498C84C2E41E4E7DCD47B7857CF26E1E148CE4B617385CE3EE7814A8563FCD1FCC4EC63218EF455DCBED907BE71F634F5BAC5E46E9CB799C06C8C1E7AE28E28F73AAA0051C02D9E9C75FF004A9B046B10123CA8ECC085509CE7E7D8D755FC1EF05C7E2DF12A5D5EC5E668FA6B24D72197D334A30638BBF191B9BE383D6BD499258B31049EF42851E0E33DA939F9A4839A1493D6851939071D6B8F7FB41FE1E9F12E90BAFE8B007D774E8591E35E1AEAD792507BBA7247B8C8E78AF2C470CB390218D89917702A71BB83FF004A3B9B6F250315C2E14460F1BC6DC9C8FAD494B792E1E27660A8CA03484E029C71C7FD28ED9608676F3E593CB392FE512B96C600DE7FCA9994C2D72A236BAC1390AC32547F366A6BBAA59B2ADE4B725DBF8A8100624703D5EC39E3E6A8DD12165F30162CB8193EE4902933C643C52459DC23FF009BE450244C728F22C6C15063F9BB8A29230AF8292B16392C0600FF00163DA9C8E188BA4827CAEE38E3247500FF00DAADA0BB837912A89408CA206C0087A8C7DFDEABAED59D0132F9CA8321964C9CF523A54628C5D80408187200CE3B904F7352A0B64920F3176CAAB82ADED8CE6906D88855D9D54B36D55C6148FF004FA5075508260FBBCC058A018C30E9CFD39A70EE94E4AA6D3B8960C49CD4A88A889D5E421931B171C9CF5E6ADF42D26FB5ED560D334A80DC6A37B308D235F4AF5CB16C74500659BD857B3BC0DE1AB3F09F862C748B1CBAC00B493E31E7CAC32F27DCF03FC231D39AD00E7AD1ED0067FD28B83D68F1C7C51531428E851A839E68C6507F0C857CEE0CDD057987FDA07F0D9B4296EBC4FE1C84AE93201F9DB589702CE4639F3140CE22627240FD2DF0703889DE8888A41DA77361B3B7231C9F8A90B72E6D6552AA30474C9C63DBEA3149711AB909EA2D86C60E00CFB534DB01557490C6A7CB0564396E4727EC6A5E9B1EF726DEE32A1BDF040FA7BD4390F9D2235D12AEBFBA107FEF51E58A56763B531B83E7A8E41C8F7CD2E2641118F72A80782C0939FE518EFF00B53D02C788CB79CCC3F522F6E31924F23E946D2AC774CC4273FA553A39FD3FBE734B0EA0C62209248D9DA0F563FDECFCF149B62079BE6348840C8000395CE7DFF4E3AD3520F3A3945C13214E148F4ED38CE71DCE0E28A1CA4A6032793191B700F40475A90CAA93A8693CC8F71387CE3701C629CB6B69647054C713050F193C852327183F3C53B77209EE1E510476FB98B9452D8033D3A638E7F7A76DE025D0E3CDC9E1233EA3920050BDC927181D735EAAFC10FC3A3E10D2DB52D6632DE21BF8C090373F95849C8801EE7805FE70BC8193D4E3002E074068DBB528741458140FE9A4D3241DC4E0D0A00669400A143A74EB4DBC6AF198DA34914A942AC80A907A823B83D08F9AF2CFE32FE140F0A4D3EB3A1A4ADE1C964324912804E9EC78C3776889E15BA2F439EB5CAA216CAF9F3DD08018393C90471B876E879A28A18DD99D5A7FE2031876C15EBD3EA697F948BD004AD210849C8C0C7FE0A54D0C10C0EF23B44C70098D41E3151B51169303EA9D9DA308CC00E07BD0B19ED2CEFA3BE8DE62EA0E3720619DA41183C76A33F930AC7F353EE70188584375E474C63041A681B695CC9E75D3B83B5BFE1865B3F7A75D2D229818E49E40AC7D52C6171CE78FAF03ED43FE0FCAC9926494B166F47A15483839C74E69E68ECCAEF91E6DEB11014E32474278E307B77F7A6DADED9D725E524825566008C0C004629BF2ED1464CAEC3241D918DC33D3069C44B64776CB3C6AC2440474FA81D79A939859C302E7072479601CF5EFCD4B7440C1CC9310708A00C862DD02819F51ED804FC7B7A3BF05FF000A868020D7FC47093ABB2E6D6D1954FE4811FAC8E479A47D420E3939CF63E3B8E3D8741F4A303DBA51919A31D2851673C52691907A525BDE8A8A9CED4544CA47349641246D1BAA18DC156565C860460823B83EC6BCD7F8B7F82F71A699B56F0340F71604179F4C4C996DC139678475913DD3F529E9C70388C2FE60061725792769E3A77F9F8ED52ADC32A7A955199971FC4CE474C11F34DBABE18BA7A88276B3023E831DE98B8555697693CE39F9C74FE94D98E460C6389CA70366321739E7EF52EDE191CBC33A431F009DC30D191D38F9A6AEECFC920B46C803705141C823AFEF46EB29527F56E501415DA08EC7A7269622088C2591151B0B86DC4673D0E0628A01B439B39637C67777C027AFD38A5432A34403CD17908E72CA082ADD71F7C539BECFD3B6E0A8D8721067E8C69F91617398FF0032CACA016F2C607C8EF52ACEC65BCBCB6B3D3E0D42EAF263B618A0837C9211D876C81CF2700024F4AF4AFE107E135AF860C5ACEBA905D788B9318003C5659E709D9A4F793A6781C575B0073D393927B9343028E850A4B02718A2E949CD278ED44DD28A860D2FB5150E3BD0FA50E7239381C819E14FB81EF5CCBF12BF08748F17DC4BA85838D235C7CBBDCC49BA2B86E0FF001A318C9E3F5AE1B9E735E73F14782F5BF0CDE2DBEB9A63DA658086E1079D0CBDF746E3031FE13823DAAA1749BE1B11ADDD4AA72B80493F38A5C5A25EEE3E64529233E58207248FF4A5A786EF2219545F2D58F2F20E48E72467A73493A44E6152D2315CFE85318FD817047C7153A7D1E258A2114B74F22438C4B711C7B483DC0CE47CE734A1650299243A82444F0C04CCDF2395E9CF7A52476F14319FED45747C9DB24AFC7BE5B14DA4510208BDD2DD7605DC9E61039CE39A4C6D04C06752D2D70012BE4BB6DE319C01F1FD69DCDBC232FA9400AA8DCE96785C0E57AF415ABF03780759F1945E669920834DDDFF00DC6E2CCA40DFFF0012EEDD230E47A7D27B9AF44F817C0BA3F83AD9C69A8D35ECC823B8BD9C032CA0738F654CFF00707B0C938AD6A9E392703DCFF9500C0F43464E28B3474285276F391D68F0699A27E947818A3CD150A14285282E719E94CDCDB43736D25BDCC50CF6D28C490C881924F72548EF5C8FC55F80DA0EA8659BC3F7B75A24CFC989499ED9CF5E51B0CBCFF2B7DAB946BFF839E3BD1B7F97A7C3AC431FA84BA74FE611F06272AE3FE506B03A85ACDA54ED16AB6D75A7CA46D65B85781CE41EA1F1D3E051428B708067CD418FD128CE3DF93F1D6966D48626482364C150C5473BB9E7BFDE8C82395E84E4228CE31FF5A4792E7CB3209773FF008481D6951A892F16D635F3A73E9481371763F00649FDAB7DE17FC24F19EB5B5BFB2D746B523D773AA7F0B19FE58F9727DB216BB4783BF05BC37A134171AAEED7B518F077DDA05841CE72211C13FF00C89F7EB5D3D57D43DC0C0C1E00F603A0FB52B69E2958140003A519E68B1EDD69219B272314AC1A3E7BD0A14CD23A9A304E4E68FB66850A1429407BD1D0E3BD0C0A0000463823BFB526E234B985A1B8459A26EA92A8753F66CD65F54FC3BF076A4FE6DEF85B4867C83BE3B511B13F5523154D73F833E04987A3459A2C720C5A85C263F76A867F03BC104A936DAA95073B3FB4A6C558D9FE0F7816D4E574249DF39CDCDD4B286FAAB38047C62B5FA468BA5687198F43D2ECB4E42A1585AC0B196C74C90327F7AB10B839070DD491C51ED145B7DA943A50C03D686D1430074A000EB43B9A1CFC50E7073491FAA954C633444631490D96FA9A56DE3AD007B1ED4742874A5A9DCD8A3C50DBF3436FCD0DBF340F18C51B75E828B6D0DB463DB271F5A562850A14286D3EF46381428516D3EF42889C510E4D2ABFFFD9, '9999-9999', NULL, 'p@p.com', NULL),
	(4, '17', 'MULLER', '.', 'GEORGE', '12345678903', '1837-05-02 00:00:00', NULL, 'M', 1000.00, '2014-10-01 00:00:00', NULL, 'arflores', 'arflores', NULL, 2, 1, 2, 87, 1, 1, 1, 5, 4, 1, _binary 0xFFD8FFE000104A46494600010101006400640000FFFE004746696C6520736F757263653A20687474703A2F2F636F6D6D6F6E732E77696B696D656469612E6F72672F77696B692F46696C653A47656F7267655F4D756C6C65722E6A7067FFDB00430006040506050406060506070706080A100A0A09090A140E0F0C1017141818171416161A1D251F1A1B231C1616202C20232627292A29191F2D302D283025282928FFDB0043010707070A080A130A0A13281A161A2828282828282828282828282828282828282828282828282828282828282828282828282828282828282828282828282828FFC0001108010800DC03011100021101031101FFC4001D000001050101010100000000000000000002010304050600070809FFC4003F10000201020403050604050303050100000102110321000412310541510613226171328191A1B1F00742C1D1142352E1F108156224334316537282B273FFC4001801010101010100000000000000000000000001020304FFC4002111010101000301000203010100000000000001110221314103511222617132FFDA000C03010002110311003F00F7011A941054F999B63C4EE772D0403CA2E7A601E0CB03D933CF78BFF8C038D06C4807DD7B5E2701D04DE140B9E780E265890C088E47EE3030B1E2813337BF4FA6181BA874CEDEA37F5E831088B5581260F2892797DDF154DD27BEE8C36DC08FF1809CA650413A76BEFEFF00BE582040B7280241F96F8057460C0A8800DFCCE0108E6863948B47AE283A724C723B917B4ED8076DE4279118838D845BA4FD99C005C440593D6040EBE78A38C58B28B74BFBF00054080009F4C00B004F866C2C797DC6039946A03949BEADF01C5440F2F7C60395401A753499DCCFBC7C701CCB79000B6C37388039E9245899C0090765B9DE7AE03969820785CF9EA89C5370CEA80008B8916DEFB7EB88245210B600C0E96EA7007A8863D0F55FBFBE5807175143A75CDC58DEC2F7EBE780E70E418811CE27DFB6007490E216E41131B411F7E5EFC0716D20055804F41F0C046CC33CF84B1E7D67DD82C47A8664046533B9907DFC86205A208249923CFAF9C8C513509930B336822C4ED3821B39CCBAD664EF2987412CAAC2D3CFE38A18A9C5B26A1C825F41B9045FC80E7E98187F2D5CD5A6A5A89A369D2F7380934D8330D3E29DD81BE00CDB658B103724FA620EB88B40B73E58A01C805B501B46285241964120EE7EF7C40D82A2A1B931D7738A07C4A82C475E73182975C8B491CFEFE58213582449DF90BDF00A1CCEDEB7BFBB1038184B69811BF9601AB1267DAE9FAEFEEC41C18580120ED7FD3141930002187400F2F8E22A0032CBC82C419C465283E8B110083F0C5528AA012083E77FD30D307AA48240247C70305DE19D3A58AEE4FBE23DDFAE28E3527C214122E65B11404AE90B5097E44B4348DF6E984421656170099DAD7BEF82997A634B100101808DF61E7F3F518608BC4F3F4F87E51AAB10CDB2ACC02790DF1465B88719CEE669A35066A3E034EA1511CAC41E4C0E2E09BD9C5AD5F29A1E6092C0CDC9EA644EFCAFFA62516F95CB1A35915C2D55A73509704B3BF233B5BA602CB37E1A1AB500D7D4C4C4123AFBC608A5C8716FFA9348212E348D2041B0B93EFB60AB0A5C46BBD347A8215EE841F147C30C44DCBE675A8EF34EA9E5D4601C7713B4CF38C0082AB006E4F29BE03958920013D2248F5C008224126279ED18A610E9B3285913178B7BBD311425C6824D97FA81C1307A86ADEDD01DA06D82B815510492763A796011453124C46FE2C4080AA824188BF99FD3D704C717504820FB860623ACFB80DFEFEF7C109549541A5046E4A988FBB72B60D40DF622E0DC01B7F6C40FA430362AD370BF7618A1C2BE11E23A45E6F07972F3C02313A85B9474C0202491023AC7DF4C02A8B1066FB8937F77DED8202629983FCB1E210C009817FEF8A2BF3D493393AD94E593C506C1A7CFE27DF82B1F9E2B93CDBE4E5EA2B81A019900891B7BC7BB1A9D8BBECC57544A34FC20E83285A5AFB11E56DB7E78CD1A47ACA40A84CC6F717DC72F4C0359ACC2D4CAD407C49713C9A05E3EB822151A54F2A6A556525EAD42CA3F34749F89F4C3555F9DE2FDDA4D20BACC5EA7B207A8F21860A9A5DA0CC31673588A748177688832001BEE67E18B835591E3191675CBD6ABA1A08567101B6B4F5C116E134802C24DBA1C642685024904CCDAF7EBF3C50842CDA2DE5008C140495BCAF58037EB80427C5D585EE798C000B6E499E51880C96320C153B41BCF4F4C51DAB700891633CF98C0032C9BC95D88891CBF6F4C408CA0996637E8630C08091040BF2C359355143E9699706472F7622807883581BCC8331FB6115269BEB10C4CEF7826D8B019F1B107FF00D0FBE98257149724E98803500623ECFBF0345A2E069041BDFEEF80202D3E1B738C0D55F15AABDD159502A9D2C6608B6F6FB938A40D4AD4E851352A381410156244C8B4CFC623AE06B0B4384F13ED07686A6668D314B2A94853A66A024036F1C0E9300794ED8D6C8BADAF08ECD51C8A6AA6ED5B30D3AEA358BB73681B728E58CEA27364ABA22853A81522FD63E7FBE01A146A22415274CDEE001A620796FE7882A78D662AB86A60B1057BA451E6C27E2201F5C58AAD52B55DA9D11A9CAB40998983AB4C5CDA00EB8A2267F2799FE5E5696596AD47895D3E146026E350DBDAB0D87AE02BF399CA19AAAF975ABA6A508A6ADBB050A002CBCAF7B586A9C51B1EC8E6F354282D2CCD65AF957B239704A1E9BCE93CBA63352B546FB36E241EA300D2DBC1AE489378BFDED81A06BA9D80201DFEFD3050BFB24185004EF118042D049650AC76BDF01D4CC2DC4802D6E588089E6C0FED7C502CAB0DAA26D69BFAFCF100B065308D1D413267CF0581583B6C6C062B98AE64AB83079898C45018D243193D4FEF835A26332754AF4DE3035C1AF3B4DC8076F3F2C01A3C92B23600F9E086EA57D07C5A8802588E586860673BCA7515EA2A8E5B822DCC1DB960AA3E275A9B3CD0635AA21236F0C900EFCE074F318D442708E159AE2842665D8A2A8625F651E9E5D3EB385B8BADCE4323432B41529AECA05CDDBCFCF19B51385210644C5B55A37C343669402513737079F9E1A862B5050256226F03A74C053E73234D9482A81806F11E7FAFD9C555757C95286A74CD4A1206A7A44077F7DE2F868CDE77852A652A51A4154D4052AD65D4D540370439320CC183036DF165550D3CBD04E25AF89E41DD437794C2BE862BD55BFC5F1AB46DB2B43856632AABC3D9F2F50DE2A19249EA0EE719DA2CBB3B9962D57259B82D4FC4A770C36B7A7D23128B8AA362058CF90F51F2C1218817F641F2E7EB829195AC2639C4CC118040A07293E5B1C0228541A54F9493240FD79E1A396008F128DC5F6EB270D1C4002D3AA3ACDB000DB8D2481C8000C7CB0586E954FEA96BF2DB7F8F4C47387350592242891B47BFEFAE0A4842DC888917E782966E6F244DBA75C02C826626D1E5E5EFC0A54413A5458A8B01E731FBE0A6EAEB2B069B696F09B821AD18A31BC4A913986A746A10CAD74085606D266C3E3D7144CE07454B6952A5D8C965BB058E476833F77C28DEF0ECBA50CB32A9059A49B983E5F3C4A54E4855D5AD5B633B6221499361B1DF7FBEB800EF566EBCA0C5B7C10CBD512564C6F04DF0112B905AE409336E7FA462AA055D2C219B73371623AC7C701599AA4AEC479411169FD76F5C1549C4F222BA914CE97425A500903981F0F4C514D45D2856192AD9D4CB6658C535AB419E854BC88330A77303A5B17D56A7B3356A54CFF7951D1B4D380E0120906F1BFC0E2546AEB2183117DAF6F86221B6D437906F13636F2C4501D43480564F28DF14210483AB4EA327009B1FE9133244E0018C2C3FB3CED6338005A8493E298E86E606203D31EC920796182323124085F218310E2895F67F5C148EC7513A885927A816EB82956E0EF73724FCB035DB004334033BCE01F455520334188B1DC4FF008F3C0291A5BC2159A0589382B3FC574D4655CD338567B51D5AE7D276DB6C5825F02A2A135890A4CDD475E476F874C295AA52069124C72FDB1106CE54A927C4A6F1CC601B35375D2276B9B4F4B6F6C036CC7C5E03A66E7607FB6001EAE950B3241FF3F4C5C445CC3058D4C3A8DB05437204B3C88DE66C7A602256AA8546962C644198F2DF6F2F760A81980A34A9658B931CBF6C06678CE5457A4155AFED299B8236BF3E78D4117B3DC6B3342BCE5A43A3AD1AD4EB286D0A0C6A24DCC1E9D413138B62BD632953F88CB25724542D7D63638E6879A9EF041E43AE0869941922E6FCF155DDD10D074FCBAE206DE9B059100F99FAE007BB24A91A562402DCE7A7A5F008A8011FCCD4D3BF766D3CFE38002C8C6CEA205C32991EB38766A1530D1E10644EC3CF0606ACD3B1277DBE98295BC6D2256627AE0AEA4BE39637E56C038BED1F18989BF2BED829C60E09D0A0FE696B7A01D3FB628EAAAC28C82245A4340F31B7D2FD31066EBAD46AE16A51A4951AC1434B11B48045C6E3F738A2F383BCB051103DA204CB7E96E5E78156E9508220C6E091B6DCF04116B6FCA6FD3103BA58A29850DBF87F5C044208766A6D49AFE23A60F493F3C0361DD584D322236F10C50DB12CA529527279C21117E66C23AFA602055A0ECC741A5E1EB50C0BC6F1808D994745A8D147C30C5A4123D645F055367FBFCBC313A41BCC883100751FE7145267B3514DD349F09998922DF21E5D7162B14F14F8DD373A29D1EF81474621FBCD313731A67C27683138D2E74F7BECC54EF386D120ACA8D25194AB83E7EFE9E98E77D656CE42EE0DB713607ECE221967800C820DEE773FB62A9751D4003631039E20533DDCEA56633606F6EA39796069933379266E4EE63F6C008BB020CEF6077F960A1350DB4862396DFAE2C3504198DDBD711CCA5C8D3AACBBF52702151E0099D43973E5BE0B0E0A9163B9F960A42E198925434DAF03E38A69C1727F2C8B913381A6F375A8E5D1B3199ABA156D1B6A3C80E64E0AF3FE33C5E6AD6A8496A9982C529B00005E4CD3D24403B7217C6A455FF623322B37F2DEA0D30194D52D78992361CED68B62724B1AD7AE293E9620585D8587DEF8890DD5CFD2A2054240437D8B19F2F31D3EB8187E9E6D2AAA9D64906D6048B1E582E073398249F1AB18F6D5C2B7C0FBB9E062036722A84A416A827F330537981D0CC728C0C4DCA8CC6629784D351697A8C185CEC14124D8F90DAF82241A74A95454A95EBB32FE5A2A01F52002472C4159C4DD142D3A74F3D3A95748AC8C4B13B437327EC629AF3FCEE775D41DD3CC58965D277B1E622DE98D48AC8E6F8901DE2D52BA58182FE202227CC5BE6631A6A2B6AD644CDD0A95282965AA688775260B49EED8102CCB3EF16823147B976273556A64EA65DD5C0A44051540240F2DC9EA36DF1CEC671A37600596E379E588619A8F23C4A02DF66BE04235408A64C0D8926062012E5B54EB027F2B4191B89C02B12C60AFB5BC198EB1801852A6C7DE7974C023353044BE9B5AC4DB0D322B0003F31917BE1AC1C00101888320C9DC7E9380E56066E49D51D7DF7F760A5D52BE1BAD899E9E7FBFF8C1454DA0C229173ED0BE0145400ADF789BD86286F32949B2AEF5429CBD352C6768133EFB7D301E4D9AA473798AB56AB339A954A82A6447B504CEFE7EB8DB4D6FE1C3A366B30B3A1546B01AD3277EA0C1E7CA319A95B1E228020084004E93126F36FF003E7888CAF15E33472EAD5AB66114A09D4485082C4CC9851EA44CE2C86B3D90EDA64B88D4A797E1B5466EB32F774EA524755D00921558ADFA8B9DB98B62DE38AB44E3598AB96AAB58135A9B4AEE8D7117B988806F22DCA670C0E3713152B067D6C94E8B6A2DD401D3CE040DB13122664F8DB7F06EE4C93580F688551A77205CFA0B18BF4C314D66BB5F4A16A54CE2E5E81462857410C141263F2AB100EE09B4C4C1C3F8E92289FB4FC02B52AE290E2198AAEA55EA1A8DA6A2913A52A2FF00DB07FA86A99B98918B865151E21C073797AD5289A355D99B553A819EA2D331B780022E41F137B2007DF17B83CF7B535973598CED440296558109A5BC081028016C08D234886BDE4926F8ADCE955C2F35433AAD4F2FADBBEA289A9588A4D10E49060EAB540373B29C55FF005F4BF637274B2FC0B2B511416AA82A1A83F3DA26F71E9CB1CAF75CEF6B8ABE28077064C45BFCCFCF0C4C346E498B799FEF8285BC01B4926C6DD700A09F16E1EFCEDF3C300AB4950B24F5369DB6B7D9C4A0D2EA421306F7E43008E540504BC810600EA7058AF9B1B0B0DFE983988B44787FBF97D7008C420B2A9691CF9E1144AC0C1523E236F4C15CC42CE9080580F0D8790C026B933A41E601B7CF0151DB8AE69762B8F3D375A4532950EB60612C3C702E6378E7B62CF4603B31C3D6B7647800467AD46B50268B57B5470413ADFCCA8277B5BA637CAF6D353D890D478BE615AE19AE4DCF5F7D81F701D319A95A9E2C2A5756A1434BB73054124FD3E3D0E24197E1FD9BC967F8D0CF712C955E334A887A997C95155A9455C49355E48A6D527C2AB2DA664904F875A98CBFE2776EB8C52E2390E1CDD999A158065AF95ACD5BF87331A6AA95550E3C24C1106C18EF8BC78CC26EA9F3FDABA19A195AB9815325C44928C8E814553AA032B4030DD2035CC8BDEE3595EB3C1782A55ECEB56A9428D4CCB53065A9B02809F679117F43031CEDED1E21F887C5F31C1F3399CBE5DA290A6033589633A82851B41DFD4E3A48D71E3B18FCBF19C8D7C97F159AE2149B30C2D4960CB08858241817924F4E538D658B3CE915F86F0939ECC53CA71BA238CB542A3455AD45E854988BAAAC8D880489D89B616F2C4996B43C073D9C4A8F97E3A07F1794FF00CD2156A536F64902E24820C6F1D70E5EEC329FE3198CAE672552AE970ECA8351A9AD609D2B16040DF726DD711618EC3E46AAE6A8E6169C51D46A49A71A428DCAC9008F12FF008C4D5E57A7D4DC0E8D1A5C0F87A516268FF0F48A19F694A823DF04639FD7249AC54B1D723D4D87DFEB8299993689BDF61FBF2C0002029D44B2EC5AC091F7CF00D1AA341B78BE9F738042C54C912A06D1CFECE250E2B881BEF24600D0CA092CA45BD927E737C15018C011E511D3DE70737236DA81889B8FDB01CE50C1B03ED5C6DCB08B0248453E1556066798DFDD7FD300258779B98DB7C15CF5095B83AA4C8F67A75C5222F15CB9CFF06CEE534C0CCE59E92AB012254D889818B175E67D8F6CD251EC5E5D42054C94D4008854A48E8D3D65E05BD31AA6FD6E786CE578830A280531A56E2496204AFD719A35592415B757280DC240F0F2BEC0739076BE2788919BE24997F090818F25200E7E84FE9169DF0183ED366B2B9A776ACEC598499B481B7B31CA47D7162ABF84E4978966929E47269432F44CD4ACC0B1DE79DD898B0DADCB16D1EB1C3E82A70ECD273D2600B0FBF3C677B4D7CE5F88DC368E738CB034E9D550C8FA5B54300763D6413B47AE3A4ADCB885C07B31C172A83BBE1BC3AB57F635E610EA1F98321123579C6C30DA952B88764724F5736E38050EFF003275D565AD67D8EFAB698DBDF8692E2066382BE4B2D432DDD3F769A95285EA3A09D40234D9412582DC4F4938ABACDF1BE18D9BC85303BC4A84AABBE61584B090BAA791922797C30971AFA91DAAADC4383760A9D22E80E64F76F5944BC3286EEF5731A8319E60C62F1EEB33DD7D57C10E9ECEF0A5753A864B2E1A7FFE4B8E56F6E690EC01F15F4F21B5BA633AD190ABB189BF2B5BEFDF8200A8F18831131317C140B4558F88EA1A8DAE6DCBE57C02AA78B5890596E245F97C7CF007A0A823A4D85B0A10332C8F09C0420F61CC4911331EB8399413B8262FE58294DC0049927DD6C008B8BEDE608F960A6F4905400274FB2449C03811C012B78900FDED8AAE52C0A90AA48333D3CFCF0183E25C2AAE433551A9314A146BF79977285826B93A63A03A84ED071BF45FF0C7EFFB3B433868BD215332E1A9D4F0EB01A018E4099B74F2C66FA2FE8E61929A8A6C74C93222648DC794ED88233D15CDBC680247842C6F7B9EA3EBD3053347B254EB387CDD7674B82A63DD869AD0A65A8E5D132D9745A6886C0281CB947F9C4313C014F86BCEAD2C7C893CA76DFE3823C2FB6395A8FC45EA53A52DB10391990479F9E3A46A18A3C32680D44AD709A41B1D4BC811CC5CDB02FA6EA651947767299759214800807A6DD27175034784826A1CD539F642AAC98FB3B6FBC5B1154B9E4EE33148D22ED55AA2A2A2369264F881FDB9E290FF0011E16DC5B8A657B2F95A96E219C4CBD5424305A45CD4A8E16E000867558C9113738BB89F35F46BE80C4535D34C592F60A200F947C71CB7BD430480408D3077F861807540DE645BE18430D6CA1481AB62440DF9FF008C02388537060FA472F760144B101C78CEE771E9F4C452AD3F141B44889C01001445EDCE267E380A6520180483317F4DFEB839882AA12A24100822088F3C146144124824FC6F8780E14286F101F103AC60AE2C2548B820DC5E300BE1041304C449F3C151DAA1991247BA637EA23D7CBCF14355F5F76EC48EF080A4817B6E00F7ED8A26647282BF0134D15E5AA695086F3A80B7AF8816F33897D5FAADE1F982B97EEDDD5829D02B5E0904EDE5EEE4316C177941088E58DFDC00FBF8E2154DDA1ED4AE4C7F0B9179A975D4164836FBB62C848B8ECA646AD0E0542AE6C939BCC4E62A12492BABD95F72E99C445D669FBAE1EE09831A4003DD80F16ED6E56A711AC28D266552E490081FAE3716556F0C353857147E1798ADDED2545AB46AB6ECA45D4F982187C3AE2FC179980AD4BC24DAC40E7E731B7F7C6453673314A9D2A8AE884D442A0FE62D70BA6089327DF8A286AD1CC6672ECCA2B3D50ACD46B5226607E70637D258DE63C42276D2FC7A0FE15767E99E3D9EED038429468B65B29A64686A8E4D41045B4885077F1B6D8CF2ACD7A854903627AC7C7181159C073ECC8E8607F8C00312CC49260080266F33E982B89B89883B93CB1129430020480D6DB79C503AA0083A80BC8E76C42881BC036320743829048F68A93F0FD7162A9C1D20913009303D7AE2391DA6848F17C241BF3C012C06D32041B41BFC39E114644024961CC7960A4DA2E0C731E19C00B2FF004C01B83B7F8C5532E0AAD8004C6E6044F2F4DF00CE82EABA348306095D8EF1D7CF146A7835351C34842400A3C44440220181CEC4FBCE328C4F124FF6EE25A196A84766FE608B90400B207B3ED749311D71A69579CE395F38C729C391AA55D32C29885513BCC4081F4F3C24C3FD2704E0D51B37DEE600670018DB4CED73E5113D3174D6BF33FEE39275A991AD4AAD0523BDA1512094D324AB033AA7A8F2C675147C7FB52EDA5698D2A6402A3DA045E316423CC7B59DAEA9C3D8365B2957312C542A7854E91E233076178BEFEB8DC8D49AABCBF157CC718A39DA9ADA9A29249833126408BDC8B74182D98D7B66F4E5B530D4A072BC281BC74813388CA9F38950F136CB51A9FF0052C3BC4D212A53AD2350B9054AB0061C48311D6342E387F0EEF6852A3C3E93C5471432FAC9F0BAB8D22E24EF209175254C408CDB85AF63E1B94A590C8E5B294902D3CBA0A6A1798BC9F3937BDFAE31A87D81368BEC3D71034CADAC932205CEDE518A684D304160266F22D38868BBBDE0C1988981801EE9581D24282493CE4FBF140AA6926FCE6E6C01E9886BB4890348226D7B1FBE982859541BD3527D3FB6062A05B611A7DF27EFEB8391C1AD840D46472EBD705280010490277EBEEC1468A624401F18FEFCF053A4334936F51E5F77C00100B1824953120DF698DBFB6286991B4A2946551324C49B458FAF5FAE0A064551A18822FCB7BED1CC1C069385D3229B5221541200D3C9401F0827CF04667B6BC39AAE632F574100B0D246F2646DE4091E84E116287B3BAB8570AE2598AF96AB5331DF1A9643E341A4068FE905AFEEC5F569AECAF6A2A9CB9AF99E0BC4B2B9724BAB944AA4AEAD258AA12C0023A1B61622FDFB53C31A92AA710CAB5616705C2BA9F398BEDBFBB1306238AE4573DC60E76A544AD46010C1A50FB5E1B1E73B790C6E747C79B717C88A799AC69864EEEB310C649009811D37E5D7171BE34D652A1A068D47728CB304D808B78AF3F977026DCEF82D95A1C866156A65F2AB01C6A397ABAFC3A82330BFE5363A58CC9B0D88C3186DBB27D996396C953CCA54A398A153BFA2E492B4CB786A686FE82754A90798E6584B4B7BE9A6E0D9644CF3D34408EB56940D203234CC4CDA3623D796328D928D2B1A5748DE39F9FA6220089690001E988AED2C18440FAFC700DD458209DA6DCF7C02A21900758B0FBB600A2546F1CFE18A8083A94415245E797BF114CC310C6D2798307DF829B656B43B288B05DB058A90E750922E6C46FE9F0C1C4E21DAE77DCEC7CBD7052A6AF7797E98628F536F711B75C3038A74926D7E7181A23248264C49B4C5FF00BE2A854CEDB7388E5388116A2BD4640AC184136B38E57D87D70DEF3157990AB1A586AD2085B6C2D603E07E338226710CB51CC04AACB4D8210CA8EB227607EFAE18466F8AE429E52956CC51A152B357ACAB5D29A1A8C558A2B0001132144B190200838B056F0F5A190A2D95D797AB511CC3AD8535900C0BDAC06FD2600385ED56D99E1F96CE829C429A6695E9C83590318320286172DB7901182321C6BF0CB87D7576A14EB2F7B53BB714332E8BA98C1376E5D4999063963529AF37ED07E15E572F5734A6B7162E8D4E29FF00B830573AD842B32C8108E54B08D4B04899C6E725D5451FC33E162ABD64CD57AF966A26BA575AB519805603BD0A61A41F696032C91CB517F3BFB5D7A4F627B0D4E8E4A957154D46FE48AA056564224B402C3FEDBC82185C80BECB0618C5A96BD0851A594C955AD51E9D67A555EAB5402C8B3A996FD74475963BCDF29A81D9EA69FEE19972AA7BBD48A6F1E26245A0418172099E5B60AD1A10492AD20DAE371F671108C4924A9933331F3F5C508CE0478874F4C450F79E2BCC475E78A39A482B05858F4E9F3C408EF22430B8B47DDF1434CE41220013CB9DF12A815A483267AF5F51EEC01169D8FE9843C53C42F805A0189FD715C86A0926FA87311F3C45180034CC93EFC14F099E913B8E58A0BD96B408241206FD4DF1077B44DE0C41BE1AA39D409209D42F68C50BE29D31D0C9EBD7E98687F2A5A93010A14AEF304DF6F2BE20BD2EBDD6842BCE37B9DF00152883A86912C8648306622C796F80CE7FB79EF17420FE6532340216011324DE40B2FB89E646288EE8699A94EAE6BBCEF6A120D2A7AA5099553C8B48803CC7518937EAD93E2A6B5766CFF0BAE8B5E9915FB95A60EEB00F74D321499249DFF9732090B8B3F462156CCAE6326D4B3B59AAE4465A8AD2542541AAA6A6A379014E870641B4586F8A62B727C241E294EB2D0CC3B1AAD4D9E9A03E2D3E122F65334C14EADCC2C9BAB5E89C2529D6E1D92AD9354A94B4D444261432F785575100C86F14F59D5CA719B6CC662171AA94C53A8156751149A993A8D5D40AA993EB179902046104BECFE5FBACBBE643B0AB9870CC19A4EA034CFC8ED185A2C19641B5B71783EBFDB103755B54C59771022D82E192096BFB5D062810CA1D4953337BFCFCFD30D0F2C4C483D7FBE0840012405264731007960185BB1D0D2B68F2DF9E22910410646A8907A7DDF0527770202C81600721D3015663493131CF0721A3101645C5EE6D380734F87519981CF7C1A1873AED3A41C5040B16064816DB7C07105801790201E867A74C0182093E1824EF379F76DCF0566FF103B5B47B21C212AF77DFF11CC6A194CB9274F8777723640481D493039E2C9B564D7937E1071AED376EBF11F2B5788F12AC993A35AA9A8B961A19A9A24B2CDF4A49A6B682759BD89C75E524990BD47D49568B536D74D0120CE9FDB1C7D4D464A817501254FE5DBDDF19C4573D2520328D2635B902C40331E6304637B514C64387E6734EECC72F4E28D308410A4681B7E6B913F94163630458B14D98CB55C96532597742F98CB56A94435300CB33284E768026F6200998C5117299ACB57A94543B9A7469E5528547FCCCA5D8BEA3730C5C93BC318C315A64A397AD98A597CA10FF00C13AB9D0A148A80776969B008C3CA001363888B3CEE6D7F8C397A54BF93944EED7B9814D4E9B8DAD02147FF2369D88ACCAE56A716656305AAB2D4A8540D0A17C3039E903F2DC82D737C0AD7145540AA0F48DAD8823D4504CEF3F1F4C140C4D89933CB97C714778600034824C83F5C033632154AF2831EEC28E241D018185802DB419C070F12492C605CCCFD3110D90A1AA9D70AE41B79F9FCB0526B1724472B6004A0266099E84E0AA950AE90F74220AF5E67F4C1C4F05F6982898BC6D829F04002D7382E38B89246DD7A75C15CA6584ADAD303DC314383C400D8EF3617C0766B3197C864EBE773B5050CA65D0BD5A847B2BCFD4F203992309347CD1DA9ED0E63B4DDA6CCF10AF4FBB5AA3451A0CD269520085507918327CC938E991DB8CC98B4FC1BE3347B25F881976CD954C9E703D2A8E17D81502CB9E8B34E9B1E40073CB16F7EA72EE3EB565F18324083223738E5E74E311F3144125D4136B8DF19588D59E29CA805A60FAC8124E2AE2838AB06746ABDD7748CBA4D400056FCCE47382C00F50079D187E2D4F33C43BDA0E6A05A808AB589BF3D44C4DCAEB81CB55CEF3A9D2E2152AEFC3B235F3CD42A65F33584D02D0D59BC2048DE095048360AB1B162485FF0063730B432F9ECD5554A668B6AA53025999B4A031244999D8124F9E252ADB2746B55AB5E96B55CCA9D6F4E2CCA17622E4106646E267C5AB12A3E56CDFE25F17A7DBECAF6978556AB96CC65A99A46854AA6AD1D33E3A7A2D08D171248B106C23BCE3D379F1F56FE1E76D386F6E7800E21C37550AF4B48CDE49AF532EE44C13CD4DF4B73F236C71E5C72B16674D1BA32A9D45C816920493F76C654CD442936B1EA63000C5832EA2A05CC1BC9FBBE28032C0C03A8F908F2B7CF01CAA6435F4DC0F2BDB9E03B485BC007AC7BBF6C44365759851E2E8C260FED82B966C00F48888C028427A1F323FBE033F4EBB389BC8DAD8AE47E913327C26C6276C453E923CC5ADCC5B08B0E0036B4EC08BE0A303751CCC0C50AF5532F4EA56AB552950A4A5DEAB90AA8A078893D2FF002C0787FE29F6EA8F1D34F8770DEF470CA4DDE12DE06CD541B3103D955830379B988031B9D37C63CED2AA542C08FE5D9161B6BFED36F8E2BA2C9E98CD50D069AAA44B6951733B28EB7300EFB6C7067C7D07F823DB6FF77E1A3B3DC5EBAFFBCE4290EED8B4FF0017960005AAA7991ECB73B024C9389CE7D8E5CA7D7A9159D8931E78E69A8F99CA52AE4EA532624830474DB0595499EE048EECEB51B4B692CA6C3C3E2536E40FD7D30D5D67DF80E769E469526AAD595D8EBA687402A2E098893B0B481D0DF15650657B2A6BA86CE55A2C0805D16496304AEA6312549241017788C5D2AC729C21322EAB9462A1DF5B3102C76067C85AF3178DCE33774D5B64E9265E985A54C53A614030A2CA2F1E9BFC7152BF3ED4A57CD55AB2CA1AA175541F949626F368B5BFE47A63D1B91D3EB41D89ED2F15EC8F1DA1C5F82D5EEABAAE974604D2AF4E7C54EA2F3536F306088389CBBF4B35F5FF00E1DF6F383F6E787B3E49BB8E23453566B87D57FE652B5D94FE749FCE3DE01C71E5C73C73F3D6ACD30482A05EC239CFD7114C384D32624733B08C400EA3F2B58EC17140ADC1B72EBE7B620125440120DE357DC608618CC415B79EF7C14A3516DA7A691F2C012BA2086280F9E25199A6FF00CC45F0EC0C738FDB6C69CA54DA2E0806648DE6E47DFE988A7D01F15BCBA461152954C58293CFCB0155DA7ED2F04ECC501578FF0011A1952CB294EEF55C6E34D31E23B790C592DF15E43DBBFC465ED4F0FA14786D0AF95E11DF33B1AD02A664A1001602CAA0B485B92609DB1B931BE3C7F6F3CAD9D6EF13424D3901A40625AF00FDDF1646E6919CBD4D0A56DCD6E2F70241E77B6289F95A8DE252E92B6136DC44FAED8854B5CC6632BC47279DE0F5FF0085E2342A8AB46B21F1537988DA34B7E60641BF5209337D7D35F855DBFCAF6E7821ABA532BC5B2B14F3B931FF008DBFA966FA09063A191E673CA7D8E5CB8D8DB91B1EBE58C243624933004D8CE2299ACA8058004DF15A886FA7FA44F95FCF00CB80D600911D76C065FF0013B8E0ECF7E1E7683892BC554CA3D3A5D4D5A9FCB4B7AB4FBB1AE33693BB8F86E880B4D69CB020013CBA47C063D0E92252B1D0C15489D8EDE518854DE1BC5339C3F37433F91CD55CA6772EE1A8D6A2D0E87A8F2EA0D883041C13363E99FC3FFC73E0DC5B2597CAF6B1D385F15034B6634FFD3573FD40FF00E39E60D81D8C63972E17D8C658F5FA5529D7A14EBE5EA255A0EB34EAD370EA4750458E39A01C49BC12200338AA02024F845FCBFB62621A2019D503D7154DB0823706478A76BEF88185054910ABD0E01084368062D602DF2C3D5ED9FA4A0981AADCBEFD7E58AE313101889DC6E47CB104DA341F5AADCB6A8B01CADE7845797FE21FE2C51E1A6BF0BEC9D4A598CF0252A67C8D54A8F28A636A8C3AFB2239E3738FEDAE3C75E2FF00C454CEE7DF35C42BD4AD5EB4B3D4AEE59C99B9FA741E98D5759C647674D3CBD0CBD2A6A11699686F2371EF9637C59EEAE202D734991E8BCD420062CA0C0323982271601A598557294E9AD97DA9EA3A9F4F860AB3CAE67C24AD421491FCB00104F9DE710C8B5C9553573D9755B925CB12D2D015A04472DF0C4B9F4F6538D710ECBF1FCBF69781D5D398CB8EEEA53D44A6629C09A4C398303CC4022EA31274992CC7D6FD8BED3F0FED7767729C5F85549A35843D363E2A35046AA6FD181F88822410718E5C71C6CCE9746C4DAF88A62A1B6F7DFDF82A297462EBA634B45EFE9F4C4D5CC47A900DA49EB8A8F0FF00F52DC5437662870CA4EDA1EBA54A8AA7FA7DFC89F9E37C3DD6B8CEDF34D2A6952AE846628480D63B79E3ADAE8945929A297D3526EA01DF7DE3D7D45B122E0484EE55449B4CB39B03B88E57E7E7CB153AA1A6112996D42E01D41C5849B11826347D90ED9F1DEC9E6455E01C4AA65A913E3CBB78E8D411F990DBADC41C4BC65F5335EEFD89FC7AE139C44CB76A326BC1EBAC4662812F96627A88D49BF391E78E7CBF1E78CDE363D8B2B5F2D9FCA266B215E966329586AA7568B0A88DEF18E7E3227A508400C05E0131182A3B520499D4BD4E007BBD5B9DAF0047BED8069E95FC4A27D7059719CA7058A913B5BFBE2B825F7B472F97A95F31569D0A149753D5AADA11147324EC37C457887E24FE25D5E326A709ECF77D97E0E548AD55468A99A5E73CD29C6CBB9E7BC63A4E38EBC787DAF2BAAEECB72424F83440006F0BD07D31B6F054B4D3AE18D3E7E23AA0920DB0558D7A85F2C5B515653224925A791E57BFAC613D541A815D214B6906488D8D86A9C22194A6288015E2400D3E7CBFB62EED3054730A8DE262B00C6A5F3D8F3F8731859AAB6E1B559B89D8C2D2CBBB81CD9A547BE46336642E2E7875519AC8B3480C4913F940F28E7D7D36C4BD33571F869DAE7FC3AED739AECE3B3D9B229664107C024E9AA06FA93C448E69A86E1717D4E5C763EB54AC2B515AB49D2A52750C8F4EA02A4112083B41117E871CACCE9CC350B03EC99DEF1FBE23461D5CCCA3189E62D808ED94ACF20BAD2816006A3F3B628F0AFF00531C0729C3FB2197CF82F533B5F88D3A3AEA312D029BB133C8585B1D3F1DBAD71F5F38D048476234A831F1DFE98EAE878A3A53450244F8A56037DF4C4F50CB2DBC6A00D303973C10E220001806F1BC473DF143EAAA0426A5220885F689E7E83CF115CFFCB320D8AC0B6D181571D96ED6F1CECAE6057E01C4B3393120BD25F152A9E4D4CF84CFBBD70B25F58B257BFF0060FF001C387F15032BDA7A29C3B3A6CB98A40F70C7AB0DD0FC71CB97E3B3B8CE3D72955A79AA2B5B295A956A4D70F49C329F3047ACE39D02CA492142CF2E780114DC7B31FF00DAD876BD311C6F8BE4B8170CA99FE2554A65E9B00A011AAA37F4A0E6DF6631735C676F08ED8F6BB8876B6A14AF5051E1F4DFF9392A6D09239B37E6698B9EB618DF8EDC78E3315A91A6204F76A6E40F64EE6DFBE2CADA054A9497325D25482499E7D3F4C685965B2E2BD25D32D50C782373239F4918CA8B2295A9661A9D40077819406F8CC8E5BE29815A34C1959EEFC4249B1E7123175607314C5276F1FF002C1972E478E46E01EB277E9888A5CED7A684C351521B7802D3B79FBF1B855A70C7A8F90CF6669057774A79658BB01A8B1F4B05BF29C668B8E1DDED245A7534B6903F96A01627909E8267FB9C4BD89DC472E333972543024DCA9246AE5BEC679FD6E71123D77FD3AF6E0D7A2DD8EE30EAD99CBA17E1EEDFF9290BB518EA9BA8BF82440D18729B3631CF8E76F766D47D98EB7C7264CC5C071EE899FBE982E08AF78B25761B1180F03FF563980382F67729AA4356AF5CA8FF008AAA0FFF006463AFE36B87B6BC038650353858D2012F55B4DE340103DFC8637BB5D67886C846ABA86041972047C4893CBCF0648CBACBC584982E048F86D79C51D4D44A1AA18A89274B5DAD6DF69B4F96294013520260EADB51B6DB8C1238A5C4DD489B7C67EB88A9D1957A6450CB56EF56BB915AA5590D42000A562C66496079C729C49BA96698B0AA4A02100E620903E98D262FFB1DDB1E35D99CDD3CDF07CEB5308D3532F5189A5544DD4AEDEF1046F8CDE32F498FAE7B1DDA2C9F6AFB3796E2D915655AB2B568BC16A3506E8797A1E60838F3D9959BFA5C5E600022D7C3163E31ED1768F887687883E678B66199B4B7754F6A74446C072F9CF3C75CC49C6455257D0C0052149333B7489FBDB0F5AED27BE199A778EF64C09BB5CD8F4B0F98C4FAD45666D5B5EB9F0B7B2CCA6F6DEE3A45B1B81FE1B5192158F804AD8CAF3BDFD76C4A6ADFBC55AB4D28A1773217AC83CBE5B622A5D0CBD2350D1EED95948208F02CEC2D733BF33CEC30497EA2BD34D0AA29A33920842356C7736BFBAD7BED8B17B43EEA9233865595261489DCFD7CFCB962AA4D1CCFF0C7B98217577960140B1BC748E51CF12A25A134C853AA992DA7510406B4831B89E981DAE293AB0954656049373263949E588CF6ACCDF7FC333F97E23C333032B99CAD45AB4AB23495A820831D09B11D0906C7165FD2FB32BEB7FC3EED4E5FB63D98CAF16CBAAD3AA477598A3FFB359635A7A6C54F356538E7CA65D71B33A689960416DB6F2C41CA64833B8900620F99FF00D5367C3F69F86E535A0A797C92B8F11D4ACEEE6C3D117EC63B71F8DF0F1E50D4569F6772040D6C51EAD431366731F418BAE9AA8AB59601668D2A1043196137DE6FFE71AC53447824921792F4C1075597BA2A69730DAC93AA7623D260C47BF002B242C92028B08E63EFE581FF0004DA438662ACE4CC46FE5F7BE262D374D816D44012648DC6D8A97A4808BA56A1B93E5CFEB86A4C3548C2B0508CC0904309173EA2F6C123D47FD3F76B5B8176C3FDB334E06438C03474EA8D39803F96D7B78AE849EABD318E735394FAFA81D5C318B7A81FBE386B32BE22C895A889A8A3F80B269F773E631D7B8AECEE45914DF41DCF389DB6F4C5D690C965D40CDC8046DEB858A72BD4A6E9512AB54053D886B026266FB5B97418B10CA253A424C842BBC462AAC92B064155003DD90EE089302072F2BFEB8834343B9011E969280960DA791933EBE579C4F13D34A8C3C3280063AA3FA447F6C485CFA8EEAA20691E1682A9CFACF95FEB8D34AACD537D5AD9618C805164B79923054CC8C3BACD34620096902796DCF9DF12A5F16D46B58EA6D6418012CC1403624EEB1CB71389A962456D199A44F89415F0C089EA074BCFDC8C549B177F857DB2FF00D19DAF2F9EAD1C2788E9A59D9DA9193A2BC745261BFE2C4FE518B9B30E53AFF8FAC19032C1F7FAE3958E328183053A3483CA79622EC7C83F8FF9AA7C47F1138D54524D2CBD44CB2C49BA5340761C9B55BCB1DE74EBC27F552717CA2E5F856469DC9A59754226564AAEFEFE5E988BC58FAE826496D40C991F2C6AEA8B4B20D214A12D6537F31FE700854ADE7513D378F3E9819D08533A6C01D5759236F5C210DD55F1A9D3E1093627177A6BB0655E2A0EF00241206A11F4FD30ACD3F48905A74A8024B16F38FD796233D9952C2AB023C2587292397D8C2A87BE7CB5657A2ED4AA23065A80FB2C2E0F919138756257DB3D82ED08ED4F64385F1707F9B5E88EF80BC5416616F318E1665671F17F0FA9FEDD9D4CBD703F87AA4E9EF26109DBDDFAE3A5EE6A4E9AEA35919D1182C1332A01811707E78C62AB33D912ACA6903A4C03E679CFC37DB165557F70699895D4A25B4AEA171CBEF98C6B54D15D28A2983A408256D07CADF77C68D4BCB9EE2B92F2CFEC100CC19837E582ADB8666742BD1AAF4D8219A4793299E9171B7BC5AE4E328B0EF13497025621996616C4498B7299FAE2261169BF74B51CD34041BB82046E481BFF00738ABA81C5E8AAD537430246F2A491626074E77B4E18B2E929A0A799C9562696994AB265801264305B8102E37837DF14DD98968CC74B1029890DA10C0899000076BC01E405AF88A75046A34DA001ACA9304F5F43117F3C4677EA1E6F2EB5CD95040D2030DBFE3E7E9B19C58D6BE83FF4F9DB06E31C01FB3F9FAA5B88709451499BDAAB96F6549EA50F80F96826E719E7366B973997A7ADCE932C4051724F203ECE31C7D62F8F85BB4F9A6E39C73359CD0054CF665EB01CC9AAE4803A0F10C767A2648B2ED8D7033055FC4012106F307DA9F51030D38B22D44779A134F98DC13B9C6F54FBA089D2A8569A8854D3AA044F993CCF33D31353C0352921D4C0049074DE45C61A0EA2AB0572BED09A87FA9B7245A23CB11A863374894A6AB5351320A83EC9E9F218D44A2EEC25366EF136039589E98CA52B8F09431E104C3883CAC6D71E71CF0444A54F5D53A8C09EBCF90F4C50199D45AC4882419D8F48389D15B2EC2FE20F15EC97067E1F940AD45EB1AC35B46E141813D41C679497D62CD6678AD0EF906A46B418027EF6C2529BC87137EEC51ABE2AD48C027661E7E78B62C68F84E6FF00881592A824FB492624731D79C9F4C62CC29C6CAEB56255497D4044800F236993E5E57E7869F15199A1DD9ADA98E9137EB631D3FC1C6E5546442C5158B6A170B1133CBEFAE2C1614D7526A56D15436A0626E06C7CB11579C3EB8CE53D4C18554243A5A031DED1BEFF001C4F116144C6A2485F0830BB7DCE2E3289C49750214B6ADC1E60C741FB7EF89578AA490F5C1A881E50D3B18630201F5D8CEDBCDEE0D899B56A28661B72DCCDE7EFE5862928E6053AAD0EC8B10BAC063005B6F3E7F518189997CDAB082019599D3AB71B5F716FAE0CE1EECC71FAFD9DED2E478CE4BBFAB98CAD4BD2911569910F4B9CEA5983C8E93CB14B37A7D4BDB6ED16553F0BB8A71BE1F5855CBD7E1E5F2B594C6A35542D33EA4B8C664CB63849DE3E46E134D733DA0C9A8F612A0762973A525AF3FF00C409C6DDEF83ED0E64ABBF86CBE2798E7B729C656454502BDD97778D4200899E77F77D71A005C594BCA432A822C2648F74EF8650F77C1EA32932483CA48BF5E58A1BA7558D3654602D24888F99C468D085AC006048B6DF4EA7150F5554A6A8C9555E46A60011041322FF005E7F3C13094C1A8CAAA2991E1926041BC12DC85E31111350D4CE55840DD6F24FD303035886D427C7207A81F2C0AADA8C19AF0D16B340C5951A2CE10697F2C5A277327DDB0C6232A8AD962A19D4F894CE352FC0EF0FE22D96CED1AB50C853A2A2FF00C4883BF504E162B7B4E8D325E9F88A9F0F4276B83FDF1CF19B5038864E5881651ED34CDF789F962CB8B2EA93314416234901082F333B73C6E56AA565924F7750E864B08371020C91CB96209997A5519C57A0555C001923FEE08D8FA1920E056832AEB572E9514E95236264898B11316E7833A66B50F1242974900AB3113D403D7DD6C1655257A175632AA48209F649F58BEDD79FBF06E5F85FE19A9009A1431160951624C6FE626FE87A61A9A8F9946582A175298255B600036BDF90C0971269D4D4A6424C180EC08836B8EA6FFA6D82E1733481AC8DAC1A7E2B027C03A11B75D8E269AB56EDA575FC317EC8333954CF2E6A9548F0F7001734BAC8ABA587931DA31A67F8FF006D537645A38D1731FCACAD63EC99B80BFA8C2AF2F1138F19CD59740124690368F23CB1166A053A680B4D43660A142C4CCF3E5F7E98D5517769654058900036E97F5EB89D82A88AAC204B6C23A1FA6084AB6462EBAFC3A554B19117FDB08D58732F49699568765D20864B0D53CE7CAD826547AE4B37855CF875784168EB6E7CF02ED0399A619794EFF94923F6F9E0CE18AAC74D47D0BA5A62449888DFF6E782C324228035AB1240205C446D239DCDFACE09604D6A6E651430DA43018D4D1A0AAA1E926A70C5A09E8231C9CF502B51094E1B582371BC6FF3C6A2C545453AD8789B508247318A365C333E5F82F0CAFAAEA4D0A8639ADB575362BF5C62FA8BBAB44562C41D40B589FAFF0073E781AABCE645B4AE90214406D3F1138D3529AA7440242D34555214042141EBFE3EB886ADF2A18F740F84893A846FE5F2C19A964352A86B52D641835A9813A87F52FF00CB7B738C690E38474D685594FE65B83BEDE533FAC622AA33D454496024CF9F2F28F5279E235105884CB2EA57354C962C072E47C888F962C5FA882053322088018FB200327D7A5F90DB156A6D5A2695456354B53462AAF5001E289F67DE6FCF1125F947529B1A21D75B041E22A2349DE76B4DBD2D88B151C432C9A9AA286458B899264EE396352AC5B765290FE1B89D60B114E9D25E925B57C3C18566FB8A7CD0EFBF32804C995B91316FAC60D1AB53327C54DAC4DA1847DDF0A1D534A4B8DD6E4017889223029F3A69BD44707548D2AF63BF311E5B79F96187C0E5B2CD99624185020124419DF7182D3869EBA55A48074C853B8B8B8FDBCF110C265DAA1ADDD042D4E93D497A81255449D327DA306073E981CAFECC55CB3108DAE8B0D4152933C337B52557FA41041B8B9163322B3AAF9A67539D1A59641136BFED6B62B460B2F76DA56246DD4CFD9C111EB2A2BC2F76D004CC8831718669DAF55D692A69AF20ACB0D27C26F6BEF61322D7C63D732661A9D45080DC89B6DEEF2F7E2AC546628B9624C6851300F2C555AF03A88BC3B328E575AD75AAA194111A63E703CA2379C4E53B1B9E1B515F2AAF219E25A46C4DED8CC66BAA53D5AEA4DB700AD88882647D2FD7149509C68AD2ABF98825D74A9F3104E235EA553A9CC1BDE44E92D1D63D3F4C5671356A9757B16A7132DBC798EBB62A2354FE454AB5D3C4A60D4A41A3FF00B0F3F2C46A78ACCD6616A23103BC2541800CEDBC9D8EF83522BEBD4216ED79178B0F3F4C56874C980C8554A89016FA80E7F29C04AD40341D2C4DA6F1F0FDF06642548043F2248F0F4DAFEFC4531551481A554E95100025769008F761162D722DA3B3F5EB10A055AE5C0023C28A14401EFC566FFE9406AF7425A92354113A8DAFD06F33F62315BED15CC3142C21FA00605BEE3041784B3015069D404B98206D2446D1802E205D78855CB83357BD2A62082412275731D0F9E02CA6952A54D100062013F9A6F27A4FBF6E588B6186ACBA59998095DE031913EFC0C55E65CA3C30D2C089522208DA0F4C5C4BEA2A555A6E208B91CA27D679F4C045300429D2019D5CB6C5425462AAA073060CFB33CADCCF5C04635D949D4C4493F9019F88C3A86BFFD9, '9999-9999', NULL, 'p@p.com', NULL),
	(5, '18', 'HUDSON', 'TYLOR', 'JAMES', '12345678904', '1837-05-02 00:00:00', NULL, 'M', 2000.00, '2014-10-01 00:00:00', NULL, 'arflores', 'arflores', NULL, 2, 1, 2, 87, 1, 1, 107, 5, 4, 1, _binary 0xFFD8FFDB0043000403030403030404030405040405060A07060606060D090A080A0F0D10100F0D0F0E11131814111217120E0F151C151719191B1B1B10141D1F1D1A1F181A1B1AFFC0000B08014A00DC01012200FFC4001D000000070101010000000000000000000002030405060708010009FFC4004010000201030302050106040307030500000102030004110512210631071322415161081432718191152342A1B1C1D11624335262E1F07282F11718253443FFDA0008010100003F00D4A7B51582C791C570C6060E714A2150EB8CF7A2DDB636CCE68B642D8C7BD1889B00AEB8DC3148DA2CB51B8D8A36F73DE87220182ADCD174249719C77ED42F38FC668121DEB9C1FD2B8AA40CE0FEB450889909346C90A94E3BD0E187B508F26B822E41F9A37C9FFABFB51A900DAC0B7344B5B003D479A298EC18E7E940233F34A238F6AE685B73CD737A9DB8346E3DA8A96125F07B57997C90427345F96586E3FB9AEC6406E687C6E3CF15E38C71DE93B7735CAF120575006072714148C8CD0D723834727E1E7F6AE8453DDB93F5A17903BE683E50C77A3000A38A4DCEEED47F23BF6A08C67839A3D721B7628133B1906178A29987CD12ED8008E4D189312A323F4A179DF4FED4186009DC1A5231B813439883CE693336149EE6BCB2E5003499D886CAF7AEA3B16F5518ADDE8B2A49CF615CEC79AF06524EE01BF2AE6F5E71FCBF9CD0D25DA0E3181EF44BDF42920F34E4119FC5C52982E2298030B2B64760734311A8625FD23E4D1A8449C06057E4508C409C2727F2AF6C61C053915E31639EC7E2BC54E0FC62810C4334A0FA7834176E290B212C73423081DAB9E5E2B98A1F9BF5AE094E6B865CF0C71406E118B0C8A0A37A060E6BC32335EAE83CF3425750A7278A21E54C9F57E944A4A39F2CF3F1454D7904336EBB9D142AFA812319A8F5DF5943334B6B686377ECA5483FE74CA2D64BF666BAB878C8FD0628B8FAAED7A556422E229953241DC29967F1D740BE12C5712B472AF1E961FEB55FEADE3ECFA76B22D74F27EEAEB90C48CF1FAFD6AC0F0FBC52BFD7EE623760A425B1CFBF6ABDADAE77AA9C93B867BD1EF93824504F63F951519033934728F34163DE9349200E01343603693FB515B87CE682EC38C77A2F2DF345975A02CA37633EF5E98FAA8C88920AB7E135C2A13017B0AE8391CD7ABABB73EBED5C9C26CCA91FAD21DAA64038C530F53F515BF4FE9EF718DD2804800F04D6779DFAA7C40D7D57EFEF0E9C7F12A92B91FBD585A268FA5743CA3F9CF2DD118CCAFBB9AAE3AF3C5BBDB3B9B8B7FBC2A20070002315496A3D5577AB19A18EEA6CBF63B8D1FD07D03AA6B97E5F7EF56C8CBB1CE2AEAB4F01ED6E2EE3BABA666963504A06183FDAA6B6773A174F2436CAA229D180C6791FF98AB43A6BAA21BB217CE1B0003DEA7915DA4A8BB1F7907B0A500165C8FEF41F27BE077AE8251083C352668C31C9EF4637FC2C0EF44AC6D9FCE8A65DAFCD0BBD214524E051FE48EF8C6280F92E00F7A38290BCF18A0939518A089001B4F7AE8619C039A12FAB3C671454D308933C1C545B5DEBBD3B44630DCBAB4C4120018AA9E4D77FDADD60C2118C2B9E3190735257B28341B591AD542C9E59E7EB59DFAE750EA15D596F600F2431B1670A7381559EA565ADF575CCD7115ACCE18E3F0E3F5A9074278757D26ACA6F2D652A3BE456B5E85E9AD3744D215BC8513843DC60E699B59D72F2D52EDAD63EC870477ACE3AB7515E5C6BAAF2A3EE2DCE5BB1CFE5563744F505EA6A9144CECAAE4019E7DAB54F494EE96E0CAB93276FAD4AE3712105391FE14693B7F1511230CF3C9A064578F1915E07B52793973F9D0692C39C718A1B3301EAE7F2A2D5FD40D2866DE848E38A4F1EE079231433192C48C50E34F5FA88031DE8E09E5866EC3D8FCD30F51EA09A4E9B75785639122427F17BE2B289EA983AA7A8A49B50611ED721416F6CD3F41D5FA6E85A822DA94F4F720E4FF8D4E2CF53B7EA58DE4F37D438DB9147DA749D8DEB4E970080E31802A43A3F42E9BA4C3FCB8D493CFE118A1DA68F6C934928558D89206D5E29435800A446C58E79F6A40742112EF75521DC020FC5326B1E0CE81A95E1BD9088D89DC02E3FD2A39AF748A74F496EDA7A066439EDDC558BD09D592B470417602B2772DFE5CD5AB61756D2C7B9254E7DB3EF4A5FD67EB49654E68214F1C8A13290B9A2973919A030CB1C57B61A43135173CA5580AE16279E68E466C11F342ED8268D038CFB574053C37B8E31EF4C3D63D5B1F4669ED3DDB008532370ED59A7AB7C7AB5D7B43BEB5825E5C954DBEFF9D50714777710CD3C32324AED95C37D690C2355B1BA8E59E47990B7ACAB76AB3349EA8BCB07436D233A6F1B8A938AB9340EB666B58A495CB138C806A592F58C82246C32A371DEA49A4EABA4CF0032DD6D9B24B29E281A8750E970CD1C692AFD4E6BD7FE20691A58717413CA54C86EFCD42BABFC51D317474BAB5B8FC442E01C60F3559F5278B6AAD02472B48760CE4134D56FE204D2C9E75ADC81819C06C55C1E1778BB6DAC4AD6370E9E74440272727B5681B6B81742264070CBBBBD1B349EAA2CB702B8BB98F0686D1B2F279144B03B89F6AF1751DCD34C71BA7F564D1B80786193420AA0E31C51CA809CD18154512CFE4BEFC6E5FF0096B8AE3CC690E5542EEC5644FB52F881249AC47A6D9C84DB88F0E335987478A7BBB88EDEC230E6693918E4D5EDD3DE156A12DA8334526E700AA01DFF00BD585A07D9D67BE3E66A11CB1C04676FC9FA7356BE99E05E9163A7476F3C218819240E7FC69C74EF09749B594158F68F60453BC9E1DDA4A0C7B032E38205103C2DB555620609C73EF4DB2F82B652CCD2BCF3139FFCF7A52BE076953A8370EF2FB61C707FBD23BDFB3BE85770BDB904464E4051C0FAF7A83F537D96ADDE30D6324CCDD800BFF7AA8BABBC20D4FA46CC98ED998E0F65E4FE7556D80BAE91D6ADAFC8923677CC8A38C60D6ECF07FAD0F536876B220259140249AB2AE06C6E39A28393C1A10AE907E6BC00279E70B9AE47875CF979E69AFDD68EC83C01CD05BD34644D919A33773CFEF45C8A36B31230013DE98FA9B5F8B43E9DB9BE90AA048896DDEE306BE7475C6BF79D49D4FA8DD5EA86B6919BC9C9C1C64F6CD4BBC19E82B8D59EDEF16DDC2893D1B873DCFB56D9E95E9E48EDA26BD8889A320636FB62A776CA446A8BE845F81462C67CD40AFB462B8CC37801791EFF0034B6162BF1FB50DE462D918C7E5435909E38FDA84D23118538FC851B0398F05CEEC7B0AF33977639600F6A8F6BFD356FAEC452FADCB8E70700D507D43E0358EA7A9DC07B7622424C7E9E07F6A7FF000FF4D83A15FF0086C6BE5B29C61B8AB6FEF9099230D866917230720518987CFC8A0BB60E30681B9877CD18AF938C1E462B8A0A0C03C534F987D395E28FCE280DEB3F38A311B1C51ADF869119F2C623C061DEABCF12D46A7A6CB68C76A28FC39FC5C1EF58BB55D065BBEA073346AAB049B63D872319F8AD01E082B8BF8614C615F0E71E93DFB56A68005DD80A4E7FCA9645B587FCB4601B6442BEAE2BB1A127715FAD1EBB8E481C578B302462BAA5872578A54ADB803B6BDFA6284101E4F145CA180F4B537BB6F62C517238DD516EA3E9B5BA1F7A8A30661FD405543D4DD773F47F525BD9CB9F25942925AAE5E96D76DF5BB1898145122821F77D053B28DD26472BED46AAAB3578C619F00E280D185246699BCB5F4D1E06DAEB39119C283F5A2E2763FD38A3F24F046063FBD35DE30891E493F10FC22A23ABE8926B96D2BF99120718C1354CF5EE9FA1F4EF9204909BA5FC7871DFF7A99F83371652450C902287639C83F5357DC122EC666FC5BE8D57DBC7B3528460ACBF19A532DD00CA02E451A25C28D88315D57677F5AED1F347ED0070735D6CAA8A089063D89AE79E4301B462BD2B64761CD276E01DFD8F148EFCBB46C88D81B6B35F8D1D34FA95F583468D23F9A9CE3EA2A636CB2F4AB69109671198559F8EC4819AB574BBB4D42D12484EE1C1CD2E2B8E450621B24DF9C718A1F1F39A8E891B2BDA94EEC9E68C540C39CF34250147A4D0448CCE1463DF93509F117A8068160B70C4EDC61C8FCC55512F5E5EEABAAEDD27F996AB182DB7B566AF13B59BAB8EA0B96732282F8C1278E6AEAFB3E6BF12FDD219A5191F27F3AD4F05F09D8143E9DD4F4804CA9CE31DE9444BBDF9A728ADD7009E7F3A52D6E02E40A4CE4A9DB8A3636CF1ED473A0DA39EF48D940624F22894FE6B36CE31F342329ECC391454F72ADB415391492E26FE4992E061361CD55BA9EB365D43A8451C4A3FDDE6CE3DFDBBD1DAFDD45AAF9719DA5A20391DEA59D25749F74114402E2A4C5B79C1F6A24925B69E4574C79FEAC533089323F151D818ED5E595C000631470E50B363340BA40A032F03E2AAAF1CFCBB4E8C9DEEA450C63CAEEAA73ECD5AFE9F326A30EAD2C68CC7019FBF6150EF1D349D2D58C963731CB24F23655783C1A47E0B6997515CC0C524528C0839F6E6B68F4F5A96585483CA83FAD4DE1D3E440768CA81922BC7F9327AB814E56B7D011B7700C29735C46C9952081DE9332AC8C1B9C1E2B883D44738A5440F2D491CFCD2631213926924F1609309C1A2449B655590839145CB3E4E000D938C9A68D7F5086CB43B89AE24C6DE303E33598BA33A963BFEAAD745BC836C6C4818EFC51D17591B1D70C521C6F3CE41F73571F42EA2679080771C6E38AB1C4809054637735D3DEBD4CF10763EA347188ED273C5123961814784620AE783476D429B24EC01CF3596BED49AD0D4F466B7B398EC8F0180FD2B2C74AEA5369EC93DA4FB096F5E06738A7B864B9EAEEA1861762D1ABE338C63BE6B65743F40D8693636EF17AA6DABF88902ACEB8D72C7A7264FBCB46308392D8A511F8C1D3691956B98558F073281FE74DF7DE26F4DDD40DE55FC1BC1C0FE70FF005A4767D45A65D133C7A9DB80BC91E68A529E2369B14BF7782EE09063D9C1FF003A92695D536F7CB8591148F6CD2F935FB48651BA58F0C7805F14BED7568E58C9C23AFB6D6A0457C92BBEE185DD8007C51AC551B390EA7B0A6CBC203EFF002C823B547A7D5516E0C6EDE58EDC8EF550F8B3D7D0E9DA64F6C482A0E08079F6ACAFD0BD6DFC33AC05E2B6F8AEE5C32815A2DBA1A1EAE78B53B09027983718F7F20F7FF3AB0FC24B2960BFBE6BF52C88362B0E071C55AA92ACA495C055A346C71919E7EB5DDABEE0FEF4C68C621EBE0D1E9279AB815E58F6B66861899159718A2F502DF75B978812FB0EDC57CFFF0017B5BBF1AADDE9F7F1C9C37F57C1AA8AD6096C6710C0DB81CB337D2B45F807D1F16B73ADD7941DC49C938C76AD5CE0E9E5C4C80470AF1C63B565FF001B7C459F50B99AD2D59F7A12A369C63BD50E6DF55BC8C335C5C125B3F8CFFAD269F4AD460F51D42E23C9CE3CC34B6D64EA4B607EE97F3CD0B2F7DE78A3743EA2EA0D33517695E49549EE5CFF00AD6B4F0F354D4DFA72EB50BA57530807E78AA73C49F1DB50835275D28C994936EDC9038CFD6A49E1B7DA4B37905BF544CD6A9DB76EFCFEBF95694D2BC4FE97BB8EDE48F568446CC324B724559DA55D69FA8ED36B751CA0AE4156E2946A30F96330F9529C7B1ED54775DDE4F6AF772007099C60FBF358C3C52D6AF2FAFD83B4B1A96C1CB1C5473A22CA017524D80CD19DCA09FF000AD05E1EF88725947347704C6215C2F1DFB55ADD27E27D9EA07EE562364DBBD657B9C9E2ADEB191E448E3906C7EF253C4312A80436E1ED426DB9EC6A3EFF00CE833DD8D76DB31601EF8A55BC30FAFC57947B76CD1D660317490D65AFB44F853717BA9C9ADDAFA61DA381FA7D79ED595350D1A6B5B9573BC2B67209C76ADC7F677E971A6749D9CEEA144F87DD8FA55A3D591C6DA5DDC8B8660A720561DF112DAEEE35F9BF86E9F233312492BC77A886B90751E85A0F9ED66492782A07150D8B55D5355B844B8866C119E054A34E8A4C08D9E48F1DD58F714F11583EA3A959596990ABBBB8DD8ADA9A77475D69BD08D6CB1EC3328071F91AC1DD59A534BD45AA437400F2EE1860FD09A6393A7EDD0AB01E6498E06EA1C36B6D2948E59E785D7D8311524D1FAE3A87A56E55F4AD6E5BA8938F2F24FB76AB97C3FF00B47F535CEB16B677D00313900B1E38FDAB4AEA4B1F51F4F9B995541719240F7C5633F1574E8D7529E1CE4873511E99B7B5D22669677C28FC2B9EF538D02E2D358BB9049208D4E4707F5ABB3C27F0FB4DB40BAC7DE7CD134873CF6C7EB57DD8EA11DCB22DB9DE147ADB1DE9EA16518C71FAD1E66C76C54584C42B0EC0F6C57A3C9C6E63C7C52B88E06694805DF70E051AA515817E179C9AAF3C6379A5E89BD8ED1803E49D8C476E4562AB2D1DF5578E1B956791B8DF9F7CF6ADB5E1EC2FA4F49E9BA79E3CB8947F6153086CD6F048937A908C107DEA3BD4FD0D6DFC2E69ECA28DEEB6E02EDFFB552B71A00BE826D3B5FB291A177EE8BDA99ED7C35D1F4BBB2FA569D70CCC31FCD5E0576E3C0E875291EFA632A48A372C69C0E7DBB54FFC1AF0322D3F5A3AB6A619403958DC76F6F8AD34F61F7CB792D5506C313EDC0EC71C1AF9B3E317475F689D5FA8B2DB48E924ECDB80383C9AAEADBA6B56D6BCDF295AD22894BB9E4161FF0082A38BA8EA11C8D159AC6634254893966C53E5ADD97D3E16BB852D66DFFD2B8CFE7532E8153A96BB66A8D860E0707DB35B8F4B88DB74A792E7710323F3DB58B3C66BB9A1EAA9804E18FF007AABA4BBDED990EC61D803C51FA46B9716B78121E23673B8E7E95AA3C3BD6058F45D9FDD6432CB248770CF3C9357AF87B6F749612C97391BBDAA77850B851F15ECD45C127B1A530038E697C316473EF4BE1DA8A5319A03E141DDF87078FAD443AFEDD6F3A5E781C72C9B723DAB1CB6972E87D536764242A934A0AB1F6E6B5DE9B786D6C2CE36956554897381DF81EF4F361AA879F0781F19A7D6BB8DCB865C71FA5344D6DA6AB92BB493C9DC33CD0A1B7B391BD010E0F3B9451F7F6F6D1448AA1464F240C548B4308426DFC1B719CFBD3E79C6D91DC643B02A2A99F117A3A2D7A6CFDD448CCDCB002AB693C3F8FA6E5373369A6E2DD632AE800E49AA7FA87C29D0F5CD445F6903F873824BC438E73DA8F1E125AEB56E22B49375CC18FE9E0D19D13E126BFA1753C731889B60464F1C735AD74CD3CA692D1DC9F56DE3F6AC4BF680B516DD4F230CE327DBF2AA52760E303F130E0D0F4141737F1C2C70BBF05BF4C56C6F037A02E67B780DE331B557DCB9391EF5A5E0B74B367B78301140CE052D4E50135EDB51931087DF34743271FAD384527E9472939EF5D23702BF34C7D4768F3E8F78AA9E610B90B9E6B306AF6B0BC06F3518445750CDB5093CE39356969F77BB41B39EDDB044633CFD28367AD4A84CCE4924F6CD486D6FEFAF016F5046C014ED67A45ECCE598F1527B7D3C5AC2772E643C83F4A0EC7BA91548182DC11535D2B49FBBDBA0CE49E6945E45E6C640E02FBD479D879AC807F317B7E74DBAA7F2834570B946FC79F8A8ADDF43681AA976D3ADC79AC73C1F7A70D07C3AB2D15CBC56C77B7E339FFBD486EF4E806368DA71ED444E0416EBD882307E9586BED197303F534B0E70413FE554588CDEB086350EE480011826B567829F672B7BED1AD75CEA0CC624C32425793D8F1CD6A0D1F4CB2D06C92D6C2DD9500C06F8E4D3AC6022E4F73DF9A33E0022BBFAFF007A8DCC48233CD044C38031DE9CE204A9C027F4A529ED46A0CB0A2A440FBB206CC10C7BE2B2BF8EF612596AEB1DA92B6D20DF9C601393528E91B88DFA5ADE20C0B08C739FA0A78D16C16E0659800ADF356368B68912286058002A551449E5AECC2FE98A4BAC893EEEB0DA9C48FC83F02A2FAFF5B693E1E58C375AD4EA5D80380E38FAF7A5BD3BE3E74CEAB1AC9F790BB8600322F6FDE9F66F15FA5F0CAB74BBD8851FCC5E0FEF498EB08D70970AEBE5BFA949380452FD52D5F50B269213CB0E6A01E4DFE8F73E6216C0F719C549F4EEA5B9907FBCE307EBDE974DAA2B004B007F314CDD49AF8D3B477B87202856E4F03B1F7AF9E7E2E6B336B1D617176E775B6E2061B22A45E10F86EBD6BAF59C8B9F26365661B739E6B7F69769FC3ED2CB49B7CC705AA6003803818FF2A55246233B54657E9DAB9DFBE6BAA307DC508FD0D3064CB92FE9A02C61482A734F36D29DA73C1A3C50C3EC20FC1A146238E19143FF00C4AAD3C52F0F3FDB4B41F7661E7451ED07F7FF005A82E83D2571D3BA7C763792E5D7FA8FB54EB48B388DBAE36E41FDEA63616EF8609C76A76B62C1584BFD342BD85D74CB9BA452CD1C4E57F6AF9E9E2C7526ADACF515EDB6A9713A5B2398D17DB1938151ED2EE67B145786E256C1C6DCF22946A5D477D0DDC061B899419119B2DF15A5F43F14A3D67A2EDA2B7FE65E418423DCF6AD05D297AF73A7C0F3B7250650F714E17D6304F0485D368F8AAF3528E5B1B81E59C2678A66FF0068649AF5A024617B93511F153AB8C7D39710238C3FE0C1E7B1ED593F5DD3753BE9618ED6D4BC770F932301C56CCFB3A742274C74DC777768C67907A78FA9ABA5902CA24620330E68C3F80E0F1F4A24BEDF714169B71DBC1E3DAB9834C05DB3EAFEAA516F00EE01CD2C46DA0E78C52A8A61800D1848F9E28ADE89F886E07DA8F902BDBB3403613C1AAEB54D31A6BE3B9C004FBD2FB792DAC91622CACC31C014FD61AAC28CD1855E71EF521B451760129B529CE78E25B49E194A942857BFD2B2378C3E1D584D786782301DE52723DCF26B3F6A969FC0AE4C411A4666DB803B54F7A3BC10D43AE27B7795C259EECB923EB5AABA1BC07D27A56D5F7FF35360DA7FEAA79D2D869B7334614A057DAA0FC548A399A781D4FF0055403ABE436E80E7F171FAE6A116117936977777396639C022A96EB7EA85BFD6ED936F9B6F0B624455CF39ED567787DD197FD5F7F632DE58C56DA4A30218A1CF6AD2F0D8DAE95642D2D22DA887D3491904AC0BF7CD065711E50773492491F7762476A32DE2323A9C11834B658773E6A329FCCE5BBD385A7032C7F4A51BD1F831F3F2050822A9E28D5018F3DA82DB236DCD83F4A8E6A9D51F7394C03824F029A2E7534B942C98128E699DAF092D232E5C7B53AE933E5FCE7600FC1A70D4FC5ED1FA660617D7112C838DACE050346F116DB5D826B88AEEDD6DA43C1790534EA979D2F7D768BA85E5B49B98E3F9C09CD46B50F02740EA0BAFBD43A8C316E6DC46ECE7F5AB4BA4FA4A0E98B368ED0168D401B81E09F7353D82F222D145E7230C0F4E7B7E94CFD4905B44E65D8139E580A61B6D49CF9A9138214E01DD4C1AE4D15DC122DC282F1F2B8E79CD55DD69ABDE693A22A42F187933E9C726A9BF0FF4DD475FEB4105CC3E6C0F71994153FF0030ADE3A068E746D26D638562894276CE28775216C773497381C77A264E7D47F150146F2076C52A8C88B90D8AF1B9E7F154722E4F34E117B51BCFB571776EC934B23048E050268C8072001EE6AB4D76D60BBD59245BA55546C919A8DDE6BF6BA7DD4B199D1893C60F7A70B4BF172BBCECDADDCE7DA9BF5ABC9AD21996DE600B8F4E3DAAA1D53C1BD63ADEEF7FDF9F6C8F9F576C7EF525FF00ED7B568F4D82D21EA26B58C70DB58F3FDE90EB7F651D634FD385FE85AC4F7F790A83F8CE3207E7509683C55D0505BCC97595FF0091323FC29CF45F173AFBA3A688EBB05CCD68CD990489EC7F4A7FB9FB53B0D4ED5AD2DDB617025E3B7D3B568A4F1120EB4E9059ED590138279E47FE62A1D63D4570AD39019941EFF34F5631FDFAC8DC4D28CB1C01EE0FB556F7504BD49D630DA326F86D4E655278E3DEAE4D0B41D274A952F34FB48DA79001215F63F35624686E2DD1DA42A00E06293CF1B63B526D840E6886524E4F6A12A29E52B8F1B01F8450423E380298226A7085B228F15D079A59070C28BD4A3796D26118E48AA17AD5ECFA56DAE66BCBE026946550B723F4AA4F54EA8B3BDD56C5E3C79793BD89E0F1F9D4CF4DEB2B69AFA34B6556B6420330352FBEFF007F31CF6F1E21500939A97E9FD69A7697A308FCF8A39D0630719FF1AACF55F146E24BE65FE259880DD80BDCD343FDA3F50D21DA0B5779154E0E0F7A77B7FB52DC5B4C92CFA7F9CAEB8F903FBD4C74BF19345EB8B8B1D3F58D2E011CD90E481BB19C7CFD6A19E29F81DA64CCD7FD2B188A266DCEB93CF7A62F0A2DB50D3926B2D40B431EFC2A138E066AF886DECED74DE36972B93406D5AD344E9FB9BE58D5FC95DC327DF3559F855D48359D7F52BE689764C480A477CD5E3A14D08B8F2E0B7F28646724F7353F898476EA1B3DBE283372A48ED8E290798AA7073FB51A814F27F09A4F30D8772E003DA821C95CB371F15EDC0FBD30C2B9FCE94C5E8EDDF34A5B8CE2BA9C9A5D121FD28F00A64E32769033ED595BC76E897EA1D5639A4B860CAB8DAAD8C8C9AA3358E93861BFB6B7B495B0830E37734086EA2E9F59ADD656F34B640F8AD0BE17E3A83488A099D59E45E727B71ED41D67C1CBBBBBD9E4B7958C6C78018D46EF3C0BD5E4C9B46950E31966A8F4FE036B96C257B86DDB8673B077A896A7E1A751691133BD9CB3DB8E4B85ED45F4CC9736B7A2510319E1F563B605684D37C51B697A702AAB348A9B595C679A856A9D4CB1DC453BE2277390138A7687AC65FBB9FBC4ACA98E3F2A82756F884F7491E936F395825243F279145F4C6A57BA25F595C696A5AD139971EE0569FF000FBAEE2EA781DACED94C9180ADC639E39AB52DE791E2457C7E74A9C2796C29B252BB877FD05172367217B1A29817E3752670E8C013C6283BD876A6B8158739CFD295C637103B7BD297EC68314C01191CD3A42CB8DC5B6AFB9C50A7BDB6B258A5BA99551C719FF0A81F5CF4E5B6B31ADEDB83FCC524151DAA88EA0F0C60B8B7BABBB3694EA118CA2FFCC73F9D507A9DECB68668F5B8560D5509088477C54B7C17F12AEECF5E862BF416EAAC17E46323E95BA341D42C754B48A4332EE201CA9CE734F7F79B6855834831F246699F53BEB4936A2DCAE73DB14E969A2E9FAB5A79523798A7FA401CD55FD5FE04D9DECCD71678B59463F0E7B54225F0A21D1994B1E307201EFF00DEAA9EAEB686DCB497120DD11F4FD2AB9D7BA9E76B678E391BD5F840A66E9CB0BAEA6D48406376D801DD9AB7BA3BA4750925FE1B0877EE36E7B5695F0C3A067E9F9213716FE54630CD83CB1E2AE1951559768C517290A87DF34D8E7D5CF6AE48EA0600E691BC6EC72A79AEF96C5704F3411011EE299E08883CB6053842476C13F14691DC1A0A20DD8E29D6D4AA950EA181E0835937ED1FE2F5C5A753D8E8FA43AC36F14A824287E48FAFE75A37A7EF46AFD0FA6DCDA82F224037023B8C77AAE7585D4619DEEECA1C946C918E0F3553F5D787D6BD676AFAB22F93AC2E58003DFF006AA3B52D2EF3A6EFA13A9C4C9203C91C1383561F4DF8D577D3645BA4C5E3201E73903E3BD4E8FDA0A69ED589910678C1FF00E681A5789ABAA5C2DC5C5D0500E319FF00BD5B9D3DE2E68F672449F7A42C719F50FF005AB1D3AFB4DBEB59E486EE366C0E378ACF9E28F8A8B6F77E4DADC824641C367E6B357527515C6AD38CBB3023381EF4834FE9CD5FA92EE18B4CB669189DBB41ED5ABBC25F02A5D3EDC5D5CC67CE9914381DD5BEBC55C5D21E182E8DA99BD98112063FAFF6AB292D56342C4B018E01A2A6E0827DBBD2193737D07D693CD1907239A4EE809C9EF5C2B93C1C5006376D24E6BA540F7A632DBCA7B7CD2B8DF6363DBDA9497E3216BD028937BC9E80BCAD27EA4D562D1BA7AEAF2590262362A49F7AF9F7D7372DABEBDA7DDAC7E6DC5C5DA87C9CE40231FE35BF3A7A39B49E9DD191C2C764D0A9970BF4A41D5D1C49134FA736E81C64003BFE954CDD6B0B6921611EC9377A90F19AACFC45169D472FDFAE2311883FE5FA5535A8DEC724E7EE48A403B777148E4B9B8111E1579CD2C8B57920802924023381C513FC7A55903A33A91FF51A7DB0F11754B7FE5C770EAA783EB3CD76EF5CB5BEBD8A6BE63248386524F34F9A7F4AC7AF3DBDC69CBB707950335A87C09F0B21D267B8D43508F3939F52FE1271DA9FA2F14B44E93F16A4E9B6B86CB636AB138279F6ABDE76890AB3026393B10DEE6801B31ECC607B5152C63183444C161EDEA3495DF27212934A37B138C73449237E3DE93C990E48A06F3EF4D71AE714AD101CB0238AE99989195A5F144D748A157080F3540FDA1FAC96ECDAE81A710A77618AB67DCD51D77A34D676F697DE5A4C6D2556D8A324F3CD6CFF000C7AEB44F11FA66CE3B79E18DEDA2F2E7859F07200E31F3CD36751CB71D2F79E5F92F7568EC766C5DDB6AB8EBE8A3B883EF16D0F96CCB920A631DAA9CD6752B6B2BA8ECA68C3C130249EFCD551ADE872DCEA7249A3460A673CF14D52B6C1E44C479EBEDEF46B5B878433A95C0F7149D205604AA023E7140311471B62007BB53B0361656AB713A179338DB8CF35A03C0FB03AD5F93040E2DD6124E5318383FE95A5B42D4A7B3E96D4E596336F0DA83891F82D81583BAAFABBF8B78A32F50DBC819EDAE76927B9E48EF5F447C33EB2B3EB7E8CB5BD8A50ED000645CF3C54D1407206DE08E28A961E7BD37DD28F3010D9FA512E7D3C52691C6CC1E0D2091CAB640A2B716727071432E3E29AA1438F7A530C7B724E4FC8A57024329F5839F6E2B9AEEA30F4F69135E5C4F1C1856C6E20678AC63D47D4167A8F51CF7F7DFCC0F2B79673C0E4D1926A76E6212443D023398FFE6A88E81AA6A3D37D4169274C5C4B0CB777018A0624004FC0FCABE8868961F7BD074F3A9296B99604799CE3D4700FBD25D63A634BBD80A4F688EC46DCB28E2A9AEACF012DEEAD2EAE6C6688142CC06391C1381C564DEA0B0D5346D566B3B7824F4395DC54F207C5312E9B099A5B8BB88FDE41C86231499A3B99A799A6204483D200AEAC3BA3CC60134AACF476D45D55FD1B727B63F2A9A746F87771ADCCED35919E1439195278FDAB6FF84BD3BA7E93A5F96B611C12ECC6E55009EF54EFDA73AEB5AE9383F85E99148D693A61D6253C039E78FCAB1A44D02BCDE6A3C7713486452CA7BF7AD13F657F11E3E98EAC6D07549CDC595C2EE20B70AC73C56EAB762C04ABCC122868CF7A0CEE7DF8A6BB98CBF20D2758E40727B5117272C693EC07935C31AB7D283E4AFC1A470296CED8CF3E95A57E4359A37DE992255192CDF1513EA0F167A5FA521646BA49EE1796507BFE5C5673F143C5C9FC4564B4D2A19F4ED390025CB70C7FF0D4274DD167B858E2BA4F3501CEF1EF4E775A2ADADC09373792AA770FD283E10F4D49D57E28D9DB18C9B6B2951B8FCEBE872C66DA24846D11C60228F7E0571EDD641DB26939B2B648E469621B3F3F7AA93AD3C1FB6EB270D636E904BE66FDEA3FA3DEA98EB5FB3E5EDE6A8ED6103AC6BFD2BFFCD41B57F01F5B8DA286DA3943B800F1FF007A2EDBC12D76C9FC89E2760BC0E39FF1FAD3E45E046B8D736C228A4883BAEE27E3F7AD3FE1A74243D33A624135BAC9294F51233CD4ED2D8C12A08502803070318A06B9D25A6751AA2EAD610DD385C6E65CD44AFBC05E8FD5202E34DB78E5EC088C6735883C59E996F08BC45F2B4F89CAC8E2457438C1047A6B76F841D4C9D67E1EE93A9C443CF1A8478F7723D23BD4CE750C9C1CC9F14DD34649CD26903A9C0A25E1DFF8BDA8868F0702B8571DE81BAA1BD5FE29685D25067CD8AE6665F4AA3838AA235FF13754EA99279AD6E0DADA861C122A0D26891DDDCBDDDFDC09A4C6796A76B3D3EC92DC8DD1945F5637668BBBEA1B3B775862006DF834CBAA6BEC6D2510A17DC76ED0339CD68BFB2D7434B651DC750DFC411E76CA1C76E0569336C247568F6C8719233F346ADBB20C488ABF07762AB3F133C53D27A12EA3B6D59956071990A30634F3D11E23F4D756D8C0BA4CE1233CAB34814E7F7A9C1B3CEE9098A54FFA0E69BAE745549125842056393F4A05E68B106494A2127934B4DA46EBFF000D70540E2BC9691A800023028A31AAB1C71462CE233C638F9143475490499503BF22B2C7DB13A263B9D22D3A9612C7EE84ACBB14F00915497827E2CEA5E165C85D40BCFA248C09453EA03233FD856E9E8FEB1D27AFECA0D4741B8421D32F1BB8DC3F4A77B9211D55BF96F9FC3DC526963663C1C512CA518067C9A2E545C12293B0DC307B504449EFFE35F3B6DB53B9D72F7EF1A8C8D33B0C6C624629CF5687EE9A508E2DF1B1392371A059453DE59A02E5581E4E68ABFD4FEE1702DA1248DA338345450DB4AA66964F5FC134E9A586604C11894823008EE6B48F87BE3868BA1F4F43A56AD37F0E9A26DAC081C9C53F6BDF683D0B4B8C7F0AD4D2E99973B114649FDEAB9D53ED51AAC83C9834F0379DBEA3C9FEF50F8344D7FC56D596E7519BEFD0BC8490AA70A0FB1FDE9C7A97A5351F0EADD67D32E64B2F206420C81FB1A9F7855F69C8639A1B0EAA88FA8603EEF7CFBE4D696D17A974DD7ED96E34EB98A5824E40DE323FF334BAE76797B39601B1B81A5012389008D0B7BE7BD030AC725581FCE8A68D09E549FD6826043FD0D5C581E4564FC4A7803DEA23E2CF4DA753740EABA6DDF9412643B41232718FF4AF9C5A8E8CFA16AF730CEE67862660109CF19A97F4575FEB5D193C777A08F46798C1247ED9ABDB4DFB4F9D3ADA27EA0D2DA3563EA6C0247F7A9CE83F689E8AD6F62BDC149DCE02B10073560DACD06A661BAD3EE239A2724E0367DA8F91020DAC7268931E47A7BD0D5140C3601FAD7CEFD14477D21B98514A8E78A5FAB5FDBCF7D6D1051B557128F96A6FBBD485A3EC870DCF614DD34D6D3319E7F4C9DBEB43B7820B851E5F9849F639C54BB48884112AAA85391DABB7BA2DCDD5E192D36F9AFDCB014C7AEE8505B133DB4DBEF235F5C40776A93F86DE1ADC7576A71CFAE5E47671801B1E600C3BF715A6B4AEB5F0E3C2BD39A3B4B8596E635C39DD9CB01CFF008566CF1ABC71FF00EA04CD69A2DB98612E57CD3EE38F91F4AA951AD6D23011A5176BDD893CD4E7A37C4ED77A5EF2CE4370EF6EACB81B8600E3E95AF3A6FED1FD2D793E9FA7EB974B6D34C07BF07FB55D9A56B9A6EA5BBF85DF5ACD1927602F4BE48648C798FB1C7FD1CD12162241FE71FF00DB445CCD69A55B4B75ABDD241029C82FC638AA43AE7ED47D3DD27722D7452BA8CCE704839D9FA62A8BEB2F1DBAB7A98F93A746B1591CF623760FE955B5F58C8EBF78B91E64D27AA463DC7BD25D36189A620A00A3E0914F7ADB4571A0B2B364A36371AAE354B6583CA96DE6DA723014E2AD2F0FBC60EA5E89B780425AFAD41390483B7FB7D6B44F49FDA1F42D66D925D7D059B8077738CFC7B558BA275AE89D471ABE89770990F6563DC5395D5C4225FE648B1B606554715F3FB4C48F4442970A0A91C18ABDA7E9F16B125DCB0364870DCF714D5AF5A185824406F07922986D2468EE41B942C17F1548A1D62D4AB470A3A3770C4702A51D3CD2CA034A63703E0D48353320B56B8B4C8655F6A60791228219648C091B966C73446A7A6487467D46D2F64B79473BA37DAD8A8945A6C13C064575925E4B3BF249A67BEB674204AC8021CAED18A44D74AD91321320FEACD10F2328264977E7B014DD759BB68CCDFCB68CFA5FDEA5FD35E27F5674ACF0C9A3EA81107649BD557F746FDB03AB34ED9FC72CED2ED76E0B20EFFDEA6ADF6D929130934760C7B62338FF001AA6BC49FB42F53F8911CB65041059583F7CF0D8E47F9D56FA6D8A25E8912DD2698AFA9F1927E706A65690D99B953234B138F607814B2F64575207A931DCFBD35D8431C133C8F21DA7D8D477A86F5E03F738DD9BCDE7348B45D3E6B8978856719001619A9E5EE923452268C73B0379607009FA531CCA97F70AE228A328390E3BD29D23F8A6897CB7B6772214272888F81FB55FBA7F8EF258D94306A16F6ED3AAFA8B0E4FF7AA420B2FBDA30B8E32878ED834834186E6D75792DEC4165DC0B7C538EB3A7466E3CC9F0A39C91EE6A113DB4BF7E3F7505A3CF391ED45DCAAC6E7CC6619EC318A79D22E26B775301629DBE2A6B16A12AA241213EA19C1F7A65D73503929100481531E8CB0B6D7AD05ADC30DA50E41F7E0D54BAF58B683AC4D6E371433B0DA3D867BD35DE4B6D263CC94EEF618A6A9F28F8DC4E7E6915CB053C7045217B82C70C4B63B5084ED2955CB63E2A5DA4C59894312D818E0F34395D83ED2CC47C16344C2F990EF25B0DC64D3F58CE54A9CE08EC569EEDA5DCDE710490714ABCF248321CA7C51370FE6C802003E00A8DF5A5A1FBCC0D0828563CF1F34F5D2C27B0D3D2774DC48191EDDA9E23D7BF889952E5790BB6A337B3B9D45122185279C7BD4A74D8897812441B29CF52B1B696E999A2463803245061D3A6FFF00BAF619A67D3AE21B5EA7977B342C7F0A8E41A94DEE863593E61384EE69967E9968982C242AB7B8A8D6ADD386091DDE70FB46768A4B616B3A5D46EEE63B71DC95A71D4B5193EFD088958A640DF9E08A6BBBF32496E0C84E33818A71E93D7EEB43BD49A452C80818CFB5493C408ACF5EB88753B287CB9080580E79AAB35CB348254B82DB48EE98EF4DB7376D23BBB4623453C739CD37CD74B719C014D574363AEDE39A75D3EC24BB957CA4CE401529874D9ECC6EC608F6AF4A9B3371203CFA481491A1F5F0473DA9F746B09DE1662377C539F9530B66847A4B7BD02DA59AD8342DFCF272338ED5EF2EE08203056F6623B527BD8667108BA905D3703D039A964B62D6BA3C4633E4AB81E961F4A66B4D32594B17E07D0D379B74B7D4919F2707E69EAEEFE647B74B665505B934CD7B75A825D483CF0DCF7C55B571A35EED273C15F6CD446C74607AAE2171EB7039FDEAC2BAD1AFF4FBB8E48F0D6C53803E28BBE9FA75A31F7AD485ADC0EEA31DEA2573AD681673328613066FC59033514EAFEA9D3750C5958A81E5E08E71F1FE94DBA6EA366F3C504CC7923F4AF6AEEB0BCEA9928CD95FDE90D8C2DB199D5BE793530D0F51B6B58FCBBDF5873C64F6A7BD63A4347D56D16E530CCC33818E2AA4D774DB7B50F083800F19F7A8A5DA47183E5F181CD22F2BCD92318383F3EF56074BE978B88643F8403B8E7814EDA923B6F480E79E4D47277B9826442B9049FCABADA54D3334B920673C9A74D36E750B342154ED1EFCF6A7787AAF4D93FDDE55CDC76C91EF4AADE252DE6A7A7730C01F0687A8DA12A48C9006491ED4569B1226A96ED72B90067E94BBAAB5F4BF92DACED000AADED5EBB8EE6D6D17C939765E719E29AADAC8CC4BDD64907DA944D0B5BDCC78FC00679143BD55372E19972319C81F157F69D7967716A4CAB8F49196E2ABCEA2EB1B3D035F8E4D2ACADEE25030CC6A09D51E2A6B5ACDD79306DB48FDDA33DBF2A66B1D34DECA66BEB99260DC9772463F4A9043D222F626F2154C49CEF6EE6A11AD696915C95073221F4B0343B0D266982CC4E1978FD6975FC7249B3CD7CEDF6F9A596D70D0C47D2AD81DC9C5276D503EF1322020FA706A57D3F773DCC6610708D8039F7A8575F68D7714CAC81F0AD927155E5F24934E5533F14E7A7E92F249184776997B211C55896D63736FA7CB1B00B33E3F07B5370D2E559F75D5CC884F7519A54DA7ACAE501240ECDEF416B7B84F4293B47CD3AC11B324715E2F9519FEB1DE9BAF7A76D24D4C456F95DDFD5FE7487528B56D0EECC568CD74808249FE914B20EA9B2BA1E45FB496D718C123201343BEBD2B7B11B760AA53819A374B0B2DC79F3AEE707E2A5F6F2C32C65640E171DF19C5340F323B83B236783772C7BD2CD4A38E519C104267B542F52B90D7D316661C8C73ED81577DEB15D29B692386ED547DE316BCB92C493BFDCD365A0FF781FF009EF4F770488060E3B5581D34C7F834BC9FF87F3F41559EA7CC8A7DF79FF2A7CD2FFF00D7FF00DC3FC299B5BE2EB8A451927B9A4ADF88FE7561F4AFE28BFF0058A7FF0010947DCE4E07E13ED5404E00BD8F031EB352FE9300EA6F9E79FF002A9DCE3FFCB5A0F6C76A61D57FE3C9FF00AA830FFC45FCA95F70D9F9A76900FBADA70392296045FE203D23F07C512A01BBB9046466AB9EB28D16F7D28A39F614DC8C7EF16BC9EC6A67A3FE11FA54A621FEED5C8B86E3E2925C1CADC67E0D57BA91FF007D97F4FF00015FFFD9, '9999-9999', NULL, 'p@p.com', NULL),
	(6, '19', 'LEWIS', '.', 'CLIVE STAPLES', '12345678905', '1837-05-02 00:00:00', NULL, 'M', 420000.00, '2014-10-01 00:00:00', NULL, 'arflores', 'arflores', NULL, 2, 1, 2, 87, 1, 1, 1, 5, 4, 1, _binary 0xFFD8FFE000104A46494600010101004800480000FFE100224578696600004D4D002A00000008000101120003000000010001000000000000FFDB0043000201010201010202020202020202030503030303030604040305070607070706070708090B0908080A0807070A0D0A0A0B0C0C0C0C07090E0F0D0C0E0B0C0C0CFFDB004301020202030303060303060C0807080C0C0C0C0C0C0C0C0C0C0C0C0C0C0C0C0C0C0C0C0C0C0C0C0C0C0C0C0C0C0C0C0C0C0C0C0C0C0C0C0C0C0C0C0C0C0C0C0C0CFFC0001108017B010603012200021101031101FFC4001F0000010501010101010100000000000000000102030405060708090A0BFFC400B5100002010303020403050504040000017D01020300041105122131410613516107227114328191A1082342B1C11552D1F02433627282090A161718191A25262728292A3435363738393A434445464748494A535455565758595A636465666768696A737475767778797A838485868788898A92939495969798999AA2A3A4A5A6A7A8A9AAB2B3B4B5B6B7B8B9BAC2C3C4C5C6C7C8C9CAD2D3D4D5D6D7D8D9DAE1E2E3E4E5E6E7E8E9EAF1F2F3F4F5F6F7F8F9FAFFC4001F0100030101010101010101010000000000000102030405060708090A0BFFC400B51100020102040403040705040400010277000102031104052131061241510761711322328108144291A1B1C109233352F0156272D10A162434E125F11718191A262728292A35363738393A434445464748494A535455565758595A636465666768696A737475767778797A82838485868788898A92939495969798999AA2A3A4A5A6A7A8A9AAB2B3B4B5B6B7B8B9BAC2C3C4C5C6C7C8C9CAD2D3D4D5D6D7D8D9DAE2E3E4E5E6E7E8E9EAF2F3F4F5F6F7F8F9FAFFDA000C03010002110311003F00FC6FF3BCEFDDD473797E57FACAB1E4FEF68F393CAFDE7FE438E8032EF60FF96959F3C31FFCB3AD0BC9BCE97FD5C7E5D4737EE62FDDFF00CB2A00934DB34F2BFD64754F528639A5FDDFEEEB42CE1FF9E9FBCAAF79347FEAFCBA008F4D86387CBF33FEFE55C9BF7B51D9C3FF004D23FF00BF75626FFB6740059F97E6FEF28D4A193CDFF595259F97E6FEF28D67FE59D00470F97E5471D13431F95FEB24FF00BF751C13F93FF5D28867926FBF4015E69BF75FBBFDDFFDB3A21F2FFE9A799FF5CEAC4DFF0090FF00EB9D1E4FEF7CC92802387FD57FACFF0055524DE5E3E4A27A93F770FF00D74A00AFFEA7FD654737493CCFF57524DE5F9B55E69A4F37CBA009219A3F2A4FF5744DFBEFF592799FF5D2A3866F27FD654737FA9A00269A3F368CF927F79E5D1E7470FF00CB3FDDD4734D1CDFF2CE802E59CDE77FAC93FEB9D497BE5D476778937FCB3FDDD4934D1D0010FF00AEA93C8A2CE6F3BF77FBBA93CE8FFE59C7401621FF0055FEB3F7959F79CDD799E6475A10CDE4CBB2B3EF21F3A5F324924A00B167E5CD17FD33A93FD4FF00ABF2EA9C3379DFF4D2AE433795401621F2FCA8E4F2E89A18EF25F33F775243379D1797E5DB47FF006CE89BFD546FE647FBDFE08E802B80B1FDD8FE5ED45496B3794B4500539AF3C9FDDFFAB925A8FED9E4C5FEB2ABFEF2197FD5D1359CF34B27994011DE6B11CDFBBFF591D4705E793FF3D2A4FECD9218BFE59D470E83FF002D2492802E69B34779FF002D24A8EF3C88268FFE7A5490FEE7CB8E3A8E687F7BFEAE8024B3FF0055E65589BCBF2BFD67EF2ABD9FEFA2FDDC7FBB8AAE43671FFABF2FCCFF00A694015E19BF7B526B13793FEB3F791FFD74ADC9BC2B2786EEA39352D1E4B9B797F771F992496D17FDB3923FF5954F58D4B4D87CC8EC60D4AC6E3FE5A4177E5C9FF9128039F9A18FEC9E6473FF00CB4FDE4724744337FCB3FDE54779AF410C5FBC9FCCFF00A66959F36B125E45FB8B5FFB69E5D00687DB3C9F2E3AB108BA9A2F33C893CBFF009E9E5D1E15F04EB1E30BA8E0B18E4BA93FE5A7975DE683F0067874BB8FB76B91DB49FF003C2093CCA00F3FBB9AEA18BCB920FF005BFC751F9DE4C51FFCB3FF00B695EB10FC19BED065B79E3FB36B7A7F99E5C7F64B8F2E5FFBF7FF002CEBB0D1FF00B1E1D06DE7BEF0E5CDCDBDADC7FACF2FCB97CBFF009691C9401F37CD793C3FEB2393CBFF009672557FED2926BAF2FCCFF969FF002D2BE90D7741F05CDACFEEF4AF105AD9F97E649049711C9E57FD7392A9FF00C33DE9BE24B5FB458DF69BE64BFF002E9771F972FF00DB393FD5D007CF7FDA51FF00AB93FEFE54935E79DFBB8E392BD1358FD9BF52D1ED6E3F77E5C96BFEB209FF00E79D737AF7C19D52D2D7CFB1824BEB7F2FFE585007370DE7FACA26BCAA735E7D8E5F2E7824F33FE79C9FF2CAAC43A94179E6797FBBFF00AE940162CEF3C98BCBF2EB420AA7670C73797524F0C917DFA00B90FEF65FFA675279D1C3FBCD954ECFF7D563FE3CFF00D5FF00CB6A00B90CD1FF00ACAA779379D2C7FF003CFF00E59D58B3864F2BCCFF009E751FD8E4BCBAFF00574011D9EA51C35243A9470CBFF3D3CDA93FB07FE79D47FF0008DC9E57DCFDDD00490EA5CFEEE492AC43A9413472472799E6797FBBAA7FD91FF5D28FECDFB1FF00D33A00D15BCB7F2FFD59FF0081D159B6BA7CF28A2802CCDE58FF00A67FF4CE8FB6493FFCB3A3EC7E77EF3FD5D4737EE62FDDC94007FD34928F37CD8BFE5A51FEBA593FE5A5134DFF002CFF00794011FEEE1FFAE94793E77FCB4928FDDFF1D49FEBBFD5D0010CDFBDFDDD5CB386487F7FE6471F93FBCFDE553F263865FF005FE649E67FCB3AF40F86FF000F679B59B79EEB4D924B38BF79E5CF6727952FFD33F2FF00D649401E99F0F6F358F0DFC11D535CD4A4BED0EDFCB92F6F2493ECF2FF006A4727EEEDE38EDE4FF57FBCF32BE5FF00891E309FC61E23B89FCBFB347FF3CE393CCAEC3E3C7C488EF354D4347D2A3B9B68E693CBD43CC8FF007BE647FF00B4FF00E99D717E09F055D78C3C4767A558C7E65C5D49E5C7E5D0065E8FE64D75E447049FF6CEBD43C07F07E7D4AFF4FF003E0924B7BA93CB9248FF0079E557B67C3DFD80F58F2ADED7CB8EDAF25FF593CF27EF6D7FED9FFCF3AF54F855F0AFC7FF000C759F227D0EDAE6CED648E3927F33F7575FF3CE3FFA67250079DE8FFB16F88FCA8EFA482E638E3FF5724927972FFD33FDDFFCB48EBE90F857FB25E95ACD849FE8B258EB16B6FF0066D42C3CCF33F79FF3D238E4AF64F83FE1693C55E1CB8B5D72C6FADE397FD274F83FF69FFD3392BD926F80F1D9DADBEB16B1E9B1EA9159FD9BFED9C7401F2FF857F67BF0E7C42B18ED6FBC3F1C779611FD9ADEEE48FF00E3EA3F33FD5FFD748EB8FF008E5FF04D89FC2BFF00132F0E6B927EF638E4920F33F75E5FFCB4AFB834DF04CF36B31DD4F27991F99E6C9FF2CFCD93CBAEA26F07DAEBBA37973C31F97147FF002CE803F22FFE19BFC41E15D7ADFCFF00DDC92DC491FF00ABFF009695E81E1BF80F3F827C516FE65AD96A51CBE5C91C91C9E5F95FFC723AFBD3C61FB3DE95347F658FFD22397F791F99FEB3CCFF00A69FF6CEB879BE0A41368325ADD58FDBADE293CC92493FD6C5401E0F79F03743D63548E792D7EC3AA58FEEFF00EBAC75C9F8F3F65DD2ACE592FA0924D37CD8FF0079E5C75F484DF0C60B38A383CF92E6DE2FF5771FEB3FF22565EA5A6C9FD972413C927D9FFD5C725007E67FED51F04FF7BF6E8ED7ED3245FEB278E3FDEFFDFBAF97EF34DFEC7BAFDE49E5C95FA89F1FFE09DD41A349247FEB228E4FB446F1FF00AD8EBE03F8E5E0993C37E2DB88E48FF772FF00CB3A00F3F8752F2A4FF59FBBFF009E7256E59DE47A97EF23AE4E6FF9691C75634DD4A4B396803B4FF523CB4FF59562187C9FF58924959F67A9C7E547247FF2D6B42CFF007DFBCFF969FF003CE802E43FF5CEA487CBF37F77FEAEA3B39BCDF2FCBA93C9FF00967E67971D005C86F3C93FBBFF00C87525E4D1DE4555E585218A3FF96947FD33A009219A3FF969E6549343FE8B1CF47D93C98BF7925473431CD2FF00CF3FFA69401259CCFE57EF23FDDFF0514C8258CC74500657EF2697FD65134324315589BFD75579BCC86802BFFCB5A8FF00E5AD49E749E6D1375F33FE5A4B1D0047FEBA5F33CCA269E4865FDDC755E6FDF79751FF0068C7401A1A3EA575A3EBD673DAF99F6C8A4FDDF971FEF6BD53C37F19B55F8496D79AADD58EA51DE5D59C9A77973DE49E6C5E67FCF38FFE9A7EEE4AF3BF07F8AAEBC37ACDBEA563FEB22FF5771FBCF362FF00A69FF4CE8F8A9E30BEF1B5FDBC13C96BE645FEB3CB8FFE7A7FCF4A00E4CC326BDACFEE2DE492F2FEE3F7707FACFDE495FA89FB13FEC07A6FC37F0469F26A5A547A978B354FF49B88DFF792DAFF00F1BAF95FFE0983FB3DC7F123E377FC24D7563249A3F84BF791FF00CB38A5BC93FD5D7EC67C1FF04DAF8574B8E4923B6B9BC97FD649247FBDF32803879BF657BED7AC3C8D49E38FECB1C91C71C727972C5FF6D2B534CFD9760B3D2FCBBA824B9FDDFEF2392E3FD2BCBFFA675EF1A0E8305E5D799247FBCFF9E95D469BA3C7FBC8E38E3FF59FEB2803C6F41F83F05EDADBC7047E5FD97CBFDFFF00CB5964AF40F0DE8325E6976F1BC9E67FCB392BACD3746FB65FF993C7FBB8A3FDDD58FB1C76775FF3D3FEB9D0073779A0DAD9E9F2411C71D73F0F8563D06D7F7127EEE693F771D7697937D8E58FFD5FEF7FD5D73FA941E74BFB8F33FEB9D0072FA959F9575FBB93CCB8FF009675CFEA5A6C789278FF00E3E3CBFDE4727FAA96BB0BCF33FD447279727FD73AE6F52FF5527C9FBCA00F3BBCB3FB65D5C49FF3D7F77FBBAE1FC5567279B71FF90E4FF96B5D86B10C935F493C71C7FF004D23AE1FC6DFF2CFF79249E4FEF2392392803CDFC6D0FDB2291E44F324FF00575F11FED8DF0DE3B38A4D46D63F32CEEBFD5C9FF3CA4FF9695F687C48D62486FF007C91C9279BFEAFCBFF009E95E37F183C07FF0009258491CFE67D9E5B7F33FE997FDFBA00FCDBD7ACE4D375492378E48FCAFF00591D63CD362593657AE7C72F0ACF0CBE7C91FF00AA8FCBFDDD793CF0C9E6C6FF00F4D280363C13AC4734B25ACFFEB3FE59D761671490C51FFCF3AF2FB3BC9F4DD53CF8FF00D647257A268FAC7EEA3923FF00572FFCF3A00DC861F3A5AB10C3E4FF00CB38E4ACB86F24FF0059FBCFFBF752437924D2FEF24A00D4F264F2BFF4654954FF00B63C98BCBFF969527F694934BE63C940163FE597992799479DFEAFCBFF00BF755E6D4A4968FB679337FACFFB694016311C5FC3E65155E5324A7E4A28031E6D6201E67FCF4FFAE954EF35EFDD573F35E557FDE797E5D006C7F6FF00EF3EFF00EF2A9CDA9498AA66193FF8DD1F639E697FD6500589B5892AC43673CDFBFF002FFE99D57FB1FF009CD5CD3748FF004AFDE491C724BFEAE4F33CB8A2FF00AE9401734EB39045713FFAC8E2FF00591F99FBA96A4861BEFB7C763631C973A86A92471FFD7593FE59C75B9A9783EEBC37E178E79E4B1B98EEBCC93CB82E2393CDF2EBD93FE09A7F0524F8B5FB4DD9EA57524725BF85EDE3D46491E4FF00978FF571D007E927EC37FB34FF00C33AFC0CD3FC3F25AC773AA797F69D424F2FF75F6893FD67FDFBAFA6341D35E0D1ADE48E48E2FDE7FCB4FDE4B5E6FE09BC8F4DBAFB2F9FE64717EEFCCF32BBCD37CCD4BECFE5FEF238A4F33CBFF9E5401EA9E0FD1E7BCD2E3924BAF2FF00795D24B0C7345E5C1FEAEB93D1F52FB1E8DE64F27EEFFD67FD32968D375892F22F3E393CBF3BFE7A5007510C3FF4D24A26BC921B6F32A9C334F79E5C1049FBBFF9E95B1A6F86FC98BCCBAFF9E7401CFDE68F3DE4B25C27FCB4FF009E955E6D1E4FB57FD34ADCD62F3EC76BE6799FF2CFFD5C95C9CDAF470DADC493CFE679B4019FE24864B296E24FFA67FBCAF33F156B1279B2491C92471F97FBC92BA8D4B588E6BF923F33CC8E28FF00D5C7FBBF2ABCDFC55A926A575791C1249FB98E3F2FCBA00E7FC497924DFBB83FD67FAC93FE9AD797F8F352BAB3FDE7996D1C7E67971C71C75E897934F67A0C93C91FEF2D63FDE797FF003CEBC8FC6D79E4D84905D4124767751F99E64927FAAA00E1FC79A979D752799FBC8E2FFA67FEB64AE6E1D62EACF46B88E4BAF32DFF00D5FEEFFE79FF00CF4FFAE9478DAF2EACEE7CFF0032493FE59C6F1FFCB2FF00B6759FFF0030C9209E38FCB8BFD6491FFCB5A00F9CFE3368306A5ACC96B1C7E5FDAA4FDDF995F31F8DB419F41D52F2D6E3F771DAC9FEAEBE94F891A979DACC7FBBFF0048B5B8F33CBFFA675E77FB45683E74B1CF1C71C7F6AFDE79927FCB5A00F0BBCF33CDFDE7FACADCF08EB0F0DB790DFF002CEB1EF21F265F2FCC8EABD9CD2432FEEE803BCB3D63FD5F99255C875EFDEF971D717E74934BFEB2AC59CD25007710EB11F95FF6D289B5E8FEE571F0CD263FD65490DE49FF002CE4A00ED21D6201E5C7E67EF2AC1BC821FF009695C5C33495243793F97FEB2803AC96FE163B57EEAF4A2B8F3AC4F17FD34A2802E7F607FCB4A926D37C98BF771C7572F3F7DFBBAAFE77EEA800FB1C70FEF24A8E687FE99C751F9D24347DB3F75401621863F363FF0057E65137EFA2F2E3FF0096BFBBAA7E74937FCB3A93CEF262F33F791F95401D66BDA3CF67F0FACEEBF77E5DD7EEE493FEB9FF00CB3AFB63FE092FE0993C39F0FB58D627B1FDE6A971FBB924FF009E71C75F11F856F23D4BC1B1C13C1FBBBAD43F7927FD73FDE57E9E7EC4FA6FF60FC16F0BDACFFBB92EA392493FE7945401EF9E0FF2FCAFB54FFBB93FE7A49FF3D2BD43C1F34F79E65D47E67972C7FC72579FE9BA6FEF7CB93CCF2FCCFDDC11FF00CB5AF44D021920B09238E4F2E497F7771E649FF2CE803A086F248628E4924FDDFF00CF38EAE69BAC4979E5CE91F996FE67EF2B0F52D4A4D374FB38E38248FCD93CB93FE99475A9A3EA56BE55C4704773E5C9FEAFCB8E803D13C1F3C9A6DAC73F991C7E6FFAB8EBA0FED2F3A5B783CCFF004897FE59FF00CF2AE0F4DD5E7D4AD639BEC3FE8F147FF2D3FE5AD6E59F9F345249249736DE750047E249BCE8AF20924F32497FF21475E7FA96A5068F6171E7C725CC9FEAFCBF2FCCAEC3C61E67F6049E5DDC9FBD8FF771D799CC64FB2FDAA7BAF33CDFDE799FEAE8032F5E9A3BC8A48E3FDE795FBC923FFA675E77E2AF3347B0FF00458E48FCEFF96F27FAA8ABB8D36CE3D4B54B88238E3FB6797FEB3CCF322AC3F15780ED618A48239FFD6FEF248FFD6500795E8FE7F86F5E923BA9FED3E6F991FEF3FE5AD73FF1574D826B5B78FF00791C7E5F9727995DE78C2CEEB4DB592FBFD1FF00E79F97F67AE0FC61F6AD6258F6799E5FFCB48FCBFF005BFF004CE803CDFF00E10FBED1EEA44827B6B9B8963FDDF995E7FF00123CCD1E2B88E78238FED527FA88E4FDDD7B678ABC1F3D9F973C763731C917EF3CC8E4FF009695E6FF00183C0526B1A37DABF77FF3D3C88E4FF55401F29EA5A3DC5E6BDFBCF32DAE2D7F771F99FF003CEB87F8E534F79A5F96E927EEBFD67FD3292BD53E2169A9672FFAFB9F33FD5F97247FBDAF1BF89DA979375E5C1E6797E5F97247401E47A969BFE9524727971FFCB4ACB9A1F2AB735287CEBA8FCC8FCB93CBACBBC3FC091F97E55006A6830FDB2D3FEB97FACAD8874DFDD572FA0DE490CBF257410CD27FDB3A00B90E8F1CE7CBA93FB07C98BF77E5D47677924DFF002CFF00775A10FF00CB3FC68023FEC1F27F79251FF08DF9D5A905490FFCF38E8030E5F0D73F2515D0794F450073736A53FF00CB38EA9CD349356C4DA6C10FFDB2A8E1F2FCAA00CF9A19E6FF00571C7443672432F9927975A135E47E5797FF00B4EA98D4A387FD650049369DE4DFC91FEEEA4D621922B0FDDF9754E6D623A93FB5E3FB2F97401E81F06B41B59BE1F5C5D4FF00F3F1E5DBBF97FF002D3FE59C7FF912BF4E3E0FE8F1F85340F0DD8C724725BD869FE5FEEE4F33FEBA57C27F04FC1E937C1BF07C1E5F977975AC5C5CFEF3FE5947FF003D2BF473E1EF80E3FF008472DFFE3E7CC9238FCC7F2FCB962A00F48F0DCDF6CB5D2E092493CCBA93CCF2E3FF0096B5DC683A949671491C7FBC92593FE5A7FCB2AE5FC37A77FA0491C91C91FD963FDDD759A3C324D616F3C91FFCB4F3238FFE99D007490C325E45671C9FF2D7FD67995A1A3C31E8FE5F99FBBF3BFE79C959FA6F8AA3BCB08E4F2248FF007927995D443676BAC451CD751C9249FF002CE3FF00574004DA947A6DAC7F6AFDDF9BFBBFDDD5CD4BC611DE5AC7047249E5C527EF24AA779E1BB5F15451F9727996FE67FAC93CCAB1368F6BA3CB1C71C71FFABFF59E5FFADA00A7AC6BD1CD61E7A79727951FFCB48EBCEFC99F52B5B849ED6FA3B396493F79E5D769A96A51DE5FDBF99249E5CBFEB2392AC6A5671EB16B24F04773FBAFF57E5D0070F67A3C70D849E458DCC7711553D4A6D56CC5C5D4F0471C9E5FEEE3924AEB2F3589F47B593C8823B68ED7FE5A5737FD9926B12F9F34973FF7F3FF008DD0078DFC4F9B55BDB592EA79EDADBCDFDD471C9E67955C1E9BA0DD43AF472497D1C9FF005CFF00E7A57B078DB4D9F51D523B5F2E3F2FCB93CC8E4FF9E95C5EBDA0C7E1BF3248E0F2E4FF009E71C7401CFCD3482EA48E79FF00777F5E7FE3CBCFECED1AE23F33CC8FFE5DE48EBB4D7B5292F2D7CB920F2E4FF9695E3FF1835F82CE2F220FDDDBF97FBC8FFE5AC527FCB392803E57F8C1A949FF00091DC4107EEEDE593CCF33FE5AC55E4FE3C9A486FE3F3238E4FDDF952495E99E3CFF004CD6648E4923F322FF009695E6FF001237EA5149FBBFF55FF3CE803CAF589A49AEA3923AA73799E6FEF23AD0D4A18FCD8FCBAA72FF00AAFF009694014E1F321B9FDDC75B9A6DE49FF3CE3AC7FDE7EEE4FDE7975A90C31CD2FEEE803521D639FF00967562CF52F207992553874CA93FB07CEF2FFE79D006C43AF47E6C9563FB4A3F2A4AC3FEC6B89A2FDDD49FD9B243FF003D280375758F93FE59D1585169D24C3E78E5A2802BCDAC49FF003D3FD6D57FED892697FD6553F3BFEB9D1E747E550058BCBCFDEFFACAA66F24FF0096925137978FF967FBDAAF37978F928009A6F3BFD5C95259DE49FF002D24A8E186386887F7DFBB8E803F4D3FE09FBF04E0F89DFB2859CF1F9726B16171F73F77FF003F3FFC6EBEF8F0DF83E4D4BC39677D1CF73736FF0067FDDC9FF3D7FE59D7E7BFFC11D3C6D6379A649A1DD5F7FA3CB6F25BC90799FF001F5247FF003CE3FF00AE7257EA87C19D1E0F127ECC9A7C71C9279715BC91799771FEF7F7727FCB4A00F3BD37CB86D6DE39248E293F79FBCAD0D1EF279A2FDE49E5C917971FEEEB2F5EB3FEC1D67C8FF57FBCFDE41E656A69B796B67AA7D9678FCCF3BFD679727EF6803B4D0618F4DF33CBF3248FFEB9FF00AAAEE341D37F7BE649FBB8FF00E79C95CDF83F52B5D37F7924FE64717EF2BA4D375E826B98FF00D2A3F2FF00D56CA00B1A3F97FF003DE4FF0059FBBA2F2CFEC7FBCFB3F99FF5D2B426BCB5865920F323F2E2FF0096754E699C45249F6A8E48FED1E5C9E650057D1F41BAD62FFCF923B68EDFCCA93C6D67259D849636B247FF003D3CC8EABD9F89201E647E647FEB3EE561EBDAF4134B1A799E5F994019FF00D831FDAA4864F3248FCBFDE473FEEE8BCF23CA93F792451C55CBFC42F8CD63E09D2FCFBA9FFD549E5F991FEF2BE1FF00DB7FFE0A95AE7872FE4B1F0CD8DB5B59C527FA3DDCFF00EB65A00FA83E337C4ED37C13F689E4BAB6F3228FCBAF98FC6DFB63787FCDB88E4D4A3FB445FBCF223AFCF7F89DFB4E78BBE2A6B3249A96A57324937FCF392B979BC49A94D2DBFDABFD27FED9D007DB9AC7ED816B792C9F658E3F2EEBF791C7E6572FA97C5AD37E2A786E49ED6EA4FB44527EF2392BE5BBCBCBBFB049FB892DBFD5F99E647FEB6A3D1FC553E9B2C93DACF1DB5E451FFCB3FF00552FFF006CA00F50BC9BFB4B5493CCF2E3FF00592570FF0010BCB9EFFECBE7C7FEB23FF5751E9DE3C9F58BF8E4924F2E497FD67FD35A92CE1FED29649E48E3FDEC9401E7FE3CF0DC9A3C5E6797E5D727FBCFDDC7FBBAF50F885791CD611C7FF3CABCCF528732799E5D0010D9FDB2FECE0FDDFF00CB3AF74F8A9E2AF097823C2FFF0008CDADAD94925ADBC71FEEEDFF00D2A593FE7A4925787E8FCCB24F54EF2F3ED97F2493C9E6492FFCB4A00EB2CE6FDD472799E647563ED7E77FDB2A8F58D064F0DCB6F1C9FBBF36DE3B98FCCFF9E72557F3BC9F2E3F2E3A00D886F2387FD649FBCAB10F3FBCF3FF0079FF003CEB0E1BC8E196A48AF2387FE59D006E5BCFE6C7FEB28ACBFB673F2494500727379908FF0096751FDB3FEB9D497B791FFAB8EABF9D1F9540124D379B47EEE1FF009E755E69BFE99D134D4007FCB5FF009675622864BCBA8E0823F32E2593CB8E38FF00E5AD53FF005BFF002D2BAEF81BAD597857E31F852FF5211FF675AEB167717998FCCF2A38EE23F32803EBEFD82BE0A78C7E0CCB797DE23F0CF88345D434FB88F51B7F3EDFF752DBFF00ABB8F323FF00AE7FFA2EBF6A3F64B9A0D4BE105BC96B2472697ACC925CD9F97E647FBB923FFD195E37F153C55E11F1AF8B7C49A9782E7B1F106A1E12FF0090E693FF002D628E48FCCF33FE9A5BC91FFCB4AF4CFD8CF52D1ACFE15797A1EB126A5A5FDB3CCB78E48FCB96C2393F791C7247FE7F77401E67FB426BD1F85759BCD7279E48F4BD2E393CC9FCBFDD45E5FF00ED4AF88FC55FF05148FF00E12392EB4DF2EC638BFE3DE48FFE79FF00D34AFA23FE0B85E249F41F06DBE9BA57DBAC6DF54D424FED09E3FF00552FEEFCC8E3AFCA3874DD4B58B9B88347D36FB529228FF79E5C7FEAA803EA0D63FE0A6FAC685AA4775F6EFED2BCF2E4FDDC7FBB8AA4F0AFFC16C3C6367ACF913E8F6D736FE5FEEE38FCCF36BC5FE1EFFC13DFC79F13B468EEBFD1B4DF37CCFF00595B179FF04D9F107857468F559A4B993F77E6799691F9915007D99F067FE0ADD3F8F3CC92FAC7ECD1C51FDFF33FD557D31E0FFDA13FE130D33CFB59FCC8FF00E9A475F907A0F86E4F87BACFEEE4F324F33F79049FBBF363AFA83F66FF008E57D783FB2E4BA93F7BFF001EF401FA0967F123CEB58E3FF459248BF77E5D71FE3CF1E4F2CB27993FD9BED5FEB3FE5A5727A0CD7567A5C71C124971FF002CE492B1FC49677534524FFE931FFCB5923F32803C6FF6A2F1BF88341D1AF3ECB3C9A9496BFF001EFE649E64BE5FFED4AF8BF5F863F154BE7EB9751FEF7CCFDDFF00ACF2ABD13F6C6F891E4EB31DAC1A95CC725849FF002D3FD6FF00D73AF37F827A0E8FAC5FFF00C247E38BEFB368717EF248FCCFDECB401D67C19FD9167F8B57FF00F123B1FF00438BFE3E2FEEFF00751455F607C31FD8FF00C23F096C2DFED5A6D8EADAA5D7FAC9278E3AF0FD4BFE0A410683E17B7D37C1DE12B6B1D0E38FFD0E7BBF323FB7F97FF3CEDE3FDE495E6FE37FF82996B1ABE976FA97F66EA5731FDB3CB92EDF4FF2EC6593FE79C7401F5A78C3E1BFC32D66FF0054B592D74D92E2D7F771F971F97E557C87F1CBF663D2A196F2EB4DFB0C7E549E5C924727EF7F79FEAFF775CBC3FB6EC7E24964F334DB1B7B8964FF00961E6472D5C9BE2D41F12345B88E0BE9249228FF00D2209FF772D00789EA5673E8F7FE4490797E5495D6787351826B0F23FE5E23FDE7FDB3ACBF125E47A95D49E5C71C7E6FFABACFD3619F4DFF00AE74011F8C218E1F33F791FF00DB4AE2E6B3F3BCCFF575D47893CF9AEBCC93F795CFF93FFA2FD28032F5287C9F2E38E3AA7790F93FBCFDDD4936A5FBD923FF0096744D07FA2C92797FBCFF00967401EB9F1CB4D821F0BFC3FBA8E7F324BAF0FC7F68FF00A65E5C95E6F34DFF005CEBA8F8A9347672E8FA74724927F65E9F1C72799FF2CA493F795C9F9DFF007F28024F3BCAFF009E75279DE74BFEB22AAF179737EF3F79524D794016229B03FD64745578AF23028A00C39B643FEAE4A8FF00D77FCF3AB1E4A7F7EABCDFF5D3FD6D004904D1C315470C3E77FACA93F770C5518FDF4DFEB3F774007FADA8FC9F3C491F99524DE5C5FF002D3FF22547FEA7E7F32803F4E3E0FF008F3C4DA97C34F847F16343D563D13C492E971E8B717FE5F9915D496FFE8DE5DC47FF002D3CCF2E3AFBB3FE09FDE3C83E2478B7C417D63A6D8F84B58FB1C71EB9A1472799145791C9FBBB9B3FF9E96F279927FD73AFCC1FF82617C405F1E7C20F1A7C37F3A38B50D3E41AF68E9703CCFDDFFABB8F2FFEB9C9E5C95F737EC5BE308F47FDA974B4F2FF00D22FEDFECD2797FBBFDE7D9FFF008E47401F6C7ED15FB2BE87FB4B7C3EFB2EA56FF69F2A3FB4F97E5C72472FFDFCAFCF7F15780FC33FB22CB7963F618EC7ECB27971FEEFF7B75FF4CFCCAFD4CF07F8C6C74DD0637BE9EDADA3964F2FF7FF00BB8ABF1CFF00E0B3DE24BED07F6AAD63C2BA1C7E65C7EEE4FDDDC7992C51C9FBCFF57FF2CE4A008FE217FC14E343F857A0DE7DA92DA5D4258FCDB7B0B4FF005BE67FD34FF9E75E1F79FF0005A5F1E43616F1D8F84744B78E68FCB9249E39248A5FFAE7527C31FF008275EB1F153E05F892FA4D2A3B6F185FC91C9A3DA799E67FA3C7FF002CE3FF00A69257CEFF00F0A37C4D36A96FA54F07882E64B093CBFECDFB3C924B149FF2D3CB8E803DC352FDB9352F8B51799E20F03E9B7325FF00EF2392D238EBA4F803F10AD61F1BDBC1041A96937175E5C91C1771F97E6FFD73AF64F83FFB04D8FF00C33EE87A3F89B4DB6B6D625B8FB6DC79927972C5E67FCB3AFA22CFF65CF08FC2BF823AE417DFE9DFF12FFB46971F99F69974BB8FF967FBC93F79401DE7C13860D7BC376775FF002D3FE5A7975A9FB45E8DFD83A5F991C96DFEAFFD5C71FEF6B87F81B0C9A3DFF97E6471C72C71C9FBCFF965573F6B4B3FF895DC47F6EFF48BA8FF00D1E4FF009E5401F947F1FB4C9FE217C6EBC8238E4FB3C5249FF2CEBD33E09FEC81AE78F347D3F5CD4B4DB9D4BEDF1DC5CF86F4D93F77632C76FF00BBF32493FE9A49FEAEA39BC1F1DE78DEE24924F2F5086E3CBB88EBEE8FD857C6127FC21BA8783AFA4FB3D9D847F69D3E4F33F7BE5C9FF2CE8032FF00627FD8B74DF04F80FC413F88E0B6B6F1C6BD6F259493CF6FFBAB08E48FF771DBFF00CF38EBF34FF69CFD89FC63F04FE20EA1A1EB16BADDB5BDADC7996FE5D9C925ADFC7FF2CE48FF00ED9D7EC06BD0F8CBC2B7524963AC5B6AD67E5FFA3C727FCB2FFB695CBEB1F10BC6967A3491CFA95CEA5E6FFAB8248FF7BE5D007E6BFECDFF00F04CCF137C55D1AE359F1047FF0008DE8717F1DFC7E5CB75FF004D238EB97F127ECBB7DA0F8DF54834B92E756D3EC2E3CB8EFF00CBFF005BFBBFF575F787C42F01F8C7E26EB327997D7D6D6FE5F97E5C727FAA8FFEBA5727F18352F0FF00C2BF869278734D9E3BDB7BF8FF00EFEFFD34A00F88FC07F067C41E3CF16DBD8D8E9B2492799FF3CFFD557B478ABF6698F41D06482FA08FED96B6FF00BCF2E3F322964FFA695ED1FB25E83259E971DF471FEEE58E4F2FCCFF005BE5D49F1E21FF00890EB925A5AC91FDABFE59C9FEB7CBA00F80FC79A6C9677F241E647FEB3FEFD572717EFA2B88FF00E7AC75D47C5BFDCEB327FAD924FF00A695C9C337EF7F79401CDDE431D9DD7FCB3FDD7FD33AEB3C13A3FF00C26D6B6FA5471F99797FA85BDB5BFF00DB492B9FF1243E7EB327CF5EB1FB16F8567F157C73D2E08E3FB4FF0065C726A3E5FF00D738E803CFFC7979F6CF1BEB1E649E67FA4491FF00DFBAC7F96B53C610C70F8B754F33F7727DB24F33FEFE567E7FE9A5001FF2D7CBF328FF00BF7479DFF4D2813470FF00CB493FEFE50011F9607FACA2A388C720FF0059FF009128A00A737EE61F33FD6557F3EAC5E7EFBFEB9D57F27C9FDE500137EF6A3F22A4F3BCD3FF002D2A4FF554014EA4861F36A4FF0096BFF3CE89BCBF33FE59D00753F02FE2CDF7C03F8C9E1FF16D8FDA7CCD06F23B9912393CBFB55BFF00CB48FF00EDA47E657EBBE8FE30D0FC2BF17FE19F8E34D8E48FC3FE288ECE4B793FE794727EF3FF006A57E2BC3347FF002D24AFD3CFF8276F8924F8E5FB05C7A57FCC63C07A849656723C7FEABFE5E6DFCCFF00C89401F607EDA5AC5F4DAF47E1CB5D6356B2B3D53F792411C9E5FEF2BE67F86FFB3ACFE1BF8F1A87883C5DAC6ADADFF6F59C9A779F7F27992F9927FF006BAFA83F6B4D360F885E03D0FC5D1C724771FE8F26F8FCBF37CBF2FCCF2FFEFE571FE30F04DF78DBE0DC7258C9E5DC697FE936F1FF00CB5A00CFF05786F55F01C5F61B1D5648EDEC23FF0047FF009EBE5D759FDBDE2386D7CBB1BAFDE5FC9E6493FD9E38A5F33FE9A495E7FF000F7E216A5797F1C92476DFBDFF009617727972D7B259F8DB4AD1F41FDE4F6D6D71FF003CFCCA00CBB3F0DE95E09BF9352D62EAFA4B8FF59249247FEB7FEBA557B3D63FE1615AEA9E447247A7CBFF003CFF00E5AD78FF00C42F1EF88FF690F16FFC239E1F8E48E497CCFDFC9FF2CA3AF5487C1FFF000A7FE1F69FE1F8E78E492D6DFF00D32EFF00E7AC9FF3D28032FE15FC429358BA8EEAE20934DFB57FCB393FD6DAD7A07ED450793E1CD3EEA48FED31C967FEB3CBF32BC7FC1379269BAF7EEFFEB9C9FF002D3F795EE9F1E21BABCF805A5DD793E67FCF48E803F32FE2D6B12683F11A3BAB5F2FCCF33F79E5FF00CB5AF78F81BF16BCEFB1DD4727EEFCCFDDC9E5FF00AAAF17F8E5E1B8ECF5E927FDEC724B27FCB493CCACBF84BE24BAD1FC471DAC1752797E67FABA00FB52F3E306A9E1BD67EDD6BF65BAD2EFFF00D641FF003CABA8F07FC78D3758B08E3BA923B6F37F771F991FFCB4AE5FE12CD07893468E093F79FBBF2E4F33FE5AFF00D73ACFF1B7ECC69AF6BDE7E9B7D73A6C7E5FFCB38FCC8A2FFB67401D27C60F1E47369727D87FB37FD5F97249E657CBFE0FF81B7DFB4B7C4BB89EEA4FF897E8D711FDB278FF00F45C75EE937EC4F26B12C963278C6E7ECFE647F689238FF7B5DE5E68FE19F803F0FADFC3FA1FD9A3D3ED64FDE48FFEB65FF9E92492500717A3E9BA7780BC3B676B6B6B1DB795FBB9248EBC7FF68AF187D8E2D424F2E493FE9A471D741AF7C60FECDBFB8B4BB8E4FF00591C9E6471F991578FFC5AF127DB3C11713C1E67D8E2FF008F79FCCFF5B401F21FC489BED9AAC927FCB4964AE5ECFF00732F992247E5D6C78C3CB87599248FF795CFF9BFBDFF00A67E5D00167A67DB2D6E24F2FF0079FBCF2EBDF3FE09EFA0C767E28F106B12799E658E9FE5C7E5C75E0F0EA5FC1FEAFF00EDA57D39F007ECBE0FFD957C41AC49279779F68924F33CCF2E5A00F9AFE214D1DE78DF589D3FD5CB7924B587FF007EEB3E6D624BCBAB893CCFF5B2558FED3F6A00B1FEAA8FDDCDFF003CEA3FDDCD17EF28FF0096BFF2CE801EE3CA73BE38E8A8D8471494500326FDC7EEEA9F93E6D4935E7EF6A3C7FCF392800FDDC3F27995243E5E3E7A8FCEFF009E9251F6CF265F2E802C79F1E3CBA8E6863F2BFD67EF2A386F3FE79D4734DFF4CE8009A1AFB63FE08D1E2A922D63E207867CE93ECF75A7DBEAB1A4727FCB48E4F2FF00D5FF00DB4AF88E6BCAF5AFD883E3FAFECE9FB4DF853C533EDFECD8EE7EC7A846FD0DA4FF00BB93F9F99FF00A00FDC2F185E4FAF7EC65A7DD491DCDB5E58491C7E6797FF2CE392B8BF857E24BE9AD649279238E38BCBF33CC93FD557A07C19F1B278DBE0B78E3C337D25B5CFF006349FBB9E0FF00552C727FCB4AF94F4DF8913F83EEAE3479EEA393CA9248E392393FE5A5007D21F10BC07E19F8852DC5D47FF12DD62D64FDDCF1FF00ADAE2F58FD95F4DD4BCB8E7F11DCDAC77F27FCB0F2FCD963AE4FC37F13A7D62EADE3F3E493CEF2FCB93CBFF555EC9A6EB11DDCBA7FEEFCC93CCFFB671500741F0AFE18E8FF000AF41923D36D648FFE9BCFFEB65AE3FE2A799AF45247E679771E67FDFDAF4CBDF12496761FEB23F2FCBAF2BF8E5E30FEC1D1AE278E3F324BAFDDFF00D328A80387F857A6C179E28F32393FD1E2FF00A695F4A79C9AF7C1BB8D2A48E393ECBFBBFF00AEB5F2FF00C25F04DD786FC4FF006EFB57996FACFF00AB83CBFF00555F60786E1FECEF855713FF00AC8E2B793CCFDDD007E5DFEDB1A6C9E03FED49FF00E59CB27991FF00D3292BE63F01FC54BAD37C796F7DFBCFB3CB27EF2BEC8FF828159C9A9785E4824B193ED1FBC924AF03F857E15D0E6F8056F3CF0471DC5D7996D24927FCF48E803EC4FD9A7C6106BD159C9A6F972472DBFF00ACF32BDF34DFDCF997127FC7BFFABF2FFE7AD7E7FF00EC2BF1E3FE15EF88F58F0FCF258C967149FE8FE67FCF3AFB834DD7A0D62D6DE4F2E4FDEFF724A00D89A78E6BF923F264FF00B67FF2D6BC7FC6DA97FA05C4124F7325C4B27FA8F2FF00D5577936B13C3E23F223FDE4717FE45AF2BF89DF10A0B396E23D4AD7FD1E5FF969FEAE58BFE79D0078BFC53D4A4D1EEADFFD6471CB1C9247E67FCF4AF23F885F13E087C11FD9B631C7FF002D2493F775B1F19BC49FDB1F6382EA3FB3476B249731C91FFCF4AF03F126BD1CD7F27FAD8FF77FEAE4FF00965401C3F892692F354924ACB9BF755A1E2A9BFD2BFD6565CD79E4FF00D34928023F3A39A2F33FE5A5761E24F8D93FFC2A0B7F095AC9E5DBCB2799715E7F36AF279BFF004CEA9DE5E7FA550053F264B3968F3EAC7EEE68BFD5FEF2A9F9DFBDFF0057401DA7C3CF0AC1E2496479FCCF2FFD5C71C7FF002D64AB1E24F01DD683147247FEAE5FF575D87C0EF04BEBBE188E48E48E37F2E4B9D9FEB2B63E49AEA38E08E392F22FDDDC473F97E5CBFF005CE803C69E18E17FF48F337D15DB788BC07F6CBB927B486E5630FE5CB2FF00764FEE7E1450079F4DE64D2FEF289A1E7FE59D49FBC9A89ECE3862A00CF83F7D2F995633279B52430F9DFF003CFCBA93C9F27FD5D0057F27FE5A495279152430FF007E4FFC89527931F9B4019FF63F3BFD5C7FF90EA39AD27FF57E5D6C795FBBFF005754EF2179A5FF0057FF0090E803F603FE0931F17A1F8F96179636B345736F75E168ECF584793FD2AC2F2DFCBFDE49FF004CE4FF0096725707F1CBEC337C50B8920823FB3F9924927975F1C7FC12EBC597DF0DFF006E8F86FA847F68B6B3BAD562D3AF24FF00571F9771FBBFDE57DBFF00B4E7857FE103F8DDAC5AC925B6A5E55E49E5CFFF002CA58FFE9A5006A7C3DD7A386EBC8FDDC767611C7E649FEABFD657BC7827529EF2D6DE783FD5FF00AB93FE59D7CD7F0DBC886D63BABEF2FCCFDDC75EC9E15F127F69585BFD97CB923B593CBA00F4CFED8F26D6492493F79FEB3CB92BC1FE2778DAEFC79F11BECB07EF2CED63FB4DC7975D27C42F1B490F873CCB5BAF2E4FF57E5FFABAD4FD977E15C13585E6AB7107FA65FC9FBCF33FE79D0072FA0FC7ED0FC61E2DD1F43D3752B69350D2E39249238E4FF9675F427FC2DA9347F0447631C9E67DABF77FBCFF009655F1FF00C72FD80E4F0DFC6EFF0084E3C0FAE5BE93E57EF24824FDDC56B27FCB4FFB675E4FF183F6E9F10783F5993C3FAAC11C9796BFF2D2093F752FFD73A00F50FDBABC55A6DE68D71E44FF00E91E5FFACFF595F9DFA97C54D574DBAFECAB59FF00D0E193F795E89F1CBF6A9BAF1E58471C70496D1F97FBCF2FFE5AD781CD791FDABCBFF5727FD73A00F68FD98FC493DE7ED23E13820FF498EEAF23B6B88FFE99C95FA7167F6AF8637F1DADD7EF23FF0097793FE99D7CA7FF00048BF863A6E9B61AE789AFA08E4D43ED1F62D3E49E3FF555F6A6A57906B12DC4775E5C925AC7E5C74019FE24F127FA0473C7279927FCF38EBC3FE26F99A97EFF00FD64975FBB8FCC92BD1357D4BFB1EEA4F3EE2393CAFF0057E65795FC48F3351FB4492797FBD8E4FF00571FFAAFFA67401F3BFC6CBCBABDD524FDE7991DAF991F995E37AC4D1DE451C71F97FBA8FF00D657AA7C48D36FACFED11DC47FBC97F7927991FF00AAAF27D7A1FDEC9F24B1FEEFF771FF00D34A00E3F5E9BCEBA8E48FF7954FC98E6F9FCCFF005556353BCFF4FF00F5754E6F2E8030FCFF003A593FEBA547FEBAEAAE7931F9DE65573FEBA3A003EC7FF2D2A9DED9C98F323F32BA4D36CE39A28E3FF59E6D7A068FE0F83FD1ED63824B89258E48FCC8E802C782747F27C23676B34D1C92456FE67971F99FBAF32AC450CF35AC7E6496D2795FBBF3E3FF00DA9573C1FA3DF7D82492C638FF00B43CCFF488E7FF00A675A9ABD9C7E31BA8EEA4823B69258E38FC8FB3FF00E44F2E80336C66B69AE238ECDE62C60123ACCFE5B8E7BD144A8BE188E09AE347BDB83247E5FDA10797E6E28A00F11F3EA39BFD6F97524DE5E7FE59D47E4C7E57EEE8024866FF00A6951F9DFBCFBF47931C317FD34F2EA3F96802C43FBEF33F79FEAAA3FDE7F055CD37479F588BCBB5B4B9BEF37FE59C71F9BFBCAF54F863F037FB1ADA3D4B5C8FF792FF00ABB4FF009E540187E03F83F7DE368BCEFF008F1D3FCBFF00593FEEE5F32BB8B3F827E19D362924927BE92E218E3FF969FBAF32BB89ACEC7ED5E5CF35CDB69F6B1C91C72411FF00AA93FE79D53D4BCC9EC3ED5751DB5CF95FEAE3FF00572CB4018FA6DE7F66FD9DF43B8FB35E58491DC47FF2CFF791FEF2BF423F6E4D374DF8A9F0FBE1DFC5BD2BCBF2FC65A3DBC9791C127EEA2B8FF3E657C070E8F3E9BFBCBA823923B592392BF423FE09A70C7FB5D7EC1DE2CF84F349E5F893C117925EE9724FFBBF2A3B8FDE47FF00913CC8E803C1FC1FAF49A9697E5C7E64925AFEEFC8F33FD6D7A059EA575FF088F971CFF66F2A4F33FD67EEABCAECECF5CF01F88EE34DBA863B1D42C2492CB50823FF009E91D761E749AC79724FE5FEEBCB923F2E4FF55401A935E5D78F3C536F041FBC922FDE492495F44786F58B1F07F8723B18FCCFDD47FF002CE4FF00D195F37D9CD6BE158BF77E5FDB25FDE7FCB4AE8358F8852436B1C73C72476F2FFAB93FD6FF00DB4A00EE3E276A5FF09E5AF97633C9E5CB27EF3CBFF9E75E0FF1CBF65DD0FE277C3E934DB1823D3648FCC92CEEFCCFDEC527FD34AEE340F1B413585C7FA747279DE6496FE67FAD8AB53C2BA3C9AC68D711C7FBB93FD6797FEB3CAA00FCD7F157ECDFE34F0AEB371633E8FA95CFEF3CB8E4823F32296974DFD8D7C6DE29D7608E3F0EEAD6B247D649E3F2E28ABF54FE18FC3DD4A1D1A4F3ED64B68FCCF36DD24FF9655A1F19B40D4A6D1A38FCF8EE248A3F2E38E3FF00965FF4D2803E6FF83FE47ECF7E03D2F4782EBCBBCB0F32E6E3FE5A7DAA4AAFA97ED2D7736A11C771FF002D63FDE3F9958FF1B2CF55F07D84927FC7B47FBB924F33FD6D7CF7E24F8B525E5D79F241FBB8A4FDDD007D3979F1FA7BC8A48FFE5DFCBFF5744DE3CFEDEB1B79A492393CD8FF00E59C9E5F955F2DDE7C5A83C4917EF24FF555EB1F007C49A96B175711C12799E6C7E6491F9740163E364B1C36B1C7247FBCFF00A67FEB7CBAF9CFC49AC7936B25AF99FE91FF002D3CCAFA13E334D259C5FBBFDE7FCB4FDE475F31F8DAF3C9D66E3CC93F79401CFDE4D1CD2D539BCBF2AAEFC9FF004CAAB5E6C862FF0059FBBA00CBFB6496715579A6FDED5C9CC70FFCB3A8E6863F37FE59D00759F066CE4D4BC511C69FBC93FD5C7E649E5C5FF7F2BD426F326D6743920B5B9F3268FF00E587FCBD797FF4CEB9BF83FA0C70E8325D797FEB639238E3FF009EB27FCF392BBCD1ECFED9E3CB3DF3FEF3EC72799247E64514527FCB3F33F77FEB23A00E6FC2BAF4736A9AA5ACF05CD8FF00CBCF99FF003CBFEFE7FABAD8D4A1925B5FB547049A6DC4B27976E91C7249F6AFFB6958FA3DE6A5FF000946B97775E65CC9FBB92493CBF322F32B622BC92F2EA4B5BEBAB9FB4451FEEE0F2FCBFDE500531ACEACB7571786DCCD25CC9930BC1F6C787EABFC1F4A2B274D867D48B476ABBA48BFD6379FE5E68A00F15F3EA487FD4D1E4FEEA8861FDD7EEFFD650058D36CE7D62FEDED6083CCB8964F2E38E3FF005B2C95F7EEBBFB097C2BFD92B4AF03EB1E34924F127C44FB1C77BAA7817ED11FF66452797FBBFB45C47FBCFF00A69E5D657EC13FB2F68FFB3DFC11B3FDA4FC55AC681AB5C49E659782F42FF5924BAA7FABF32E3FEB9FFCF3AF27F157896FBC77E32D5355BE9F52BED735493CCD427924FF008FA93CCFDE5007A078DBF684BAF155FC91C7A7689E17B7F33FE41BE1AB3FB35AC5FF00B52B9FB3867F124B1C1E7C71DC45FBC92493FD5567E8E3F75E6471FF00ADFF0059256A6B1A747368D671D8CFF6992593FD23CBFF00965250057D6218EF25FDDC71C9E6FF00AC8E3FDDC72D490E9B1EA57F671CF1DF693A7E97FBBFDDFEF3CAAA736BD1DE452417527972799FEBE393CAAAF797963791791F6E92DA3F33CB927F2FCCFB55001FDB1FD9B2C9E44F247672F996DE5C927EF6BDF3FE092FFB4E49F097F6F4F0FC77D04763A3F8DEDFFE11CB8FF9E5E649FF001EF27FDFC8FF00F2257CDFE30F32CAEAE209278E48FF00771C7247FEAA5AC7820B8B3BFF00ED5D1EEA48E3D2E4FB4DBC9E67EF6D6E23FF005727FDFCA00FD20FF82A27C07BEF857F1A64F1A5AC91FF0063EBDFF1F11C727972C571FF005CEBC8FC2B796B796B1C9FBA8E3FFD1B5ED9FB427ED51E1FFDB4BF619D0F5C9FECD1F892D6DFCBD4208FFD65ADE47FBB924AF98FE18F8AA4BCD17CB8E4FF008F58E3FF00592500687C48F1E7F60D84924727FA47EF3ECFFF005CEBC9FF00E1AA3FB4AFE3D364BE8EDBFE5DBF79FEAAB63E366833EB32FD964F32DAE25FDE7991C7FF002CEBA0F803FB19F85746D2FF00B7358823D6F50BAFF96177FEABCBFF00AE7401D67C38F885E19F87B17DAAFB5C8F529258FCCF2124FF00555D07FC37B787FC13ACC726956325F5BCBFC7E5FF00AAAF1FF1E7EC5BE11D6354F3F479F56D0EDE593F7905A49E645FF912B4341FF825ADD7C4897CBD3BE215CC71C5FF002CE7B3F2E5A00FA03C49FF00052CF0768FE12F32D6492E6F2EA3FDDC15F35FC4EFF82847883C55ACC924175F61B3FF00967051E24FF8242F8E347D43C9B1F18D8DCC7E5F99FBF8FCBF2AB53C1FFF000467FF00969E2EF1A7FA4797E6791611FF00ADA00F9EFC6DFB576A5ACC5247E67DA7FE59C924F2799E6D79BDE789352F1B5FC705AC124924DFF2CE38EBEC4F891FB22F803C132DE41E1CD0E4BE92D6DE3F32EEEEE2492B8F9B58D1FC07E1CB8B1D2A0B1B1FB549E5C93C71FEF62A00F23F01FECD375AC4BFE9DA9476D2451FEF23F2FCCAFAA3E0CFC1FF00F84274B93C89EDA4BC8ADFF77FBCAF2FF01DE79D2FDAA49248EDFCBFDE495DA43F13A7B3FF0096F1FEF7FD67FCB3968031FF00697D620B3F2E3F2E4F33CBFDE57C97E249BED97F2491D7BA7ED15E309358864F3FCBF33FE7A47FF2D6BC1E6BCF36EA493FE7AD00470C3243FF007EEA9EA5E5C31568793FE89ED597E747E6F992494015FF00E5AD49A7431DE5FECFF9EB524FE5CC3FD656C7C3DD37FB4BC5B6F1EFF2FCAA00F74F07E9B63E03F04471F99637D6F7FE5C7249E5FEEA2FFA6727FD34A934DD624B3B0D723835CB6BE922B38ECADE4BBB3FDD4B1C9FF2CFCBFF009E9524DA3DD6A5E1CB8F2E4B18EDE2F2FED09E67FC7D7FD34FFB6758FE24D624D07C39E658CF2471F97E67EF23FF0045BAFF00967E650061FC25D460862D42D6EB52934D8EFEE3CBF33CBFDD7971FF00CB4FFA692475A1F6382CE5B7F266B6BEF37FD5C7247249E6FF00D74AD0F04F86E7D0741B383CCD263B8FECFF00B6C9F6B93FE5A492799FBBAAFAFF00FA1DFC7637D1C76FF6AF2E4B7920FF009E7401837F1DE695A75B5C2DB5CB2DC9721BD79A2A7BAB4B7D59A4458AE26B88A4FF005291FF00A94ED45007894DE65759F067E0FF00883E397C46D2FC2BE15D364D6B5CD664F2EDE08FFE5AC95CBCD07FCB3AFBD7FE084BF02352BCFDA1AF7E2B6A36B259784BE1FE99717B7177E7C96DE6C9247FEAE3FF009E9401A7FB6F68307ECD3A0FC33F83B04773249F0FB438E4D63F79FEAB54BCFDE5C57CEFE1BBC4BCD1A4BAF33FD33CCFDDC7E65749FB457C61BEF8F1F157C59E2ED567F32F35ED424B993FEB9FFCB38E3FFB675C5F85AF3FE2431F977DFBB96DFF0079FBBFF969401D87856192F22924823F323B5FDE5E47247E5D6A7937DA91B7FB0C9631DBFEF24FDE7FCF492B1FFB6278741F224FDDDC7FCBC471C9FF002CEAC69B0CF34527D9FECBFBCFF46FF59FEAA39280087C373E9B757127D9EDBED1E5C9FBBF33CCF36B3F5ED4A4B2B5B88E6B192C7FD1EDEDA3F2FF00E5955CD4ACEEB4D8A3823823B193CB8EDADFF79E679B59FE36F2ECE2FF009676DF65923F2FCC93CC8A5923A00E6E0D4A3BC964F3EEBF77FEAFC893FE59549AC6A56BA95AF9090471C90FFABF2E4FF5B51EA50FDB359D43F716D7DFF4DFCCFDD45FF4D2B53C07E0F9E697CF93F79A5DAC9E5DC491FF00AD8A3A00AFE0FBDD73C3761A8496B3DF47A7FF00CB482493FCFEF2BD03E18F8F23865B7DF71FF6CEB97D06CE7BCBAD43F7FE5D9D87FA4C904FFF002F5FFDB2B9FD7FCCF0DDFF00DAAD64F2EDFCCFF57FF3CA803E9CF0AEB106A52FEFFCB92E3F77E5F99FBD96BD5219BFE11BB58FCF9EDBF7BFF3CE4FDEC55F25FC37F8857D35FC72799FBC8BFE5A49FF002D6BE80F87BF1223F1558476F7D3DB7DB3FD6492476FFEAA80363C497975E1BB092FA393FD6FFABF324FF5551E83FB4869BA0CB1DD6AB75F66FDE47E649FEB3CD8EBB0B3F04C1E2AD1A483F77731C51FEEFF00775E37F16BF65DFED2F327B59EE74D8FFE99FF00AAA00F6CB3FDB4BC17AF5D791FF095476DE57EF238E492BCEFE277FC1423C17E1B964FB0CF73AB5E45FBB8FCB92BE77D7BF633D73CAF3238E4BE93FEB9D63E8FFB10F8F359D5238E0F0FDD471F99401A1F153F6A8D63E245D797047F61B797FE59C727FADACBF04F85758F883AA476BFBCF2E5FF00591F975EC9E03FF8275EABE1B97ED5AAD8F9927FD3393FD557B07C3DFD9BED7C1F6B717575F6693CAFF571D00783F8C3419F47F0BC9249049259C51FEEE48FFD54B5E4FA96BD3DE4B1CF3F971C7149FBB8EBDC3F6A2D46C66964FB0FEEECE293CBFDDFFCB5AF9BFC61AC7F66F99E5C91C9E57EEFF794014FE2A6A5E77EED24FF00C895C1CD0F9DFF00C72AC5E6B126A52FEF2B3F52BCFB1C5E5C7FEB25A00AF79379FF00BBFF00DA951F931F95FEB3FEFE5578A0FF009E9563C9FDD47E5D0049E771E5FEEFF7B5ED1FB37FC3DBA874BB8BE812DA4B8D523FB37FD358A392BCDFE15780E4F1E78CACEC7FE59F99FBCFDE7FCB3AFAC26B3926D66DF4DD3743B6F0FC72DBF951C169FF002F5E5FEF3CC924FF00A67401C1F892CED741BFBC8EC64923B7B093CC8FFD23F7BE67975C9FC54D1EEB41F0BC91CEFF00668E58E3FF005F27EF7F79FF002D238EBB4D67C131CD16A125A7977367A5DC79725FC71C9FE95E67FCB3FF00A695CFF8F3CCBC8BC3763FE93FBDBCFDDF9F6F2492C51FF9FDE79740170EA5269BA5E9F0410F991D8471F99E7FFCB58FFD5F99587E24BCBE9AD6382382E65BC964FDDC7247FF002CFF00E79C75D06B1FD9B67F6CB7F2EE7CBF2FFD5F97E5FF00DB4FFA675CBDE4D77A6EA91CF3C9E67D97FE3DE3F33CCFDDFF00D33A007335E5D6A53FD9BCBB59B3FBC87CCFB945432C9BCEE1CC67A2EFF2F1450078DD9F91318E3927FDE4BFF3CEBF5D34EF87BFF0EEBFF8237C9637DFE83E38F8AB247F688E0BCF37FD67EF3FED9C7E5FFAC8FF00E9A57E3DF93E77C95FA91FB6C78F23F17FFC124BF66FBABA9E49350BA8FECD1FEEFF00D6C71C7E5D007C47A95E4F0F87248FCC8E4B38BFD5D47A0F9979696FE47FAB8BFE59A557BCFF00438A48E483ED3F6AFF00573C727EEAB2FC1FAF490C52791E5C9FBCFF009E9401E89FF09847797524105AC7F67BA8FF0079E647FF002D3FEBA56A43358C3756F249751E9B245E5F992471F99E57FD74AE5FC1FE5CD7D671CF3DCC71C51F991CF1FF00CF4AEA3C05E2AFF89A7EE12D64B7F2E4B29279E4FF005BE67FD33A00B9E4C1A6C524F0491DCC72DE7D9ADF65C7EF65FF00B6727FCB3AE7F52D4A0D63468FCC823F2ED64FF47FF9EB2FFD74A9352D4AE34DBFB782EA4FF48BAFF8F79E4FF965FF006D2ABFF63FF6C69524F750497D6F6127EEE4FF0057E6C9FF002CFF00EBA50063C3673EB12C7752491FD9EEAE3CBFDE49FF00A323FF009675D25E6B11DE5D5C5D5AC11DB5BFFCBBC17727FDFCFDDD49A6D9CFF658E48278EDADEEA3F33C8FF96B2C954FEC6979E5C77563731C7A5C927EF23FF5B2C94007EEFCA923824F2EF2EAE3CC920923FDEC51C746B1A947AC4B6F1CFF006693C98FF77E5C7FF2CFFE9A55CD4B58F3BCC927FB15F6A1A87EEE4924FDDCB147597677B1FDAADFF791C77117FAB8FF00E59799FF00C7280239BC2B75E1BBF92EB4DF324D3E2FF591C727EF62AF44F827F10EC61BA93FD5C5E6C7E5C9FBBAE7E18679AD648E7FB4C91F99E5C91C7FF2CA4AE0F4DD4A4D37C5B1BC73FD9AE2EBCCF3238FFD5799FF003CE803EF0F04FC718FC2BA0FDBAEBFD5FF00CF3F2FCBF2A3AF50F04F8934DF1DE811EA53C71FD9E58FED3FBCFDDF9B1D7C67F0AFE2D5ACDE643751C9F688BFD641FEB7CDFF00A695EC1E1BF8F1E7456FE44914771FEAFCC8FF00D545401F564DAC78734DB0B392092DBCBFF591C71D71FAC7C72B5D1F55923B78EDA4B797F79E647E67EEABC4F52F89163792EA13DD7EF2397FE785C57170FC5AD374D8E4D363BABEFDEC9FEAFCCF3258BFEB9D007D19A97C7EBAD7B4BF220F2E3B797CC93CF8E3F2EBCDFC79F1CBFB4B469238E68EDBCA8FCC8FCB8FF7B2C9E5FF00CB4AF3BD37C613FEF1EC64FB4DBDAC7FF2DFF772C5FF004D2BCAFE337C498341D524F3EEA4BD93FE59C7E67FCB3A00CFF8C3E3D83CBBCFF96724B2799FBBFF00555F3FF89359FED297F775A9F10BE2149E24BA93CB924F2E5FF9E75CBDE59F936B24F247E5C7FF005D2802BDE5EFD8E2FF009E959FE77DB25F324FF5951CD34734BFFDB28FF969E5EC93FEFE50058F93CCA92CACE7D4AEA3820FDE5C49FEAE3A8E19BFE79F99FF006CEBD53E03FC1FBAD4AFEDF55FB0DF49E54725CF99FEAE28A38FFE5A799401DC7C13F863A97C2BB58F557FB74779751FEEFC88FCCF363FFA675E9979FF001278BCB9E7FDDE971F9979E45BC725D45249FF002CE493FE59FEEEA9D9EA504D6B1C17D25F5B7DBE4F2FFE3E3F75E67FCF4F323FF571D67EB1A9470EBD79FEB239354B7F2EE238E3F2FED527FD74FF00DA94019767E24F26D64866F2EDBED5FE851C107EEFFEDA475C9FC42D6355D7BE34F87FFB62FBEC3E549249E5C7FBCFB2FEEFFF0046495B9368F1DE78DF4BFF005973A5E9727971C91C7FBAB58FFE79C95CBF8AA183C6DFB435E791A77971E976F2491C91C9E64517FD34A00E93EDB1D9DD59C1249FBBBFB8FB3493CFFEAA58EB93866835ED7BC8924FF478BCC9249E4FDE56C7892CEFA1D2EE3F7F1DCC76B6FF0069FDE5C797FBC93FD6572FE1B9A7D065B8F33FD1A4FF00DA74017249669CC8F1B5BAF9D2799E53BF97BBFDBFC68AB9A95BDCBD859B348D0CC63E25B993909D936F6C51401F3FC337937F1C927FCF4FF9E75FA39FB51FC5A9FC55FF0004B6FD9CF4AD4747D3631756771711CF1C7E5FD9648E4F2FCCFDDFFCF4AFCDB9A6F27CC92BF5A3F6C1F84163E05FF823D7C17B2492DA5D43C2FF0063FB6799FEB6D64BD8FCCF2E803F3EE6FB54D6BE649E5C71CBFEAFCBFDE563E9BE659EA971041247FEB3CCF33CBFF555B1FEA7508FECBF66B993FD6F97249FBA8AB0F5EF334DD7BCF92497CC96803B4F0DF99E549E7C71DCFD97F776F5A9E747A0FEF2D648E3B8F2E48FCC93FE7A7FCB4AE6F4DD4A4D3A1B79E0BA93ED117FAB8E38EB426F3E6B0B882D60B6B9F2ADFCCF3FCBFF00967401B1A0DE47AF788EDFEDD249E5CB1FEEEDE3FF009E7FF4CEAC68FA947A95D59D8C1756DF678BFE5A7FCF293FE59D71FA96B13C361FB8923FDD797FBC83FD6D6E6BD79F63964FF57FBDB78FCCF23FE7A7FCB3A00E82CE18E1B58FCFD57ECD6FFBCFB447E5F9915AC927FCB4FF00AE954E6B3B5B3F2E09E7FB3795FEB3CFFF0096BFF4D3CBAC786682CFCB827F32E639BFD22E278FFD6F975A1E24F124135849F6AF2E4F3638E4F328029DEC326A52C9752476D736F149E5C72799FEB6ABC50C9672FD96EA7FB379B2799E647FBC8A5AD0FDDDE7D9E3923B6B69228FCBF2E3FF0096BFF4D2B1E6D1E4FB7C91C73C91FEF3CBF33FE7AD006C433C9F60B88E0BA93FD2A48FF771FF00E44AE93F675F8037DFB427C5FF000BF8734DFDE6A1E23BCFB3472797FEAA3FF9E927FDB38EB0E1BCBE9B548E47823924BA8E49238FCBF33CDAFD44FF00820FFECAF6B6761AE7C54D56D6392E25B8FEC9D1E4FF00D28923FF00D17401F98FF1CBE0CF883E03FC46D53C33E204934DD734B93CBB79248FF752C7FF00C6EB8BB3F8CDA9786EEBC99FF77FBCFF00BFB5FBF9FB727EC1FE00FDAD22FECDF1541258EA1FEB34BD5A0FF5B6B27FCB48EBF1EFF6FCFF008251F8F3F639126A57D1FF00C241E0FF0033FD1F5AB48FF7517FD74FF9E7401E47FF000D15FDA52F99E7FD87CD8FCBF23CBA8FC37F1CAD747BFBC9E49FED325D7FCB4F2FFE59D789CD37FA4FEEE4F32B4347D1EFB58964F2E3F2E3FF00A69401EA1A97ED2DA979B279127EEE5AE2EF352D57C6D75E649249E5FF00CF4AD0D1FC156BA6CD1C97D27DA64FF9E7572F2F208A2F2E3FDDC74018F0E9B069B17FD34FF9E925737E2AD4FCE9648E392B635ED4A38629238EB8FBC9A49A4928023F27FE9A5490C3FBDFF9E951F9D24DFF003CEB4347D1E4D62FE38123F33FDCA00F44F833F0ADEF22FED5BA82392397FE3DE0FF0059E6D7B67856F3ED97FAA5F4F6B1C7A5CBE5C724127EEE597CB8FF0077247FF3D2B93D375893C37A5C7A6C1E5DB491797F678FCBFDEFFD34AF40F81BAC49A6DD5BDD7F66DCC7AA5AC924967FF2D25B5FF9E91FEF3FE59F97401A1A0FDAB4DD2E483ECF25F5C7972492471C9E645F67FF00A691FF00ACFF005758F7934FAF6B324963A95B5B68FA5FEEFCC923F2E2F2FF00E5A47FF912B7358F1B69BE24B5D53EDDA6FD9A4BA924FB3FD93CBB6F2A4FFA67FF002D248E4F33FD5D73F79671E8F15C79F1C7F68BFF00F974F33FD0628E4FF57E5FFDB3FF009E9401CFE9BA6DF43ACC96B04973A9497F71247E5C91FF00E8BFF9675CFF0083EF352D63E34EA93C1F668E3B5B7B78EF2392DFCBF37FEBA475DE4D0C93797A9493DB476F6171E5F9727EF2297FEB9FFDB4AF33D067BE9BC79E28BAD1ED6DBCCB5B8B79248E48FF00D547FEAFCBF2E802E6B379A97826D7CCF2EE7FB42592E24F33ECFF00BA8BCCFF00969587E09BCBE96FFC89E48FCC9BF77FBC8FF755D678F219F47D06CE0BAFDDC917FABFF967E6D73FA0D9FF00695ADE49E45CDCDE6B31FF00AC8FF7715AD006BF8B6C346B6B846D521BABCDA36159D3CCBA8E5FE3F33F1A2B3BE23452D8E8FA6B59CD1FDB9414B9B6B332492FFD7493EBD28A00E27F63FF008716BF16BF6A5F877E1CBAB592FACF59F1059DB5C411C7FEB63F33F795F4C7FC143BF6A2F135E7ED0FF163C07A56B9249E0BBFF124727D93CBF2E28A4B38FCB8E3FF00B67E5D79FF00FC11E6693FE1E3BF0BE3FB75B58C7FDA12799E649E5F9BFBB93F77573F6F6F07EABA0FED73F1320F3EDAE648BC41717371241247FBA8E4A00F2FD1EF239A2924F223B9B897FE5A7FABAA7AF431EA56D27EE3F77FF2CEABE9BA9279B24892471DC799E5C71D686B179E7FEF2093CCB797FD5C9247FEB6802C69BE60B58FCBF3238FFE99D49E1BF32CE5B8920923924964FF0057E67FE43AAF0CD243F63F2E7923FDE7EF3FE7956C4D35ADE7DB2EA38E4F321FDE48FE5F99FBCA00A70FD87528AE249E3BDB6FF9E71C1FF2CBFE9A7FD73A8FC37E249F4D3F61927FF43BAFF9E754EF35E934EBF920913ED367E5F971F99FF2CBFEB9D4735E7FA547E5DD7FC7AF97FEB3FE5AD00761FF0008DCF67E5A5ADAC9249FBBF33F7951F8AA18FC3775E44F1C9E645FEB2D2E3F77E6FF00D33A90EBD1F8ABC271C7047247A8587FCB48E4FF005B1FFCF3AAFAF6A51EB12DC47E5CB73F6A93FD7C927FAAFF009E9401721BCB19B41B8FDC5B471CB27972797249E6FEF3FD5F9751EBDE65E5FDBDD491F97FBBF2FCB93FE5949597E1BFF893FD9E4BAFF498E5FDDC71FF00CB2AD8D62F24F2A3FF004A93CC8BF79241249401E91FB3AFECF7E20F8FDF193C37F0E7C3FAAFFC4E35EB8FB349E5F99E55ADBFFCB493FEFDD7F411F0C7E1968FF04FE1CE87E15F0E5AC76DA3F872DE3B2B78FF00F6A7FED4AF84FF00E081BFB285AF83FE17EA9F1635283FE269E2D8FEC5A1C9247FEAB4F8E4FDE49FF6D24FFD175FA0934DE75D7FCB3928030FE2A433CD61BE08E39248ABF12FFE0AC7FF00053EBAFDA8BE3A6A9F0E6D64F2FE1BF84AF24B2920FF00965ACDE47FEB2E24FF00A671C9FEAE3AFDB4F184D1EA56124727FCB5FDDD7F32FF0014FE0FDD4DF1E3C7105ACF6D7367A5EB179E6491FF00AD8BCBB9923A00E2FC79F0DED618A4D4B439FED36F147E65C41FF2D6D7FF00B5D6C783EF23D4B4B8E483F79FF2CE4FFA655D87F66A683E67976B75E67D9FF771C9E679BFBCFF00595E770EA51F8275E8E78FFE3CEEA4FF00488FFE797FD34A00D89A792197F7954F52D4BCE31EC8FF00795E81FF00084FF6F5847241E5C91FFAC8E7AE4FC55A3C9A6CB241E5C91F95401E7FACDE49FBCF323AC39BF7DFBCF2EBA0D6219F52D523820F324925FF009E75D0683F0375CD62C239E48FECD6F2C72496FE7C9FEB648FFE59D0070F0FEFA58D23AF70F81BF0C6FB41D1A4D5639238F50BAFDDC707EEFF00D5D49E0FF8110699616F34F06A57D792FF00AC93EC7FBA8BF795EA10F83E0F157DB209E7FECDB8B08FF7905A7FCB58E3FF005927FED4A00CFB3FB2DE697E5DD5D5CC7E7491C727FA3FEF6FFF00EB9D74979E0F8E18B43874AD72DB52B7B58E48F4FB49E4FB35D4B27FCB4F33FE9A51A969163A75D5BDD695A969BA97EEE3923BBFB3FF00AA93FE5A563EB1793FF6A491D8C96F63F6593ECDE67FAC8A58FF00E5A49FE7FD5D006A4DE14D4B5ED06CE4FB0DB4967752491D9EA5E6491456BE5FEEFCBFFC8755F52B3BED1EFF00EC375247A4FD96DFCB923924FDEC5FF5D2A4B39A7BCB0D523B59EE63D3E3F32F6DEDFF00D6452C927FCB3FFB6751EBDA8DD6A52DC69B75A6D8FF006A45796F25E4FE5F99FBC93F77FF007EE8032E1F1279DAA59C925F7F6947179924727D9FFE3D7FF69C95C1E9DE2AD4B47F8A1E30B5D4BFD06E2EBECF712490797FBAB8FF009675D278DFC371E83AA6A9A6C7A95CF97612471F9169FF001EB2D70FE2A87FE115F8BF79249F69B9B7BFD2E3BD8FED7FF3CFFE79D0049AF78AAEBC55AA5C4FA9411DCC7FF1EDFEB3F7BFBBFF009695A967A6C9E6C7F6E9EFBCBFDDFD9E4B493CBFF969FEAFCBFF009692561E8F0FEEAE3529E78FF75E5C51C0FF00F4D2B52F35883528BCBB19EE6392EADFECD7124F1F976B149FF3D23A00758AAA5DDD467ED91AB3EF1F26F9FF00E06FDE8A834E9B58D16C5AFAD155B525F2ADA769916484C7E5FEEF646BF2748FEF8EBD28A00D9FF824C6B163A3FF00C144FE15C97D6925F79DAC7976F1C727FAAB8923FDDC95D27EDED0DD4DFB61FC449E49E3B9F335C92392EFECFE5FFACFF9E91D7BC7FC1067F656D374DF11DC7C7AF17491C9A5E83A847A0F87E0F2FCCFB56A171FBBF33FED9D785FFC1422CE0D1FF6B9F8A1F65BAF33CCF145C7EEFECFE5F9B401E27AC783E7BC964BEB5FDE7D824FDE491C75259EA51EA3FB89248FCC8A4FDDD47FDA53D9CBFEBE48FCDFDE7971FF00CB2A8EF347B1D1E5FB5473FDA63964FF0059FF003D6802E6990F936B71279F1FD9FF00E79C91F995726BB934DB08F679BE5CDE5C927991FEF6B3F4DFF439649E0FB347E549FBBF33FE5AD6C69BA949AC5AC705AF971C70C9E65C5DDDC7FF001EBFF5CE802BE9BA3C86D64FDE7D864F2FED3FEAFF00EFDD5CD066B1B397CC9ED7EDD27EF3F771FF00CB5FFB69524DA3C1FD971C91C97373793492799E647E5DAFFDB3A8FC9F2A29248E38FCCFDDC9FBBA00B9A97DBACF419278ED63B1B797FD1AF3F77FEABFEBA5473431FD97CC924FDE797FBBB78E3FF55FF3D2A3D36F3CEB0B8B59E7FF004893FD5FFCB4FF00AE75259D9CF0DAF996B2471C9E5FEF24923FF55401269BA6C735D471C71C72496BFEB3CC8FFE5A5769FB3AFC1E9FE3F7C6EF0BF83AC6093ED9E23D423B2F3248FF00D547FF002D24FF00BF7E65727A0F91E6F93FEAE497F79FF3D2BF433FE0863F036D6F3C51E2CF8CDAC79763A5E83FF125D1E49FFE594927EF2E24FDE7FD33F2E803F503C2BA0E9BF0DFC1BA5E87A5411C7A7E8D671D959C11FF00CB28E3AB134D243FF3D3FEDA57CBFF00B4E7FC15EBE09FECBB6B1FF69789BFE120D53CCF2E3D3742FF004E97FEDA7FCB3AF81FF69CFF008394BC69E36B6B8D37E17F856C7C256FE5FF00C84B5693EDD7DFF7EFFD5C7401FA01FF000526FDBF3C39FB10FC16D42FAEAEADAE7C61AA5BC91F87F498E4FDEDD5C7FCF493FE99C75FCFFF00857E275F683F1064D72EA792E7EDF2799A847FEAFED5E67FACAC7F885F13FC4DF1B3C6F79E23F156B9A978835CBFFDE5C5DDFC9E64B2D7D01E319B47F0DFC6EB8B1D1F43D37FB2FF00E11FD2FF0077E5FF00D3947E67FACFF9694015FE2A6A5E1FFF008436DF528F52D36E6E3FE5DFCBFDE4BE5FFCB3AF9FF5EBC8EF25FDDF975F447C48F80FFF000B9B469354F0CDAC71F892C3FD6585BDBF97F6AB38E3FF0059FF005D23AF9AE6F3219648E4FDDFFCF4FDDD007B67EC450F89BE24FC4CB3F03E9707DBA3D43F7B1FEEFF007561FF00DAEBD33F68AFD92FC63F0AEEA3FF00848FC3FA969BFBCF2BCFF2FCC8BFEFE57D09FF000407F04E8FE1BF869F113C797D25B5B5E7DB2DF49F3E7B88E38AD6CE3FDE4951FF00C146BFE0A3507ED5175A5F81FC3975249E0BF0BEA125CC9AB476FF00F219B88E3FDDFF00DB38A803E5FF0004E83A5786FEC775E458C96F0DC797791C9FBBBABAFF00A67FFA2EAC6B17926A5A0C7A947751DB47E67FAB8EE23FF458FF00E99FF9FF0096755EF21F26D63BE827B1BE922FF4992493F772F99FF3D24FFAE754FF00B37FE129BFF2E0BAB1FB1DFF0099279FE5F97FF5D23A00EA3FE11ABB9B4B8E492D6FADBECB71E5DE4FF68F2E597CCF2BFF00DDD4979E2493C3717EFE1D4B4D8E2FF8F89FCBF325B58E493F772797FF003CEB0FC37A0DAFDBE4B5BABAD364D3E59248E39F52924FF408FF00E9A5741790FF00C4D3CBFB569B25C7D8FF00773C92799FBBFF00967FF5D280353FE103926D2EDE3D4BCB8EE25B8F33CBF2FCBF37FE5A47E5FF00CB3ACBF18681E7788F50F324B78E3BAB8924FF0057E5CB149FF5D2ABF8D75ED4BC556B67A55D4F73636FA0C7FE8F3FFCB2B5FF00967E67FCF4AB1378AB528746F2638EE64B79648E3B8F32DE493CD93FE59F97FF005CFF00E7A50063D9CD24D75A5C906AB7373A5DAFEEE38E0FDDCB6B711C9FBBFDDFFCF3FDE549AC6BDFD91E23B88ED6EAE64B8F324B9F2E4B7F2E5964F33FF45D65E9B770683611DD4F247E65D5C7EEE3FB3FEF7CBFFAE9573C61E36FB65FDE477525CE9B71756FFEB3FD67EEE8033F52860BCF0779FA75D7DBAE2EA492E6E239E3FDEC527FCF3FFAE75CDFC6CF2F52D7BC2F7D1EA51EADA85FF996D24F1DBFEEA58EBBCD07E2D5D6BDE08B7B5934DFECDB3F33CCFB7D87FCF4FF009E9247FF003D3F775C1F8C3C551F8C3C5BA1C71C96DA949A5F99E5C905BF9717EF3FF6A500477967FF0012FB78E0D362924F2FF792799FEABFEDA7FCB3AB10F83F529A6F22082DAE6F258FCDF3FF00771C5E5C9FEB23FF00AE9FF5CEB53FE109821FB4493EA5751E9F149E5C93C9E679575FFDAEA3BCD6249AC3FB36C7FE61727DA63B0FB3F9915D49FBB8FCCFFDA9401535BD32C61B2B7B3BBBA66BCB3FDDC8AC248C0FFAE7FF004CE8AD1D7E1D4F563BB53492D6D2EA57B84485FCB60E4E0E7F0A2803EDED7BE2A5F783FF00E0907F02FC55E0BD36C749BCBFF1A5BEA3F60B08E4F2BCC8E493F77E5FFCB4FF00575F2BFF00C149B5EF0FFC42FDAD3C51E23F0FCF6B73A5EBDF67D47CCB493FE5E24B68FCCFFC895F707C31FD9EF5CD4BFE088FA5C1E15BED4BFB73C07A849AF471DDDBC71CB15C5BC92492471FFD33FF00595F95779E249F52B99279278E4B8964FDE7FCF2A00A7FD8FF00DA717971DAC9FBD8FF00D64955F419921BAFB0DD41FE8FFF002CE493FE595490C3FE89FF002D2592593FEFD563EA5E5CD2FCFF00BCB8B593FD647FF2D680372CF4DB5865B88FCC93CB8FFE59A7EEFCA8EB534DBC821D1AE3F776DFF2CE4F2FFE797FD33AC3D1F528EF3ED9F6A9EE7FD5F99FBBFF0096B25588669ECFF771F971C72C7E67EEFF00E5AC7401A1E779D147E649E5C7E6799E5C91FF00AAAB1AC431CD15BCFF00BCB9FDE7991F97FEAA2AC387C8FB5791FBCB9B7B593FD456C6830C7E5C93CF27971C527EF3CB8FF7B150016767FD9B7FFBC8E3B98FFD67FDB3AD084C93799E5DAFFA3C51C9F67FFA6554F53874DD4AEACE48238EDAE2593F771FFCF2A2CAF3CAF2ED7CBF2FC9B8FDDD00490F970F97E5CF73E67EF3ED1247FF003CFF00E99D6A7893E27789AF3E17C7E15B5D6352FF00845EC24B892DF4D82E248ED65924FF00969E5FFCF4ACFF00ECDFF40F2E4F2FF7BE65CEF8EE2ABC367FE95FF2CE48EEBFD5F97FF2CA8038FD37E1BC1A65B5BCF75FBC925FDE7911D1E24D36086D64FDC47FF6CEBB0D63ECBF6FF2239E3FB44DFBB924F33F755CBEBD0F9D17EFDFCBF2A3F2FCBA00F54FF8266FC37F03F8C3E34EB9AAFC42B192FBC3FE0DD0EE35A92D1FFD55D491FF00AB8E4A8F4CFEC3F1B5FF00893C41E23B5FB6EA97F71F69B78E49248ED6D63FF9E7FE7FE795797FC19D7EFBC3969E207824F2EDEFACFEC571E5C9FEB63F33CCF2EBA0D0758921F0E471C91FEEE5FF0046F33FE5AF974019F67E25D7341D664B8D3755BE8ECED649248E4FF59FBBAE4FC47E2A93C55AA497575631C7A87FCB4920FDDF9B5D07C42D620FEC6B7B18E0B7B6F364F2FF007727FCB38E4AE4EF3CB9AFE4FF00AE9401F407ECEBF10B4DFF00865FF1A785755FB75CC975A8477B6F6905C7D9A2964F2FCBAA7E15D06EB4DFB3F9163FBC8A4FF56F279BE57FD348EB8FF84BE0F9FF00E11C9358FF004692DE2923FDDC9715E99E741676B71E5DD476D6F2DE49E67971F992C51C71D005386F21D065F2E19E492CEEBCBF32792CFF007B149FF5CEB421864F3648E3BAFF005527DA6DFCBB3F2FCDF33FE7A5179AC5AF9567AAC7A95F476FA849247E5DA7EF25FF00F795D069BF6E9A5D53438F4ED5AE7ED51C77367773F991CB6B2491FF00CB4F2E802487CCD3354BC93C4163AB49E24F2FCB8E38238FF7BE67FABFFE3955FF00770EA9E7DD79773796B7927991C7A5FF00A2C527FD74AE6F58BC9ECF5EBCB1BA9352935C96E3ECDE64771E67951C71FEEE3FDE7FCB4F32A48752D726D66382EAC6E6C6496E3CCB892D24F2FCD93FF69C7FFDB28037352D1EEBC6F2DC5F69BF61D4BEC11FDB648EEFFD1A2FFA69FBBFF9695269B3497915C6B13CF1C96FE5F971F91249FF0012B93CBFF57FF5CFFE59D57D37E245D68F2D9DAE8FE67996BE679977772799F6A8FF00CF99FF007F28BCB38F52D664D3608FECF797FF00BD93EDFF00BBB5F324FF00591C940078DB4DB5F07C51E9B25ADF49E54924927991F97E549FF4CE493FE99D71FE24B283ED51F9163258DBCB2797FBF8FCCBAFDDFF00CF4AE83E2D6BD6BA0F837CFBEF105B6AD71147F668E3824FDD7971FF00CB38FF00FB65781FC5AF8CD3FC4EF1647FD976B258DBFD9E3B6B7B7FB4799E57FD73A00EE3E217C5FB5F0E584763A549E65C49E65BC91A47FBDF33FE9A51F09A19B41D32E2F9A3B79354D43CB8E2D96FFBB964FF009E75CC7857E1743A3CA9FDA4925EEB937EF3ECE24FDD451797FEB3CCFF009E95DB8D060FDDC90C9E5F95E5F97E67FCB2FF00A69401B965A941E6DBC17506A57324B791C71F9F1FEEA28FFE5A7EEEA4D6347FEC7BFB7D1FCB93FB53FE3F63BB8238FCA97CBFF967E67FCF3FFA69562F2CE4D36EADE79248EE63B5B7F33CCFF57145FF005CE4FF009E9FF4D2B1F47D4A3D1E28EFAC6D64B98E5B7923B7927B88E3FF00969FF1EDFF004D3FE9A50025C5CDC2C91B685757925A18FEEC17E6364FA33FDD4F44ED4564462CB59D4EE03595AC36F1FF000432701FBD1401FA8179FF0005D4F027827C51F0FF004383C3F7363F0FEEB4392CB588E08FCCFECBF33FE3DE38FF00E7A7FD34AFCABF89DAC58EA5F1075CBAD1E4FF00895DD6A17173672491FF00AD8FCCFDDD53BCD6279AC2E2D7C88EE7F79E6472797FEAAB2FCE934D8BFD47991CB401B1A6EA51D9C7FBC8E393FE98573FAC4D753CB23F97E5C7149FF2CE3AD0D3608EF3ED1E44924727FD34FF009E751CD37EF63F93F791FEF24A008F419BC9963924F2FF007B256869B35F59DFDC7EFEDBCB87FD1A492493FD6C758F0C3FE95E5C7FBB8E593FD656A68F347672FF00CF4F37F77FF5CBFEBA50058BCB393CD92482392C7ED5FBC8E38E4FF5BFF6D2B43CE8E1B4F33F77279BFF003D2B3F58FF0089C7D9E7B5FDDC7347FF002CFF00E59558B2F3ECED64923863BE8E2FDDC9E67FCF3A00926B38FF00B1BCC924FF005BFBBF2FFD6558D374792CE59249E0F33FE5A797249FBAACFF00ED8F27FD163823F2FF00E59F995259FEFA5B8924824BE93FE59C727EEE80353C49FB9B98E4B58248FED51FFACFFA6954FEC727D96493CCB9FDD49FBCA93F797914724F07EF3FE59C9249FBA8BFE99D53B3BC8268BCCB8FB4F99E6797FF004CBCBA00B1A3CB2432C9049F618E493FE7A7FE8CACBF124D1CB15C24107971F97FEAFCCF33F795A1A6DE79D7F1C727EEFCE8FF00D7FF00CF2AC7F156A51C337FA2C72471F97FBCFF0096B401CFF86ECE4BC86DED60FDDF9B25761A96BDFD8361E45BC71FEEBFE5A7FCF5AB9A769BA6E8FF00D9F069B07992451F99A85DC927EF7CC93FF8DD751F13BE03DAD968BA7DD58DF476DA84BFF1F91DDDC7971797E5F991FF00ED4A00F0BBCD47FB4B5EF324FDE795468F07DB2FE383FD5F9B2553F3BC98A4F2EBD13F67BF07DD6A57F71AAF91E6476B1C91DBF991FEEBCCA00F6087C2D1F83F418E0FF41FB3DAFF00AC924B7F2E5F323ACB8747B5BCB5D62EAC7528E4B7FDE799FE8FFBDF2FCB8BF79E5FFED4AB1A94D75E24FDC6A5A57FA64B6FE659C7049FF1F51FFD34FF009695621960F0DF9924F058DB49F67FDDA5DDC7FCB3F2FCBFF967FF002D28033E6863D362FB0CF69E649E5C7F678E48FECD2DAF99FBCF32A4D37589348FF593DF58C9E649E64926A1FBAFFB6727FACA8F47D4A09A2B8F2E78EDA49638FCBF2E4FF4A8BFE99C7FE7FE7A567CDAC470D86A13C963A6C71DAFD9FF00D5C7E64BFBBFFA69401B9E4F9D7FE45D411DF79BE5DCC73DA5E797E57EEFF791D58D06CF4ED0746F2E483FB26F25F32DBCF4B8F325F2FF00FDDD61E8FE3DB5BCD1A39238F4DB68E28FECD1C7259C927FDB4A92CEF23D0B5992C639E3B99229239249E3B793CAA00D4BCF0DCF662DE48E092393ED1FBC9EEE4F2E2F33FE5A7995D05E7DAA6D1ACE3BA92C6E648A38EDA392493FD2AEBFE79DCFEF28BCF0B58CDA0DE5D491FDA64D2EE24B9BC93F79E6C5E67FAB93CBFF00A67FF3CEB978758B1BCB08E3D4A4F334F8BCCFF516FE5CBE67FCF493FE7A5007987ED35E15BAD2355D2E7B8492DAE354FF005727991F952C7E67FACFFA6755BC15F0DA3F0AFDB239A48E4D52D63FDE3C7FBD8A2AE93E32E911F8DBE15DC5F49F69964D1BF771BC92799E5563E85A8A4BE18D3EF91EEA28FCBFE0FF0096B401D268F6706B17FF0065FB3C773712FF00AC91E4FF0055E5FF00CB3AB9A6E8F3D9DD5C5D49FBC9228FCCA8FC2BFF0012DBF8E7BA93CB92D6392F63F224F2FF00E59FEEEA9C3E248358FB64905AF9779E64927FACFF005B1F97FBCF3280362F3C550F9BF65F2EFBECF2F97E5C707FCF4F2FFF0045FF00CB4AE6FC55A926A5149A6C96B6D6D6715C49E64925C799E6C9FF003D2392BA89B5E9FF00E261AAF9F6DF689638ECBCB924FDEF99247FEB3FF69D707A959C7A6C5E6491F9727EF3F7125BFF00AA928033FC470DC681AAC9BE18A1F33FE58A4BE67974572FE28D7E4BB68EE37C92799FC1FDCA2803A887CBF3BCF93F79245FF2CEA3FF00909799E67EEFFE79C75A1793793FF2D238EE25FF009E75972CD1CD1491C9E5F9717FCB48E80239A192CE58FCC8E4FF009E71C9E67FADA3ADAC9249FF002D63FF00591FFCF4A26F2EEED7FE59F972FF00AC93FE5AC551EA5671C52DC7973F971FFCF4F2E8029D9CD2431472491F9B71FF002CE3924AD8B3BC8FED5E647247E5F97FEB3FE79563FDB3CE8BCC93F79E57FCF38EB534CF2268ADE493F771DAC7FF002CE3FF005B401B9A6CBF62D2FECB27DA7ECFFF002D24F32A387CBFB0799FF4CE8D3268E1BEFDFC91DB472C7E6491C71D57F2609A5FDC7EEE3FF571C724940124D6707951C12496BE5FD9FED31C9562F218E6F2FCCF324F33F771BC7FF2D6A386CE0D1EEA392EA08E4FFA692474436727FA8B5F2E3B78A4FF009691F9940173CE826D43CB8E08EDA3F2FCB9238E4FFC895269B347F65B88248E3923FF0059E6491FFAA8EABEA5791C32F99E45B4771147E5C91C727FAD92A4874D83ED5F6ABA9248EDFF00D5F974015FCE92F3ED1E7BC91D9FFD33FDDF9B5CFEBD37DB25F323FF0096B27975D2426D61B5FDFC11C727FCB4FDE7FAA8EB93BCBC92F22927F2FF00D57FABFF009EB401DC7C19D7AD6CF598F4DFDDC7A84B71FBB9E7924FDEC9587F1E3C6DFF0009278A2486093FE25FA3492471ECFF0096B27FCB492ABFC37F87B3F8DAEAE2EBCFB6B6B3B5FF00593CF279758779A3C90585E471FF00CBAFEEE4A00E6E187CE9638EBE98F83FE1BFF8457418E78E492C638ADE493CF4B8F2FF00EFE57CF7E03B2FED2F1659F971F99FF2D3FD5F995F4859CD6B0DAC76B2471DCDC6A9FEB248FF0077E5494006A50C70E977104F3C9E5F99FE87E7DBF972CB27FAC8FF007951E9B0C7A95D59C925D7FA45D5BC7FBB92CFF75FBCFF00591FF9FF009E7525DEA526B1F63B18E0D4AFADE3BCF324F2EE3CBFB57FCF3F2FFF0022563CDAC5D6A5AF49FBFD4AF63FDE4971E449E6500496663F04EB3FBCB88EE63964FF00961FF2D63FDE7FE44A8E6BCD566B08E38E48E3D3ED64FF0047824B7FDD451C9FF2D24A8FEC724DA379127DA6392D7CC92493CBFF0055FF005D3CBAB9368FF6DB592EA0BE92E7CAFDDDC799FF002D7FEB9FFDB3A00CBD0747926B5FF4AB7D5B528FCBF2EDFF0077E5FEEFFE7A7FD73F32BB0D07C3775A8F88ECFECB3EAD2C914925EDBC7E5FFAD93FD5FF00CB3A8F4DBDD2BF79241636DF63B0B792E7CBBBBCFF00551FFCF3FF00A695970EB16379A0FD863FF41B38B4FB7B6BC923B8FDECB1C72799E65006E5E59CF67AA5C4775A6EB71C9E67EEE3FF005914B1FF00ACFDE5727A6F8C2D6CEFE483CB92FACEFEDE4FB4473FFAAB5FF9E7FF007EEBA0D63C7924D147E64FA6C725AC71C7FF003D3CA8FCBFF969FF003D24AE4ECF474BCF2ED67934D8EE2C24924FB24F1FFDB4A00B9A9786FF00E130F095E58C775A4DB59DADBC9FBC8E4FF8FAFF00969FF5CFFD67EEEBCCFE1EDE4F0F872E2C7F7727D96E248BFD5D7B068335AD9DAE9F2471C7E5FEF3FD5FEEFED51F97E5F99247FF002D2BCDF5ED1A4F07FC41D5238E48E48EEA4F32DE4FF9652C7E5D006A4FE1BF3B4BB8F2FCC8E3F33CCFDE49E5C91475634D9A3D3746B8BA920FF48F2FCB924923FF005B5268F35F68F147E64727DA2EA3F3238E493CCFDDC9FF002D2A3FED99E1B0D3E39FF791DAFDA22F2FECFF00F7F2802E69B79A6C3AF473C10797A7DFC727EF3CCF37FCF975E7FE36D6609AEAF2483CCB9F2A4F2FCC9E4F33FEDA5759078923FF00844AF208ED638E3D5248FECFE647E6795E5FFAC93FEDA579FF008AB528EF258FF771C7FBBFDE491C7FEB68038FD466FDEFC8DE77FB7EB4550BA3E75DC9B7FF0045D1401E9779791CD6B1C7E5C9FF006CE3AAF34DF638A38E393F77FF005CEB3E0FF8FE3573FE5DE4F6A00926BCFB65AF99FE8DE5FF00CF38EB3F529A3F3649238FFF0021D5ED3ADE3CFDD1FEAEA8C5CCD4011C3347E57EF3FD656869B0FDB2C244F3FCB922FF0057E67EEFCDACD8C79573F2F156A0FDE5AC9BB9A00DC86793CDF3FC893CCF33F793BC757269E7D1FCB8FC893CB97FD5F9F51E9D71279B6F0EE3E5FF0077B550F116A33CD37CD2BB7EF3D6802FEB134F783CC92093CC97F79E5FFCF2AD09B52F3A292EE78EDA4B89638FCB924FF55598677B0B0B46859A363E6720D2D948D2456FB8E7FD61A00BD0D9CF35D473C72797FF003F12797E67951D4967FF001FFE5C33C5FBD93FD67FDB4A86E2568EDBE538FF005752EA27EC96D66F1FC8DE647C8A009752D363BCD53FD67D9A3964F33F79FF002CA3AAFE1AD76C741D6B5CD4A3F2E4B7B08FF7704FFEB6EBCC92B63C65FF0012CF0DE9ED6FFBA6FB47515E51AC0FF4F92803BBB3F1B47A9780E3B58E3B1B692C3FD6471C75C9EA5E309E6F3238E4F323964FF9E759FF00F2EDFF006CEB3E5FDE5A481B9FF47A00EC3E09F8923F0DFC41B39E48FCB8FCB9238FF775EB967E7DE7DB2FA49F4DB6FB2FFAB924FF008FAFF59589E0BF0C69FA59B0BCB7B5862B98C798B228E43797D6BA5F8B3A8CD7FE12F0FF009CFE67DAADBCC97207CEDFBBE4D0055BCD1E787FD2FECB6D1F951F99E5F99FEABFFB5D538752FB645716BE7DCC767E5FD8BC88EE3CCFB57FD74FFB6956FC6F0C7E7E8F6BE5C7F6716FC26D18FF00591D37E28EA1278775FD1D6C7CAB558EDA3914244A30DEBD28022D0219F47B0D5279EFA39239638EDBC84B8FF8FAAE83FB364FECB8F52B77B5B18FCBFB347E6472795FF4D3CC8FFE5A561EA1334B35A4CCDBA6B9B80656EEF8F3719AD0F09DD4921B4669242D789179E771FDE63CDEB40197F10BC610681A3470471C76F796B27DB7C88ECFFE5A49E5FF00DFCA8E69E08746F2FEC36D1DC45E649E7C96F1FF00AC93FD5C71D687C5FF00F4FF00861E16D526FDE6A322C9135C372E57D335E676DAD5D49A349BA790FF00A67AD0077179E24BAB3B5B39FCCBA92E2D63FDE41F63FF00969FF3CE4A9341FB779B1DD7971DB5C451F99713FD9FFE59FF00ACFF00BF9FF4CEB8ABDD4EE3FB2E36F3A5DD1C7953B8F1FBCADDD72FA69759D3EE5A4669FF00BFDE802E6B1AF6A57961FBF9E4963FF591F9767FBD8BFE5A565C3793F893E235C7991F99E55BFD9BF7FE5FEEBFE79F971D43AC6A77061B8B3F3A5FB319231E5EE38FF5755FC2B128F870D758FF0048B9BC93CD93F89FF79DCD0075DE2AB28ECF4BD3E793F7727D9FCB8E3F2FFD5573736A7F6CB5FF008F58FED9E649E6473C9FBA97FF00B656C78FA058E52BCB2C7F68DA1896C7FA4FBD726FFBDB6BC66E5BCC939A00B135E7F66D8496B079725BCB27FD73F2ABCFFC553490C5279127991F99E67995DF6A30A7FC21D6F37971F9B25BC9B9B68C9AF32F157FF5A8035FC17E1CB5B3D3FED57D247E65D7316FFEE515BDA4DAC6DA6471ED1B13EE8F4A2803FFD9, '9999-9999', NULL, 'p@p.com', NULL),
	(8, '20', 'JORDAN', '.', 'MICHAEL JEFFREY', '12345678906', '1963-02-17 00:00:00', NULL, 'M', 8000000.00, '2014-10-01 00:00:00', NULL, 'arflores', 'arflores', NULL, 2, 1, 2, 87, 1, 1, 1, 5, 4, 1, _binary 0xFFD8FFE000104A46494600010101004800480000FFFE00032AFFDB00430006040506050406060506070706080A100A0A09090A140E0F0C1017141818171416161A1D251F1A1B231C1616202C20232627292A29191F2D302D283025282928FFDB0043010707070A080A130A0A13281A161A2828282828282828282828282828282828282828282828282828282828282828282828282828282828282828282828282828FFC2001108021C02D003012200021101031101FFC4001C0001000203010101000000000000000000000506010407030208FFC4001501010100000000000000000000000000000001FFDA000C03010002100310000001E5620018338280000000000000000000000000000000000000000000000000000CB03220000000060A000000000000000000000000000000000000000000000000000000000032C660000018028000000000000000000000000000000000000000000000000000000000067032200018280000B7DD3D6A64C733EE743280BBD7C885CA1089C75A812879DCE8C52BA3A38E579B15E4E498BAD2CC1642B98EB71A7366D5E8E798EA9CE8D0CF52F0399B7AEC73CC758A311F23D1A58E069ABD1CADD26BA56337B9039A637F44C66CD773915B7C6D66795DFA827D76FA7750287CB2DB2A73D7418F29D8EAF1873BCEC746398E3A3D4C85C75B8A39CE656F0732C74DA01A4EA19396B635C000032C6600030280019C6D9DF6AB70E2E75FE7B45E9C7D45FC5ECA75E799F5339F5EF97401D1F42EBC68EB346E9DCB4E9BC6FA672D3BB7E6CFD03F9FCF6FD09C4BAD1CDBB2720E86522CB8A79AF7EE4DDF4A4DC797C193DD1A9FAC6C6E78C796BAB5DF8A1D3236EBC68EB3CF3ACF173B672DBE7063EF723AE675AA258B9E976DAE33DFCE2701EDE274A9BD4AE1BB7780AD1E1D5B98DA0AE741A7481E7AF6EE366EF5BE2BDCCE4DD8786F66397F43E21D2CA374AF3B41CD6D9C7BB79CDE973D02000000338C810C67005009986C9D53956702F346C9DD23F8DE4DCEB5C63276BE7D541D2EC5C48763E4FAB83B6FDF0F13D001B3DAF85FD1D82039F60B9F46E0C2F335CB3276DA7D04770FAD8E14763E43AA3AEE8F31C1D32C3C4B2763E7D5DC1D1B9CB024E332770F1E2A26FA2F1F18CBA5170E37D578A1D5B9DC6897EC1C20761A753F2743B9F0816AE81C547628DE603A4D8F890B54FF00361DDA9FCE43000000000658CC01814000000000000000000000000000000000000000000000000000000000000000CE3300319186714000000000000000000000016D90284F7F33E16BAD9E0F4F830F6B21557BE0F17AE0F37A64F27AE0F35B2B66BBD307C2FF004835DED83C9ED83C9EC3C5E9F4789EE783EFECF13D0F37B598A9BD7079BDBC8C00000067198000018C8C0A00000000000000000002D7211792CBA9ADE24D6A68EC9F70DE782FD5C8BF32BBD3B9D4E96D5477CCCAEB40167D28593247CE3778F2AD7BC8161F180842F1BD1BAC3662F74DB90AFF00D9EFB11DAE577A9F31B312DED51C15BBF502F26EEE57F78DC6ED50B0736B7D30F9000000CE3300000319C01400000000000000000000000000000000002621C67000000000000377484D436000000000CE1190000018671400000000000000000000000000000000000000000000FA3E573B59C85D8E10E6EDED2300000000000CB080ACB080A0000000000000000000000000000000000000000000196F121D3A029C77CC56AC06E7B57374DAE37D93D0FCC78BB528C0000000000000000000000000000000000000000000000000000000001EE5BBA473C893A7D52C53252756ED542DD11F11648ECF3F923A7716B2F8941000000000000000000000000000000000000000000000000000000000DAD5F63A5F85385B2A1B9AA7AFC697C925F3A3E87BFB586348DD8D0F722FC2C72E5159C00000000000000000000000000000000000000000000000000000019B5C659C8ECC449113AFF7F6797C66CC56FA248CE9C5ED3D6FD0A559F6E1C9DACEA7B9C5E3EEB4A000000000000000000000000000000000000000000000000000000242F7539B36EA377B51CB673A8574F3F4AAC1962DEA7CD96CD8879834FD2421494D1AA4A137C43A6D008F00000003675ACE4D552F1EC72B75B8839DBA0EC9CD6D50B6B288E8BAA511217739C3A0471507449A390A72C873F749D1288E8FCECF87508B286BAFA9457598F39B5A2C1F4735744AD95F5EA58E5EBD6A15075B8D39B7A74CD429F15D2BE4E6EE83E873A4AF49390BA44315000000C98CC8F59399DEFA27826AC84044AD9A0A0A30F489961A9F1E9AA7BC7C4E9967B6732D53B673FA8DB8F19D88C16EE7F6CAD95C00000002ED49C9ED78A08B3EDD345E3739D8F7B951874EAF548582E3CBA7C9F96E63E2742F3A0E4C5D29592EB23CEB05EEA1A728742AED634CEA71BCF7274B89A48EA119421D0A9B1F83A4FC73A1D261A9F93A3EB502C2593568993A2EC731C97EA2F9FC96996A0E4B2CBD08600009123EE97DB31E0FBD7AF0D1F2818DE8C8FD324B5237E0DEF28592253476B5CAE7BEDD88ADC2769E6C57D9C000000000000C986D7C1E0CED9A6CE0006E9A4DCD3000000000000001682AE00000000000001B06F76E86F22C3F3011259EBF0DAE7BF9FC60F0F0F7D7330DD169C36732E6C7ACA60F1D98E8F27BD3CE78A8737FD130470948478000000000CE327648892D938DF5AE7D6739DE7A36E1CADD9B8D18B1D77AE1CE22773B89C0F1D929C7968760AA1CAFEAF92872EC763A894AFAECDB670CE9558EBE700F8BDD88E49F3D6374E359BADDCE29D7E97723907D5BAD6725C76EE3A698000000000161AF6D9DBE930236767EF70D4FBD8F23CB5FCE1CDEB2D5EC05979A752813135A9147D6DD87D887B47A699EB1BB9B46CEC6A6D5913C23F44D365E2ACE000000001B9A76B2D7E1115F3A153FB77E753A9F1FEDB4B2D9C6BA7F301D8793F5129B35EF51263CACBCECEA5C83B672A3AFD46C7CE8919CA074A39B745E47D80E55D4287D00E7771AFDBCE69D137EA258281D2B8F93D68D7853A071DED1462C7CFF00A6F1E3000000000006702F9AF519E27BD6AB603D207C76C8AF3F7C13378E776337F4E2AE643DC34370F0D886923DF6BCE48F1FAF9D3A95DBA4E62E9A75094387EADA6AC00000000928D1B3AC1370B8135B75A1F5F21B1B71826233C84CC47C8B047C789793AA8DA91841998861EB63AB8D89EAC899D1D41350A12BA1E224A66A83DBC4000000000000000336EA8D948CFB919A21A22DB4B2F7BD0D3A4CD5FDE08B24DC34F125F5175F376275754D9D48EF8376D3469F3E287D279B000000000000000000000000000000000000001E977288938C00000000000F6B944CE913ED215E36E0FEF54B07BC574C2B12F6DAE0F88DFA3DB5B3F46BC4C9C71A9E7EDE07CCF4158CFBE7770AA1E40000000000000000000000000000000000012D15D38B34FC7FB2679375E2FE70C59EB2600000000CE258B5FDC9C291115351846CBF95A8909DD49434626D1F651352F71C55BCEC7126AEBE7C8D4C7AFB1E36EA8CE1130D6BAA1180000000000000000000000000000000000037FAD556CC587CA0BDC97F88BD9246A970F4391D5BF467927E6FCF73ABAF334A4618000BAD2BA599F5FADB23FCA0EDC79EDEC781B7B91BB06F7944C61351D1BAA6DC778791E5E9F51E49FD5536496F4D0FB2D9CF7B0F170000000CA30CE28CA30CE2800000000000000000000006703A05E383CB1D23469F3649C968E4F19B8916AD9E7FF6747FBA2CC13905B9B054746FBF273BA8F5CE2866D95116F828DC9D836EB3E04EFA47EC1B3A31FA86CF8FA7B9A5E52DF0447D6DC11BB2DE7BA56356C9BC47DA3437089E673B0400000064400000061918C8319186461918646191814000000000000033819DCD217494E71264EFCCB7A11DBD1FAC4BF8C708E83DFD00002D92B4FB49BDA7F1E27A33E66CEDC7E91638FA960F69DCCB1ABEBAFEC6CCD577D8D4DE89942A107251A00000064400000000000000000001867140000000000000009D821D373CD2CC4D69CEFD9CCB577B44000FBB156B6C96FA8A1BBA9395633F29834A5A7750DCDCF91A3F7AFEA6EFDEAFD1E9E39F3285F19C00000019100000000000000000000319C014000000000000000CE0665E1C48C7E2D25596F8422D37A468B7E74AA5DA93D18A4686668C59FEFE0C7979EC9B3E5F7F443ECF87A99FBF7FA3C3734244E6FE5B3AC00000064400000000000000000000C0050000000000000000002D754B49EBA7D0FD0E73EDF15A3AB57AADE479F44AF4F94FB5E3CCFAF3F3FA3DBEF5760F6CFCFD9F1A7BDF66BECF96C9A1BBEB1E507E33800000032200000000000000000000C0A000032E979399BA06B149C5C764A2BA14794CCFD74239DE6EFE652DD1238A6FCF40E7E0002DD51B196BF98DC93D1D17E647EA5E7D893A5687A9EFEDAD937BD347ECF9F6D6D726119824B722764DCF48FF00026AAB2D4C3C3000000019100000000000000000000605000017AD4A80BE6A5385CB628A2FD01002D3B54C17B89AD0E81E345170A7800033819C065819606580CE065819C033819C033819C000000001910000000000000000000060500000000000000000000000000000000000000000000CE33000000000000000000000181400000000000000000000000000000000000000000006447FFFC40035100001040103020307030305010100000004010203050006111213211014152022303140506023243216334125343542802690FFDA0008010100010502FF00F09286B12C9FFD2C2E13A5B66CB1BA393E053C1E62CB54443C155F442C121535855940B3E1E991DA45A6AF64108F889BE55548C18B7C657115EBF3FB368F8B8D6EA13A7F55D3A44A4D65D8FE6F525BD1FA789581B8E32E69BD360AF0663A68B4AC7C2D28241231E07CF28DA593855D2380B4D69276ADA99EC159A562E16D452851F855554F60E5D2D1F01B4C4AF4919C66034D4B2B49D2E9D3847926986D2DEE9BA65D1C6340E9C92F4D491362D2ACE9DAD6C95D3D0D2A872DD563AC9B302F6D88DA593849A62442AEAB3D364034FA94001A656484C85202B2AEA26B05FE95878DBD44B5D9A2E2CD612F3B1CA2A55299623B8B0E7AA58EDC8D372B66B8A388006A692639B3E966F4D34DB9A1C513A6789A5DCADB2D38A38F5D5F3584CDD2B170874C4AE90C13A0707A615CC3F4DB611E01DE44A2E9655695A5B664D1BA193E96962E855CBA71673089C6A90B4E2B8CBDD692ED068C8B919ACE4DE7A91101AF982B934AB395A35568F111A3EA2B79A32B4E173980EA0DCCBF9DF155563EDCE59E7FD4032362BDED6C7595BEB87B8B2A5E905A50449CCD4D68F1306BA3614D2A1A420DB8F6A6940B5C0D6D03509D43776095E269CB1289B3D69FED74BCE4100DF5B950D9E921BF4B515C4CC2B4E173980EA993AB6E2B10600BD44538972AB9401D4A3276BC602B6BAD7D43574EC4AFD29174EA6EE5EB5AE691988791AA2C260D34CBA42EE2F2C92BA08CA2ADC8B329B5B5F556C74965A8A5E8D3E90113A7A8EDA5614B705A854E3341AD32F4C90A1257481D0BDB36A1BE14A2859483876E940DB1857D7133CBD2C54A503AB1112E3E90762CB39F2795AE75DD8392695F33F45313A5AB3A8FB5A0054106DE4EB6A5B69A51C07EA33DC85CE4CEEA04DA9C88269ED6B044042AC9527D51AB1156A6AC379A5DE92D12AF28D37B6D4FBFA369DAE79656A79BA751A37FE3B55A3BD5DE2CCC183F76B1FA8EC30B34B31BA2E2F7B59F53CD69009EDCD604F32B4F45D2A83D5D29D409B539104D35AD60880849FBDBED492F4A9D7E79A4D3FD63509C4010BF50584B93BA57CA32793AA7B95CECD1916D06AC97A96DA322D87D593752D748A7FAB6B3DFC9695AE7F5F59CBB0BA736F46B66BD2CD059A096DD17D2EA0079E4DA488355311ED4A3BC9882358C6C502ABFE2E76BBCD69F1143ADBB27CDD9FD254CB1C1637D7031207869CB4600B35F57C6D0B510EB14F32C8501A846921F50A58D6FAC19604E9EB988718ABF0616FF00500FE9E34CF8261B500534725E568ECB5B296C26C82474330F7E0CB149A84642752D9C06C7A7ED12BE45BAAC73750DB47609497D14433EC295CFD416D099169487A7529781754ED443471C92BA69296F06605A82D45203D3F7510E3177E142CF5F1BD3E8A7846B1D4968399078004BC32A3BDAE222F55A7190925A559DADD892D7F869987A34F692F5EC68AD420EB6C26F3075696E08DF5CAE7C71EA21DE66A33E33CBD3F751890C9775997965EA05017E2C8397A84662EA1B818A0282D041C36D9D38D9736AFB2928AF583C0B7157CAE3507988FE977CDFD9DD7C37F1DFC375F1DFD8DD737F0DF37F0DD7C37C08B145AA7B95CEDFC37F1DD7375F83BF869C82BDE25BDC8E38DEC6FE1BAFB3BAE6EBEC22E6F9BFFE41AE1EBC86181548B22C6FE3B2E5206C9CBD95EF7355ABB674DDC68458C935FDD518E5CE0EE4A8BBF15DF83B7E0EE28D555AC12378C8D73978AEE9DD66803AE1783D55AC73B38AEDC1CAD6B1CE5E0E4C4639C88D5555639171B1BDD9B2AE70771C46AAAF0764A2C51D0F077156AA674DE89B7DBF4CC5D4B7AD630BB2A8B320FB20DB1D78701F3CD452C8B4D5F652297A7E80469960D2D6122B5CD8AB532D4C5AD4BB3D4430A8526D5417EF353D53D8FB108D94D02177A5D3124CC469DB125D4E9A836905AB7C8DB0B52E62EE6E6D24F3B605BEA5D63079DB326F2684B74AB55596853E4A0224258240FF004FA99CB966D382C2A4133F212509D017A9EAAC5C5D87F963FD269EC4A925D3B38BD7246B2949B7636296C298F9EC4A7EDCBEDD5264616541B10ABE74206108B15F5A7588F255BCCAF3A0B5390A4A535A092436ADB12971A520EAD49CC36326E4936322EA1B48DB7A3585780E1CC8E1A980C8E2A76180915D69651930926559B25A1AE389D350F52D423628AE5665F3641F5B294B6EDF5E35D57C5E68050A7D88C64F1160011C46853D6DAD94448414EA31254B5044F5A6442455864620F9E700241B3B184CC6DA72BEA850A29EB0F8A3638E103197F044B029A37D08E44A3493D8973C6BFF0081EBE84929ADD34337174C8AE42F4BCCC42079877FE275D5841CB5D4300B9EF2639FBA46BDB74C22084A8EF299E02FE2238D310B221F5756859139234AE1E24921922718D6AB0962E75D9BBB848DBFA8505FF87D3F9182382D419228562B38E5A4E9491559102486F17449CA27B9D1BBCCB7079F949D68A76DB85E44CFC3628DD2BD9473B876D6CD954C40D896822E13D39988820EE4238A133EE8E9555E84AF084EE39632F9D1BF0D864744A2D69BE5D6CFDFB22D5D0A22EDD556E292BBF9A5D9495766FCF15764E7B2C4EF7E64DA4FC323FE521B2CB1C2D74D3C8BBB9CEC76266D8D4EE185CA32C19E34FF00307F286B4A327234E930C3F85855B2BC7F4DF289DD247BF7762EF8989FC879C1087635E6123509EC947D383B5D0023439B2261B32B94D6F12FF09AA9D839E65E719629A498AB05E96359BA2FBB9FE2B69E739534D8A8D86AC16B58C8A24E698AABB4EF9B6EA92DC991F245A80656AFE121C0E2485A08DD8B08D5C8AFEBCED6BE558280A9D60AB082C20FC7992B9D094F4C64DCD5C5629322E352455EF91CAA3CD611B4B09536FC26ACCF26E6C7645AC3A6C89706A20A0C57C2330AB6661163CD1C5E32773F07E48F1875739054CE0C66176A30AE25844F20F14B146C9A41A4378F9AF87046B2CD2D2831CD601BC127D9AC0E2980FA5B70E20D9F05A9BA9C1C814FF420D5166609A5E36E0A08A2A39E898F2D8D428F5DA79BA99E524971008DB8AC89314A6C28EB1D9CCB821B2C17702E79A1246DBB79C814F28ED4B34736A91A5A5A86A099F0F4EC3D6B826AA496D1AC8ED6C18C5945A98C58A8C5E9DB155C7C261C6C690989FA3A548E8D2C570D8A6AA120524928C1C026F618BD4F50B19EAF681B66B96C32C45DCA40DB3A38466D5B6584FA8062843AC8E48ECEAF0C70B580DDB6296B35044C1E3B31DB181209282A70101576868CF3CD1FD4B5232C87F3B783B05B4AE86116B462212AB018A00AAE529B678E1A51269061A4D4EA60ACB682360FAA4A996D2D9C68CD38E8229752DB9C28F3D70CE30C6C32C458A20736A2B32E4567C00C49CC96B28601B3B223A56B52535572591D924DEEAF255E2D663C9EDBEF8AED927722BB23ECE55DD72AECE10E136D9B34B0590F1A0D661ABAE8C4309F87A6E4887739EAB94F2B26AAB20DF047632C6DA4A196170A2410D33A47BA47DACF1C63D9871D99176544E8E8E660F691D6C3EB1294CFEAA40C68EDC7B0899A989AE97C099238F4E3648E1D34D647694E43E1ADAC163EB1374030E3AD8B85F35A8C31275A1B17AFD8092144504B0896D5A10A058541D1A5B0B5D0D7CE74EE28B898CB1A335C28D41D265A5341E5EB6D8D0649A7D30C630C10282BE7A42DAFBDAF48EB6F0004606CAA888DD7F2BFA92E9E26316CC9AE972BC0F3515F12D705EDD4D1CC5E0C3C2242E9B15657E4C9B2C922351EF5C74AD455971CEE58B235158CC317B2AF7644AE74E3AC70FD3EFE3BFB15263413257ABDF9BE6EBE1BE6FE1BE5690829A5CEA415BAE6F9BE6F9BF86F9BF8EFE1BAF8087742BB375CDF37CDD7C775CDFDB08498C9AB29470DAE76D9B22E2C8C4C24C4DBAEE9165938BDF2B9CAABBA23F8A4843DCB0A726EEE4421BD48DB16D95E372C757B080EC2B9E2BFF0604390C96BC58411A42513125F76629B9317CF375739F2AEDF24DFC111D32C63F689BDD91F2C88577524AE6C591CA91AB9CF59A49D5CE2ABA22A39E17C32FD0450C92AB98AC763A09122F6461E52A420790697E92BE9E5305FA386374B206C50C59AC3758C88DB1CE5F773955715ABC787697F8C6D591F5C347D72A3515614E50B59DA21D8231C5933274628514D6EE2D79922422C499D06AE5A5330C88B165126F8FA5D1A353EB11B69588AE7EAA541EA5736F629AC16BA7B131E6979B7869B0A334EBA8A286CB36F6A8EB069AA97C365F662FD9E91FA3A3E3E7E63478A1714C91FB39F22C7899C71B8E767791E24291E0D16E690F7145035F2483B56311249E164AD1AC486C5A7A3728D10C33485232186C6497E59BFBB641447427892064FC63FF69A517FD574C5243D6B5D652F23682AA170F26A58E390E847B6A85C4F9E9B6320A585AB39168386C8EB6F2228CD4C3305B2A63A33469B52C2ACD3F54C2D25D450C0EB08E0B3A4D2D024B6B64F0AB48AB362BA8049995D6841EC1EAADEEA3384AE047AB023D46390FBB8A106874AC3D5B53E60EAE7BA3DB693EAB7F42AA82AFD4262AEC5AF78738B7C29112C337C71DCAC9A5E68D8BE4CED8DEEAAB933B68D7DC4966E4E0A025ED8642219579C9414B57E5E3B0B06EED80825C38D1028E99239F9706B88C495F89248EC44ED176633966A70D27057E28B1F589D672718B4695FA9500F97D47772799BBD52FF002B569F3AAFDAE97F02BF67A4B4E45D5B8D5E53A4334A45D4B6D532F52E2BFF0067A531E82874BFFCFC2B6D75E687D191FB96452966E916746BD11482757BFA60D34293D9EB39FF0058285672F5A4BB334647B4764538B328E2EB5AEB29791837EC34AAAE68A8D78D948929DF401CAC320922E2E8B6E0A48FB3C88518F3915D23DF2E452232208F8D2564439D2C054A1D8925CA43C519A3A44DF2F1112B86707046244F5E4B1C49B2ECCC8F93B3744C454DBB2E3B691A447D123E269A87AB71ABA5E76B564794395AC62F597CDDE06B6A085A74A926D487C6D817E63B3AB3EB193A6268C8772AE25EB59E8B8B0F93AC6963BCAD38683380EB2816DE9994762E75804F067ABFDA696C6FED3485371F56D4B5C51B3D4FEC6F75255105954756DAE9B564BD4B6ACFDA695CD1D172B1D413756DC446DA69B669F3DCF3A68A92AFE86391F1BD2D25D9867EBFA880D6CE54523CB858C7C9D913B609133A854C90C30BE7B43A78E20D95F1A3D492DA28C0EEC6BA4591D137BFFD78B5B9315B62938A62EDEA2BB853AC936A48BA56FF001052A51649E57CD267A897D0C0EC4A0D26BA3A76AF84523A294D32631E19E406D55DD473C81625F98B6A58B1964CA54A19E4078FBDB0724923A57BAC0970B929E44A322ECA979608C73B93A2BA3E28D8792D26695D34AEB025C2E046CE1E3DCAF78A5CC2BDD7D60E648F748FFA66FF00C33B757469C962F7E62C859E6A56794898AB2296BB3EFE7522E6372BB206AE3176C91E8C6CE5EF8B2F77CBD9D3ED9D5F7ABA7E19AA7DE97F0689EF7D7B2B8C7E7521A986641D2087BCAD544401ED90C18947EA697F52DC667146BBB3C84661043A45DF6591F8F7E2AEF8D5EE32E5D37A953F82C4C59241116160A3CD334A5F32F9DED8E019769124F72A4AE91ACA82A43BC8361C45463565C7BFB649F29315136CFF00B0C9DB9F5BEE888AAB1E9C25F11A1CE1CDF1EB23DF392C60CE91C7175DD34F22FE8B1718C710B555B00AD924DB0B9BBA3B9672CF9E3BB63DFBA3BF93FE7FE189C9E377754C9FEB6F6F17FDC6B606905C15A0C0FE2D5692342547734CF097E30B0F4A035BC40B5977926FD38DF827172850B076A3FB395CAA546AB8BC931CAFCE7262FBDE0EF93BE68DC6654C7FA8E8944BCB36F0B0FB8D15646D6A2B20C4545C6CB8EF792EAB9C093F12BA2EB14AEE396B23A28C3155EF2DBFA8F87A8A18E912471E31898BF26B115258598AC4C7A378C899BECAAECDB7C54E2D6AFBE31288A4FEE2E6C979587DC031D4A9C313966D26249B675DB8C9DAAAEE94B193A7C59149D3E5C592C32C2BF06999C077E1CD8224627A908D25A69B18AD8988C6A2B7E49DF3744C74C898F9F1D363E6EEF7EF8EC46AF2E6898ED9D8AD5DE1F9D2A798B695DCA4FB869D1978F59F13BCE333CEEE893339B231E5C644CE3BC6DCED8FF7927A9066C2F4EB7628220577B50C7C2046F394D3049D08A99112B83F2703BB22AF745F7B9ED924D8E9F1D26F8E7AE6FDD577C44DF082311CAD54224CF37DA0EA933491C75747F71A3B0858C97A2F64A02A2F4DECCEA48D588B7B54822657868D7C69CDAAD9F1246BBC246A39B2D58B264B4033B3FA7998FD3CB84C2D8254F9ADB625AA239F2BA67082C2031664D965E4ADC73B8E493E3A4DF375C5DF1715338E4FD7818C941B44B0A9242745586CB83E9B25D80B07872F896209F7214E2056FAB9BBC37BBE32CABDE8F281CF3814992233774C4438962B9114CDA13376B496AE759173AADCE71E59968305ECC24BA415D32EF027247C88DC926DF13BE35BD9B1A670CE1926CDC9A774CA0C9206D9AB1854605894127AC1D32A045918F958D8ED5EE52FEF1011242A35846EC9058E5478D246BD47264642EFE715A9E755D8A5ABB2C8874ABECD5BD3A0D637774DB239792E37113189DF7E29291EE727CEF160E38EF9B247C2AF2184CEB60AD84A29DCC34DD971FEFF00EF429928EA39B09192408A8E1FDD56B9ABCFB378E17FDEF6439384B1AE3DFB62AEF9DB39A67598DC96C11B931324D834DD292285BD4E3EEBBE6EFE2CF93FF870EF03BB583F999F7C16C658707961291D1AA2F4DB8E89BB11FDEF65ABB2B64F755DB62CFEEBA4735BD65C7395572381CF5F28D6B054F75FF2FF002BFC53B222F7913B33DD472EEEFBEA2AA28B6D233219462B1E32A61ADE257B4C917164C891D3CBA85510BFF1830DC96389AC47FBD23325F92E46BBBDCBEF72D91CBBA74FA90FE023D81506153F9997E069C0DEA599375C9C107E4AC6A31247E46DC4C93E7BFBCCF94AAAAF6B71719DB24FEE7E054EC6AB26161D884815E602F171059957A0E6496B5D1082635EE7695C0C6E58D62371CEF044C4C4445499BC5E8BDFFECE4CF9B93F911FDFFC0AA9788F62E568D482A95617F375EDB4F3D8CB33EB8930AD552279E6A2B975127950051D5EAD6F1455DB157136F04F9A64CDE4DDBF5F6EEBFC634FD4DF8E3BBAFE05569BC23B8751C3061A9CBF17CB58E404CC3ACF33E7974E8FE66DAF17CD5A351B135F26FE0E4ECD5C4C45C5ED88B8AD4DF13F8F6D8D7F4C6FB7ED9B786CBE3B786D9B66CBE3B2FB751FDADF3E69FB13C5974CAB90AA9346C0C120B92B418A92252115C8AAEC6A77DB1DF2C4766FDB9622F762EED5C63BBEF96F2EEFFB7471B7FA6C7620544A0B50104615D6B6030F3453D540D159491B73A4A1552E12246E60F58394F404172387196B0DAD8A307D2C4497DAAE9D9133CE41886418F260763498A3586FDF1613A97F4BACD21FD51D31088310987109873CD418B38EB9D78933CD45B798877F330634B1F14C1F10B83A8A60FB4CF5924FB74369030D22C5938D3D88A539A78D13C6B18876CF623F9296C8395E596D9000C80FC9FA844439B683C308338E81B2D458E49EC455156C59D7FF00DD3FFFC400141101000000000000000000000000000000A0FFDA0008010301013F013F5FFFC400141101000000000000000000000000000000A0FFDA0008010201013F013F5FFFC400471000020102030504060804040600070000010203001104122113223141511032617114233342528105203040606291A15072B1C1245363D115438082A2E134738390B2F0F1FFDA0008010100063F02FF00EC492676648D38DB9D7B69BF6A270B3DDBA38A64914ABAE847D8E1E261752DA8A6C90C6ACCC00217EE622857348DCA95F10AA158DB43F68A2450C8AA5883502C71C68ECD7D16DA7669424C422B4B6BBB3F2A6F46D9B4C48B6ED8FF000867FF0031EA548A791552CB656B52BCED99B31173CEB6115817B027E55B6F48CFBD6B65B52C2AD96FC4D249E91B4CCD96D96D5B3807993C057ADC4B66FCA28CD0C9B58C71D3514B1C4B99DB957F89C46F7441C2B6B9C49165363CC1AC343E6D578F763E6EDC2B7F11213D40ADAA3ED21E7A6A3B4ECECB18E2E6B7712D9FC4694DB6984641B5B2DEF4E80E6B1B5C73A0F8A93640FBA05CD1F47C412FD1C508A25CCE4DAC2BFC4CFBDD1070A2D85976847B8DA1351C034666CB49B19B6AEC6D6CB6AF5B896CFF009469591CE653AAB0E7498A925BB14EE81C2F512EDB6610F4BDE9F0917AC70D9455F1339CDD1052AA4A0C27DEB70A8D36DB4CE2FC2D6A5C49C464CD72065BD06C5C8632782A8FEB52C4AD98235AFD974B24438B9AFF00E224CDD6D41890F11E0C2B153792D247CA34EC8F16D2E5457D16DC6D5240B26CF3FBD6A8F02B2E62DEF5AA248A6DA67EF1CB6CA2B6C27666B816238D6D0B6CE1EA471AF51886CFF9C694D34D8808CAA58AE5E14A9182CEDA002AF8A9B29F85053CB04D9820B95615921E038B1E02B7B12F9FF974A904B30451DD60B7CD526190ED0A9CBA0E341B153653F0A8E14F2C388D105C8714B1C2A59CF2ABE271163D1055F0B88BB7C2E2992416753623EED864B7BB73F3A9269B15A3B5EC169468AA82C8BCCD49899388058D61E2EA4B54D2FC0B6FD6B0F1745BD2205F596CCDE26B3C97885F4DFB05A936CD73932FF31B53E29BBCE72AF951C3615F6613BCC389345F1073156CA1BAD0854FC31D12ABB912D80EA6B6BE90D7BDEC385499868D19BFE9D8AABAB31B0AFC90A5CF89ADA096C2FECFDDA9656D0AC77A69E4171170F3A5C3E1CDA46172DD053FADDA06F8F956DD87AC9B9F8530891930EA6CBBD6BF8D20C64D98C62ECE4D1947701692B38B195B4414C93CA5D1949B1E55863F9CD3C98872DBD957CAA48B0F31444B0A971B26B2486C09FDE8E1B0AF9027788E37A2D88DE21AC1BAD381EE285A8958EEC71EA689C31D9C2380238D124DC9A8A05F7DAD4530515DD45916927C4C8CAA0DDAEFC6B624FAD76040A56FF3189AC4BF2CD6EC30E73E8F1A96CBE35875C348519AE4D3E2266CECA9C6865B19DFBA3FBD61F0988933297BF0B517451BBBA8B512B4A64591AC54F0AC4756DCA9316C2E7B89470B8590A05EF30E37A930D2499D5F9B71A8D5B46CB9DE8BC3298E30775454534A0062998DA84925B78B11E74AB837B106ECB7B66A930D2C92A86D191ABD248F5B2F3E829E1C3485238CDB7799A936EC58A3D8134D6E6A3EEB1C63DE60B533AFFCB4D2ADE92DF2159A472EDD49AC4C9CEE16A240A4EE0CA05057F6AFBCDFED4BF0ABAA54D2C0B791785EBBD1AF92D07C53C8DD335613F96A78D50B4A643A7CEA383891AB1F1A121D419188AD3E317A8E350725EEC7A0A94DECCC322F66141F8EA6CBD45FF5A59245F5086E4F5F0A97AB90B52F5DA7F6A62C342A2C684EF132C44D831A8767C4442DFA511EAD4FF2D66C43BBC7FB56265F25A8774ECC268795EA4C548A45C654A8A053ECC5DBCCD61FF30CD588723DF37AC27F2D4F1AA3194C874F9D4708E5AB1F1AFF00E64DFB5EA7FCD64ED5FE43513E1C2D98D98B0BD651205BFC0B44CC5CC9CF371A8FFD28AFFB5163C4F66225B77885A2BFE5A85AC44DF1305A29FE5A815FFD33587E99F5AF4B994845EE5F99EB5045F1366AC3797F7AC40707317358633C6544874BF3AC505E3B334A801D90EFB7856219740A9956B6AA1AC0F7FA1A4C362173E6D038E3F3A8E423D62BD81AC2DBFCA5A916C73663A5289375DB7DBC2A6957BB7B2F97DD60966F6686E74A7830CECCEC472ED749FD949CC7235995F68DC82AEB4ED8A2524CDA205E5524D7DE66CD4062FD5C9CCDB435B45D8E6FCB16B48D12911A0CA2F5E8D8A3942F75A8980ED653D05AB7A4271253805F7A9258FBEA6E2AD3931B730C2E2BD49CC7E18D6B349BA83BAA39762489DE53715791F66DCD48A8A38AE20077DEDFD05451E198B056BB1B53ACA0B42FC6DC8D663329F35A8E28036C935B9E74B062EE32681C6BA56D18C2CFD767AD4706141C8A731245A95B9C8C5AA58711EACA311A8B8356C27AD9397414CD21BBB1B926A38312C6378C5AF6D08A3061778B1B96B5ABD1B147285EEB71A2D07AE94F415AC84E24A70CBCEA39B124845BF0EB51C38662D66CCDCBB5278F8AF2EB5699B2DF8A3ADEBD4AA5FF00D38E9B1120B233DC8F0A962C3BB34922D869DB0DF8BDDCD6224EAE696295C8901248CB534DAD9DAFAD473A8EEF11D455DA5FFB596ACD9A3C385D091C4D2180931A2DB51470F8ABE4BDD5872ACC655623F26B4AF182A882CB7A5F4A7D9CA06BA686963C2F02779F2F015B0C2B16248BE9CA8E1B142DBD7B95B8345A0D986FF4E3D680032C29DD5A186C5E6C8BDD71AD67DAA66EB935A30E1032A1EF39E27F89C5EBE2DC8F866D689EBF7276C66C4C99B40E780A78F0CEAF2919464E0BFF004A91A622799710C6D9546952C4D88C46D5395AB3656CBD6D5C29C6290EC9232E470ADC1C780AB30B1ECCD95B2F5B51F485BC2885CD6ED0B29D786959729CDD2D56B55ADAD5AC6F57CA72F5AB5B5AC74D89427629A5CDB7AACAA49F0AB5B5EC897138579A7953331BDB251DD6D38E95BAA4F950D38D66CA72F5ADD04F95703A512AA4814001C68DD4E9C74ECDD566F21D85B29B0E76ECB01734774E9E150CC54EDE590D8F8566CA72F5ADE16AB956B797F1086FC12EE6B1B8BC40CD145790AF5E94209B21C3B8378F2E80562F1C1433ED365066D7E758E9B12559BD92BDB5D78D61D600062A719DA42380E82B0F89C458E23685735B88A0927B25199A99F118CC27A1816D84566D2BE95C520CAA7D5A7CFB30987C2AA89D6217722E40E948984545C5BA8DA496FDAB0EB945C2867F3ACD6D36A5BE42BE93C74A2F1A06AFA444C2318748B7500EEF4A8F10807A5E24E8C47756834B936D3CA12F6B1602A3C1E0AC92050D2496D49AC0621C013C89BF6150187DA66B0AFF008783FE1F68A08B54D84C1840ADB8DBBAB1A8B0580B29400C8D6EF9AFA3F06C15404CF204D2D7E34C985545C2C7BA22CBA11E350490855C5E2B78BDBBA3C2A0698209677B9CA2D7039D4537D0EF19C2469BC800BDF9DEBD382838BC4B9CAC4774549362326D65711E6B6AC054712F176B524384C66130B878BBC330CEDD6F4D3C0B6851735FE5C6A5842C6B82C8CD932F2EC86588018BC4FBD6EEAD46F384DACF27102D980AFA2BE8F3DC48B3C82970D0227A1E6CBB3CBA65EB5F497D21328922C3F75791352C38ACAD873193972F768DB87F0FC4970C5DE3CA96A9E3C4A168265CAD978D49FF000D12BCD20CBB493DD1E15E878EDA2AABE7564A4C1E16268C06BEBCC7FBD41E9FB749615CBEAF81A8E385367868B445A67914B46CB95ADC69FD1DB1124A7BB7B002BD1103094C99DCF2A8CC97C8185EDD28629B3EC73036E7615E94EADB1CE0DB9DAA4C6BAB6C9EE2DCC0A9BD112662EA46D1BAD6270D66DB4CC35E56AC461406DACAC35E56A821C70983E1F86CFDEAC247878F66B0FBA6862714B88135B791783567B654519513A0A8DC8DC8817634D8CC40665CCCC32D6DB9E7CF4B8D68A66C46978CF76BD382931F7729E36A95B0EB3BCAFC336812B0E31AB36D605CA15783560F3C4C30F12D9D07F6A9CE04CD24B22E5DFD028A870D8E132983BBB3F7AB0B041118962BEE9FDAA2980BE46BD3E25CE2B3BEA630071F3AC65C36D254C88472AC6020ED654C8B6ECC3A6344DB4C38B009EF560D563290C5DE5FF6AF4B86291E2CB972DB5CB53CD8349485425A597DDF0158A8718AC61C46A4A71152C5F46AC85E5166964E9E1F81760B3B88B865FB96D2090A3F514639B10ECBD3FE8233C9EA63FCDC6B7DE56FDAB75E65ABE1A4593C1B4359668D90F8FE14F54005F89A848FEBA51D780AEF571ED31CC81D7A1A3245BD873FF8F9FE12B411339F0159A6111BB7CD6AFB7D95F9E6B014ACD36DD48D79D6D108AD7FA5755F8AB8D106CCA7422B6B08270C7FF1F0FC21B7C6A6D2E7747214760E16C3BB6B548AC732DF81E5597D1E69D7AA1146480B429F04C696246CD73FA55D85E9875ADE73402B15414D14803211A83CE8A0D633AA1F0FC1CA89AB1A369A363C72235E8E560391BE949B5616B71AD1F29AF6A0AF315B918CDD6AF9ABFF0075763BD5DEB55CEAD5BC3D62EA3F07165D0DAA39D2648E73AE4ACB884CB20DD614AB1F0B56A6BBC7B75A5AB760E74C395FF0722BB6F2775BA567949278934455AAFCBB781B56D4BC213AC9464B2BC5F146D7B55BB1F6511B03A93A0A6915D242BA951C7F0633943B461EAD3FBD0931E406F7611C5BFDA98C96F215C6DF52D49B6CAD986A2D7AC899B216D3C2859D517990D5795D9FC2BD5C4A3C7B18462D22703D454B6D35FC1514B2AE65144E0D02B5AD9CD091C9790E9593DE3C4D6A3B731F5517522BDBC80F5A50C8B265E05AB2A2AAF90EDDD3576D5296481751DE5EA29261C0E84FE0A489389A2C253E559B432F5E9599B85658A367F21579AD12F8F1ACEE36B2756AB0FDAB89B50EB572D5A0AB0BD5DAB272229B9ADA9F27071FA1FC14E556EEDA51D9452653CCE957C5CE17C06B5AA6D1BABD6815478510B475AE35EAD49ADEA637A15736B50162E7C2BD27093DFCA9B68F9D8EB40FB8788A932776FF0068918E2C6D5B07FA442CDD0AD3412F11CC73FAD8DC44E18889776C79FDDB0A12FB578F3BDFEC80E75B19B2E7B5F43F72BC511C9F1B68281C54A5BC12BD4C28BE36D6B53D9653615BCC4D687E75EB5EFE1570A3E75C2AE89AF8D06016DD280918A3788AF6F19F9D2EC6CEBF96ACC8DE74770E6A718A1DED00A7849B8E2A7A8FB480725398FCAA4C56324862C397CD7CDCAB138D68DA4C3C032A4638BD620FD2582C3E1A0CBB9BB66BD4D8AC6441EEFBBD4F8519A6863830D864BB08F4BD2618E030EB87934165DE1F3A9A25E08E54569DEC44D5144B045362DD733B482E16B0B8E5896295DB2B04E06A3854EAED6AF4383070CA89BAE5C6F31AC26130E8A82CA2C073269A1C3C6140CA9651C4D61B0300096401881FA9A10617E8D8BD150D9A59578F8DEA7185B6C6FA5AB1B89C62064165F1AC733E161844206CCA0AFF008862A312BBB65890F0F3AC6B4B878A39205CCAD1ADBB3057C3C7262B26971A799AC162D6148E59346082C2B030AA28758AEC40E26BE8CC3C6804F20B9D35D6930F81C024EF6DF9A54B8350E1E0C8B75BCD9380A1818B0309C293B3E1BFE77A68731114635F002930F06070FE8D9B26ABBC7C6A78A2D101D053FD23888C4A4B64890F0BD633152E0E149624CA1957437F0AF4FC4C42591CE5891B879D45871858A3C433801E316D2970D80FA3D2541DF9A55EF5451E1D50C7C5D470BF3AF46C3E0E1646932BB30E3E54D878A243196E0C2F979E94F82114014BD8CA177EC3C686061C0C2F066D9EA378FCEA2C3448A235CAA401589C3E170B09274672381F0A8A05D331E3D050830BF46C5E8A86CD2CABC7A9BD4E8815A1519956FA16E94F0623030C2F7DD2AB623EC7261E32C7FA507C4DA697FF001156AD6AD18F9D7AC26B77B2ED565A37E35BDFA76FEF47B324B87CE7A83578E00A96E06B7B0DAF81AF7A2A0C9DD41941EBF698A9E4755658ECB73C4D6F1FD6A7C1ACE30F8867CCA49B5EB3CD8C8A592FDC57CC6B01878DD18EAEF94F0AC660E571134E3759B851C4E2678A49547AB8E337F9D33B7798DCD7D17146C926C5733653CEBD320C5C0B13A8BE73AAD4184C21CD878077BE23D6A0925D12FC4F2A134D898E412499A344372DFF00AADACADEAD24CB7E96AF49C5E2E12AF26645078F9D4B8891BD51257374A632FD2716C388BC97FDBB30B046E8CEEF9DC03A8A68C48BB59A5D56FADAB090C73471CD05C15736BD49848655971131F5ACBC00E95147F1301578F170A08C04757362B585C3C06F85C3D85FE2EA686325C5C5E885468A778F8561E4521A08728DDD45493C3F48C230CE6FACB6B548B24AB9082824E54AF8BC5C4CFC5003C3C4D62DA77CAB880C339E54B89C6E2A1648F55546B96352CEFC5CDEB0D0473C51490B6F073470F859848ED26F91CFFF0055838E39E28E582E195CD615B6E260BED19780A7957E9287D19DB30CD2D62A777F570A1DEFEF431988C5C32449BC810EAC69B118960A64BDAFC2F40E22789B681B794F76FD6964C5E2E166CD7401BF73588C5CD222A8CCC331B5E9DFE237A4926364208BF4A6327D270EC388BC97FDAB3C38A8A3954F718D8F9D61B0CF3AE23111F7DC7FBFD8079BD541E3C4F9508E050A82B76BA56FB5EB74D5DFB0F4ACBFD2ACBAB56623B40A2F6FBF8C43479EC0D85E998F126FF6314ECB9821BDAA596D6CED7FB7C561C47769BDFE9F7011C0B73FD2833812CDF11E5D9734795AB8D651C3AD581CD5A9ECCCC6B777568373A15BBA8ABD66B1A6131D92FC468E43B58BE303F03848C79B721412216F89B99AB26B599ABBD5CEBC2B2A8D2AF468F5009ABD1BD5D78570AB2AE607A57F889D631F0F13597070333756FF00F74A0676CD6D72A9B8AD32A78015BA1125EA34A64905987DC6D0A339F01455810C39766D0C6FB3F8ADA7D6D9C085DF8D8518E7528FD0FDD5F10B22222FC5F74544D589B0A58A351A778D14B55D08BF306B8D81AD7B0E5EC141578D647FF980C43CED5B2F7B81A551EF508E35ADA63A4CAA782733457091FA3C3D7DF3FED57924DEE7FF00F6B65855321E82B3E224112F4AF7E53E1C2BD8A8F9D6EEECA3BA4D18E75CAC3EE0F3BE999AE7CAA1C4A8EF6EB5051C4E9587C3AF3205BC87D679367B4CCB978D3CD2684F2E9F519675CD12ADF8DAA68B0E991134E37FB09B138B8F3917CBBC470FB0274BBA7F5FBA02DC855B35318D7F5ACD7A19AB8765E88A01753407BC789AC1B7055DA487FA533AF3634A7D9A737359708017E733FF006AB92D34E79F135A2AE1A3EAE75ACD8AC4493780D0565C322AFF0028AFF0F0C6E7AC8F57C6CC8910F721E7D97AD9CE35F75FA534328D47EFF6F1C7CD9547EBAD759027FE42B0CA7867BFE950C5F027F5A38DC77B21DD07879D64C36146C87CA9B190C79650091D74E5DB3E21C0E6751D05227C6D6A8E5C585D841EEF5349855C2848DB45AF5600475CD9472A7923836289BB4E1709BDC2E4D362315A61D3FF002AC981C22EC8733A51C66C8472E5CD7F2A0CC2E114B5362668C4B8993BABD054D1CB0019788E345E44DAAC4C45A9716D168C06E79D6C63C3ECF506F5E998E00CA75B1E5E03C6B658AC2810B697E34D140A02B3003FAD02C2E2352D4D89953698997BA07215098A3D9D865AC3E1C1E247EC298C9A429DEF1F0AF47C0E1D1C2E84F01522CB085917F51E22A489B8A35BEE0A456BC6ADD79D0DDEDF13D965FD699F0E469D4F1ACB8C8367E34E70B633E423C475ADBE31778EAA87979D6404C8DC91686D9F283FF2D282C71A9C41F747F7A1193B7C61D6DC92BD63666AB2D6956CBD96A21E8CAA3D643AFCBEDA28FE2602B0B00E1A9A9B0C79EF8AC569BA8B75F9D4C06A3364150E1A3D036EDBC0763BBFC2CDDAABEF3201FAD41F977A970FEE462FF334ADCA352D520F8005A7934BB2B37EBD91418A731C2CA14DB8F5ABFAC97F53430D858B6587AC54E7C16A699BDE3A79562710799FE82BC647FEB586C3AF33C3CAB0F1B774B561E0BE8066A8621AE661585805B9B562A63E0B52CCC7BC74F2AC32FE7CDFA5431FC297ADA2E8EC99BE67B3132F2D16B10E38173F71CAC3D72FEFD97CCA3F9ABDA0BF86B59B37CAD474A6E4071A6DDB9341A7BA91C32F0149B677BE5B477ACA57786ECABC8F46A31616E4F33C855EF9A43C5CD06CB79E4EE0AF47C37ACC74BA963EE78D1B12F2B6AEE7893D9AD7215D055BB4861A1DD35247F0B11F6B0F44DEACBF028150CDC95B5F2A7C473CBC7C2B6DCF3E7A825C290C46A0750687A42ECA3E66FAD0FA3F0C745EF5BC3976471FC4D6AC340399BFE953CBF0AE5FD6B12FCB3915899CF82D4F27C4E4D451616CC4AAE9D6A3F48500B6A05EA238520B68C3C7C2ADE8E4799B56C656567B5F77954B2EB76566FEDD9E2E9FFE5585CF6B67A84E1D032A8B71E751ACD94656CAC6A39B0EB9F772917A46C4B038B934551EE8A2B7D2350B524BADD959BFB763C9F025620F20728F950815B7F2E5F222B29882F896D2BD1206BE2187F5F7BEE41A362AC39D7AD8E393CC5669A2568FE0AF571BA1E996AF95BE751B469EACAE6A58F9F79BB16461A5F4159B85645F6B2779BA2D0C341A2AF78F36346597B89AD3E364F692691251790DE57D5CF65CEBD999EAC3B78DA9854DD1F7BED76903E47B5AE28C9231673C49ECD88C43ECAD6B78765A098AAF4E5595B1040FCBA76ABA1B329B8341B1121723853AE1E5281B8DA89275A68E094A2BF1B766CE19884E9C6B6933976EA6BFC3CACA0F11CAADB7B790145E462CC7893430CD29D88F77B120794989782D69C6B2FA41FD35A249D78DEB22CE72FE6D6BD204CDB6E198D349231676E24D0C334A7623DDEC738793266E34598DC9E66B3C12B21F0AB6DEDE428B3B1663CCFDDE273F165FDE89E67B2EDDC8F855F97214F89DA23348996C0EABE7598EA3FAD61BE8F43ABB0DA5240BECE0E55A766957635BBDBE1428935869BE24B7E9F81D21506D989D39D69877B78E94B04D02CF3BEF4A0FBA390A12E19DC892E486F7685F85045F9D4283866A524FBEE2B16DA6AE476E9D9E3D86AFFD28571A0DCE293F63F81828E7589686F78E13622862713237A2AEACC5B5A38AC5AEF4DA431DFF007A2ABA85193B2492B0A4FC763524A4EC9368486E75BB56EC3F57C3B7E91C3FFA171E63F8A5A836D23563EE9AC93A653CBC7EE0D27FDA2B1EFC2EB93F5350C727B08230641F1B7C34F899390D074E956BEB7EC586117A0C6CD2FC46ADF5ADDA7B17FB5784A593F5A65E86DFC49124368F8B509238387326F575371593111865F1ADAC5BF87EBCD7CFEDD179DB5F3A8A25D5A59869E54224E0BC7C4F3A48F9F79BB365B10E0F16E62AC9F33DBC2B85703434AE756EDFED57A0D2520E42616AC4AF490FF1212CE77D8683C2BB8E05678EF5BDBA68A90083C7C68E51EA1BBA7FB7DAA0E435347AD609BA296F99ADACC376D9F5E9FF00BACEC779B5A8563F835AD07D6E15C3B78766F55DB874ECC265E6CB5893FEA1FE22235D3A9A46CDEAD05975E35CBC072AD56D5C6F597BB4524CACA78835782468BC388ABC79661F96AD246C9E63EC9E4F79F4F9764788C626D151724715FBDE34A9869D04AED79C36E9F9780A7C26C964C120CA9A6AB6E8682A8E1F535AD3EAF850D38D0B6A7C2BC6B858763623FE540B7BF8D3B7537FE22F249ECDF41E35643B9D2BDE06B85DAB786561D6B30B8AD6B8DAB4AB101878EB5BD870A7AA6957C2CC6FD1EAD346C3C797D78D7A2D22F534D163533443BB22F115B5C0B8C4C1F12711E756F7CF7BEB9D6BFBD78F8F65F81A291E9D6B4B8AE35AD2C3875DF6AC44716AD6B33756FE2420C4EEDBBAE6BA29F7870AB8E15A7659B5F0AB8B8BF2AD6417AD1F4ADEAD3B3291715BD027CB4ADC6912BDBB7E95BB37EAB453699EDD3B348B5F3A0445A8BF3A453A0E147664966E24F3FB2F1EC8E78D372F7127114171A830B893C264EEB56F2ED10F074D6B730B27CC566C53A411F324EB460FA2F56FF99893C856CA2EE7757C7A9FE2656192CA7955F6ED4062201FCC95DF65FE65ADDC42D01B5527C45AAE34F1AD09B55A4ABA1ADEAE3F52460FBC4597EB46DCFB6D5A768AF1AE5E757E5E35923EEF5AB2EFC4DDE46E068CFF0046FF00DF876FED45632193FCA97DCACAB3C40F489331ACF8F95913FD56D7E4B420C30CB0FEED4CADC1787F19BC6DF2AB48027F4ABAD73EDD6B4E35A9A553DD1AFD629E346AC9F578D6B45A319AD5BFC3A55CF60784E593AD6D3138286471CEE6888A08E13F96B8E690F33CA817373D69FE5FC6F74DD7A1AE395FE16AD47CEB775F1ECDE5ADEA3F5BC0FD4E3AD0AE3A56E6A6B53A74AF0A2C38768AFEF472F1AF1EC94F8DBF8E85639D3A1AF52DBFF09E35A8D6B8569C69BEB0342DD97E759981B1E67EA69573C685FB7CFEA3374144FF001ED38D01881B55EBCEBD4C8337C2DA1AE1520F1FAF6EC4897DE36A5817BB12DBB45FB2D42B8FCFB3C28F6C8BC2E3F017AB95ADD0EB5B428AAC78DBEC571322910A02731EB52CBF137602DD96ED3DA6AFD829BCFF0001CA5D4379D335B2D27A2E7B65D7375A8D6475CEEB9B2D6EC6CDFCBAD059C345D491C2A09A298BED38023B099588B1CB1DB9F6666FB0B578768A92DC331FC06FFCD5C3BE6D7A45E435353B0E0A728F9546D2CA2341AEA6D7A7954A491B91DD6E029205EE42816AC389AC160C72173576E1DBA9AE15E3DA28FD466A3F80CFF351C2E323CD136B7A97130CBB48DECA3C2A4CBECE4DF5ECCD0CAE87C0D3492B6676E26A107BABBE7E5520F75776AD56FB11DB27E9F8109FCDD99795450E3DDA39A2D0355F078A8E41D0D7ACC3B5BAAEA2B24111279F85493626653330E1D298AEA49B93F6CB1F21A9FE1FB0DDCED119FF0046AC482A36AF1677BF2BE8A2A06C54D22E1D1368C02EB76E00560FD125678FBEE241AA5BAD2E32095FD6CE51B38B0F31E153BC7E96AD12E6CF2C7657F2A893103166571AB451DD12B1F9ED9DA5100D3A71EC863C43ECF0F848419081AE66E55877C2C92EC1DF66F9FBCBA5EA4904D37A3C3A3BD86F1E416B0F1C323ECB133DF33AEF0B0E1A53CF08C526560B69D2D9BCABD1F6D2FA46CB6874DD536BEBF5C876B6B7AF6A2BDA8AF69A55E39B29F0AD66120FCC2AD858C2B9E26B6B8B9F3BF4ADD615ED2BDA57B4AF695ED2B47AEFD77EBDA0AF6A2BDA8AF6947D65339E7FC3E0628FE8E987D830E758957076934A1BC028E55888A759861D8A98CADB32D85AB10D0C263BC3B28ADFD4D7D1E02330C396671D49AC54513E2A4926B6FCDE74710FE95B5235883D92FE758681335D0B3BDF9934B163124BA499C14B6F781AC58C6A388E721C18F8A91C29A1C324AB108D8216E25CF3352E1B1624D9B3070D1F106A0586399208E268EFA6604FBC2920438871B65791A4E2C2BE919ECF9E75CB19E83FEBABFFC4002D10000202010302050305010101000000000111002131415161718191A1B1C1F010D1E120405060F1308090FFDA0008010100013F21FF00E1200862186C8E8F4C41F11ED19002C0C8F710DC01A183FA57D5415A13C421407DE811AFB7D145FA17E85F54FEA9FD0F6B01BCE218005F7FA945F55128040203074852F061120FA109589D250AEE0115B1788044C882C37B52D0A00E2FAA8BE8BEAA25F4512FDBB6C75361502126600E61A8001CC02058536300EAF096D034E7BB9952C09286808C0C12D633932C248BC4799983C303CE67B14682F784E442003E543049018D917539834A2E82A1A78C785CABC22E007F1358AB84B03CE11042CC20772210BE86422E85AE83795F45A3F946B6D00A1BE66788883415337083C63B4188282AA1EE3129EA893DCA086BC1753170C320EC08F9CCA48BBE860B057EAC72D980688D14F18221028926BD20B07375CB5826BC13C4ED0ED5D0027F68408231B21DCE7C2309DB3BD709DC00A0329EDBBFC5040C43DC6625C96ED008728A15CC01C7C88206BB6F002FC60A85892A0976310CE1F5FB4581A3E24FF9F416073654B78E74100D95A881A8002F8844E3B41AEB1AA16B930A4524829BD20D88EA70F488299304600DE12DA0D3841BB86AA00264C0B640D42BB995828902BAC24000078CC1058DC03C909D64600F184A46450FB087C460EF1EA261DE1244303998E8280F5801D45977318102148BEE214AB81A1FDAE91F88545CD8C79220D32B40DF68CCD94C6F94DC34250510673A3A7FB1AC2923C97E22CADC63A9423F8155CC4E19D82A3B4B540C49CD09E831267CE1EDA5E04478A5D4D44D079241EFEF14CA0434839978544204C83E8A1B01724A8AE02A86C45241294A3C2F861D6081DEAA2E4F05B7C0541FB2ED204C900ACFA841D13C60D23DE29841021C8A05110A42EA768D553DF38F58B217777DE16864422DC7DA00DD21F0A6447D200400407A64800DACDF58CB1B3D6B578C3795B56D90C502EA875994404AF1F783A8007702E093D11A7ACEB1FD8124EA4CD07023B0D6099091A8759680B9E47642030B606D0D635A8F656BDA2E0B68BE2BE816E2A0263E3BC7A674003434B84745092035AED165A536001AA590348492BC712A3C0C60F13DA27336D2B09203B9507724B0E83599E02DB262204659843B0F58A20CDF3ACA1BE852DCEF064B432E1CD405FC4540643C36700C319E9DFE19AE80016EE3DE594E83475AE6E46884BCE2D49B2BA7ED72802077130E4942E840423485B90030B0EDBE816A9E51C109350192496A051474EDB42F510EE808FB9814C28200C2767D4C4C1CB0C2A011278F675008733D5CC60E31EEE91F4006C0E44C23409C18C147D21AE90551E70AD090C5757E660C541F923E187882C308C13589B536485381E8103D20C302127B9BF28006F0C1F0418A07210026ECC1C15B4758CD0AD74C732D5571E265E4C4024FDA38BD006BBFDA0118E8C721B8A41BF06C6A66010EA3F0C79C5656CF7B871B67A62E9C0218B9F1884EB80F143C4C8F23518E239B68773CA56182A2E6781F41166851E10EAA49080AA980512B7DE1C3BF89C0045E555B105519593DFE8F4B053C01F99B0099D3B3EF1F430277007E6298923BE90CFA8802E74287DA01A054D80E21485508DF51F2E208D9C86B43F30411B89EAD03664B19BA302CDA472063C2222D70074834320AE864BAC5026D98C2022FA04003E0B82906F4C0868D604A21C03995E583AA87601905B6609B6D27C9E10062CFB253F7EFFB57438BB69FE43D05097013FAB2E63CC715F12A3E0BDC1189C1915A0411081207BD42A042119AACCAF6CB3F6137D82D1B7DA09145129616C60CA08804BB9DA5B710125539D1C2108234AD069E9E10AD26B08FE04D6610757DC7E94BC1C825F427DFECED8087F0B853D430C5AACF789092729DCE6A0952D80527FD80262385125B4A158990F2D7BC307A3672F280E0AB012B0A320597A60420C9069AC9CC222D164B9A10B6F4C6205064460A30B09485F78E48A63089E0AF970B221417E265D640103D3E903C21083F8CCB5148931CF58727E9798564A935114D2B16E9CCB277A7E386642C6C812BD22B0020613DFE803CC2AA5E2235E4A741A741507AE0C46C9D145D580EA5A470865C45C152A99309E91C42A0C4BBC8288086145937ED0642D19F42800E2111806F458379831A31CCD19118C1048506B10353180DC65477185A1715C500B428D10E338921B277301A740036301697342F643061D500F1B425E3F6A086237D5C065CF784B37308E38D1C44051A84B94FD337847F4347190979984050704D3650C5C9126DE4B8D0146A16CC6633000CE68E384FD01588CC6638D0661A0AF060F7225395B5193F68E02A12CC051A8D1984998D471C6601627346638DC20C424730B0FF00C82B913EFD5A749AA4EA5358C401AE6E2F19700D7811ED2889386C1B51709080641A81A61BAC14129C5906AB11364CAE8EA10024E915F480CAEA8702613692842E2B24AE59A4C8573931495E30340891A005C0F328B2CD44A4B2019842C2005106A09A593B00E20106A88E06DFE4A81B242AEBB4206805A3978C9915980E0143285440227001C20139889468F332C482030212012540070000E912AEB311C91832C3018000C9A0140701A22141D7E83E513000661006082449C0F32EBA836BAE93900A854CF89A10A10228B04D214CFF001EDD83D90FCCB723CBCA9E588214289D283088C140BF8ED008A814A631575974B8F0E97892B071A0FC04B752B6C81A1830E300CDD016F0C00543C02C79880CD32E8409B4B8804AABCA1DE20B7E05C8025FA4C5E4E0E3E0A05CE25820FE047DF18B00ED074FB4BE585848B6F2F18F1C91D002796253244E4BEBF2E3BAF9A0F1714E84908045D1820361D5A44DC1CED9E84B0BF12A42AB24BA1952594B2C1F3784C984E1D0438102DE88467C1ED39E2C40216BE6E075FF006530B04279646DFE46910558DCBCE60910FDE55810210834236019A204848152E5085EE3C96E6B5BD4B4E820D8836F2F199201326ECF306CA3A29AFA2EF1B72498D1EA8465356150F48DBF5297441011B02403C3FE3CE950A9409D4ED14837E2E7CE0656292E0F8DA73DE1A783E71A8AEA9E42771B3065926008621146CB3D4C31230B48EB11CC1AFA8CB658801869EDE10599141CAD7039A8641F07BC66DC2B0F94208D0340BA693189F363405550646EA8C2BF3A6B1E8DC531AE7E3815484554DA199DDA103A2DC41384212A39FF0023D05422FE5ACCA444C04331682458B2D47037401EAE34A62490857CFDE0848D402AD747150792175927982F1A7230EBA4D36BA79D3C90ACAE28086FBC27002493FC4266222460696E8FB98C00129D46D31091442D064203679C710CCF4F3032C9B7B7841984564D5284E90488D01237156DA3BB191714CA18B950C3307C5E5375F021310AC411B020636FE8950869402F58F6FD8D694502B0659248C267FF000300CFB40FB0B042DDA660754404EEA960C2015DA81DB4D52BEC62AFEA403943A944883DB98E48B40859BA8B321E94A1A8F0185CB6708059852574238B3A8E4F0FBA11FD404EE39A1E3810A11800BA157F902C088931C4042814A7510E305128CDDE67BC32C64A034631086C08301253A8063081A3A9C1CFF4F308A2521847BC19DF00A6B8992040B181AAF583A92C8E8F1531455819FBA21B11440B82C3342922E301C4C81463208D06615083C409692CCF276FE9C02194041B0317A0ACCCC2839440C25121710BE758D1442AC6B0F27826665803720252808548E665752C1287ACEA4C20C50A82C1C98831A45283C2353E63FA71C9B4011911018812A244183088486B290EC3708BB96D9515BA304150AD7577BCDD25A18233237265C01D5106118B62C6F385B12731796D979801D853FA683B6C7D21DC1080C482313C18D619CA5A45E83D05280CEA2AE901E34DC4F1BC18B668166AA158307F907AC1007163F3A533ACF502E01402CB48597B4480A0D1E30442B0690D1FE9403874128622772E2075B1BF7F2B084DE24C8281DBA097E9B0EB00AD78844DD3A2B53011D0B370DB2C383AD07314441D20048127DA3763D23A4B17F2C844AFC612E23686BDE309F6CA808004BA3CDFF4A1E33EC1D39ED182D79994FC2180EA33A9883E46EB86B0BA6A0BDD81967133B51DEE5E1EE6E928023843DC37831597A044BAA630F9C1095CDC025CE460411336442D157B4FE959006CAC0D4C6990D800054382D106F0731C6B894FEF1A4EEB423719E7381812AC029F114291A018285606A81D21C4250B2748536094A205D8D378470388C4F680805D4AD8C080A2C41C189E03F9A42110688D3FA4A140001581F989E99682DAE20D4442DE3159264638B1892080026C56616905351947216B30CA2E75550FC40913710B808B6B77038926F1E1436470378147558058102D9E9E7A419F22266006A86477D3FE981C62BAC33C095ACE222922046003FAAA18323F6CAFF909301AF0D7FE48CC8802695498776FD8889427C16F190B9C43C732D98B73C506E0DAE560BE909E0830B98E326021A83B282193596842980A212948F000D66D80B4094824023AC645802707947643436C30058D607D2010300B0063910CEB14690859037E21780ACE7FE83A83F013EEA3CC20575D3CA057246DBA41516654369CC0B8C201604B85C143C3C97398C3C03A400DC3C427CD502A0E36305450FF00218585E940A15DE842C97E512E807D3AC15599E8ACA3A408451BDC2DE1821A0000F81F282E35F86A7C05025998B1D586529C1B0D58F1708108008D1A03B960432C21397B3D4D79CF7F97193819C3D6A3AED1CDE70A8F3BD1E11580ED019939E0BE778C330F21C2FA9892685C0D8589538E2CCD57CD6250646845DFCB4CC01F0183EE079C6A031CB03D5000203B0C0315CB8B6DC7E6909A357602B81C78C1BF5BBC20043931D9F31062645936A59F9E12A586F3327A541841C5248F904482DB6856D90E812C1A93E88BA6C66DB0E0C311080A0CE388E62E1F87C0A6E92BC44096662C77061B7FF66DEE32E7CA96BF3FF829BE02381D50670191E46B1A0400A4A5E9C9866D7443B55940C57434A301435AB5025A434B113836C14A57AA094FB1152B5E90878FC884AC140F921C83A9FA3E0192408262C8093265C93BFEECB43D6487E92FE288BB7FD0A2C210824DB5993096CB1806B05DE14E53520042B7875CD20DB62BAF94B12C726DA14DBC3DB3AA189641B9260D98056745158D669370740DBDA523C0789F8DCC4E2043818660A60C6C59BD82135D701A0BC1C21593F24B43A0012826BD21807E6F0AD72315B5D50E768502771C991A69304A47038CE826067E79BFCE63C9E0B7B21F99308133E7EA16D69A22DF9CD155464FD080E501778420C32B611BAE9ED148550A07497063B4579BC38E4B8D372BBE6626933458D797B4270AE2C5F795B145B0C01098CC57BCDC0F5982B3164F805C48EA93E20E48B06E2C51D6316994A83384E00C0055AB3F679C7E646CD157CB8266CE208580FA4091C22D832638426B44D1B97E90380BA5802F8842192F8CB8F652E96D6159E098ADAEA86A2569C2A861821936C0D16EFD603966896C3C34D92A993D7788281F20478C6FB80D875318AE88851D4D0BA52D48907510BA8A5142562383ABCE6A1D44135B5C70632D45555D88ED220D1AE6AC4221340783FA87FD5E3884BCC750184B8C94701FA1DC25E63A84E4B840113AFAC636D1125E4C67C634446E65F438584223AA4A75F3C2102C32CE6810C092D1A3AEBFA066B899478E27911B80A508B201D2346127330FA0939FA3805F43AFD440BAE740DCCD781875D0279043A42237B692A43A902436564185D8883252A826C6176861614CA52D600F4F6DE52BB020882708802C404076451876645BCCCFD55B1A6D12A07288C41A22E001C7403C52E861FE8C6EC06B0A3998090128B778F2FE6A2B3F7819630B01C688F2184D239164C135AEBF2E116883AD084816D68D4009299056C198C6A58D8409A341B8ADF002AA073C859C47869B63D503BA2AD2ECA730C9F83D500A9CDD84FED18144B630B8A3B03B7513512D1FB01661D830321C84342444822FA401981C00B06A5D0C211FD35918F0378282513B1BFED4CEA482C5D07A7ED0055113858C64EF1907544E90E93332E6A0AB51F2972675D653AB79062012769C094D7255404E2997000B2C0D0726007782BDC889801A6CA2C9B50D7D644928159315620680E66B51337684D141157EC7AA396CAD4B27927661FAB45921EF189618D28031BB051AE7075C5734758B8E44365E051E7FEE332BAA7311A2A628849B9C899D553BC51E291B7F94CA02D07E81B03014570050A20342C7D30C15BAFA3108986B3AC4772415ACACFD03619E8263EA42DFBFD0E0483D0038235732A081C0FA1458FAA8965899201A5F27F9FA00F0FB0842CD7EC480AA6110C880D5ADF680481061A50909CC7F00B78F08249A2E9029243EBED000BEB62D09580AD5C411D8074E6292C80AFCA133609EC8E1E846D8C267DA0A0021D100422298ADE8865D62BE169D054723435E882620AB8584111B8F8C41F095E820799CC55DC664874101595CB85C084A8594420C4740DFFEC0A82F02311CD93419A422BF6A3CD1587508E4BF1128DA7461AB78F8750248F2C0E226926C8D661335F40C7AC988710D520E9C9500400A01C4319E902095A1683511607AD2132C70E0025162EB88E6C408009FACB0028069865F134DCA327B41BC318ADDAC3ED04E49A16B8F784F4958150F2EB2967816841C1C6602880E97A44A7321C38CAD0C3234E9178A28197C406243D84081C88D2F2059B3AA08596A0AD07BC03A329063AED0B241C0406493F3CE6831085A7F94BA39614DCB498D1144741EB286987059A933720FF619C06BC6A2BB14B78967EAB850F2348D6615088C69B468F2A0A11413A6F0B8059018E6599503ACE63545A0782535B784CAA61602584A907B04CFD901020D095E11A55005BEE7ED007D580639845C3C36E7613C4255471D0DC6D0C35BB4CE902B00BC930991B5037108025DA319014EA758997FD5401D6F782D72A76010F5F28AC38A7C8C5E08774CEBDE39155436A23D6656F08AAF1E9F408EA3081ACD010E60A31ADC14EF77383113E801FC4011DB730670F3044F63CB5FBCD0C1C3CD04142A1400550890D8DEE0AE7682882A4200BA240D10C0821A81E0A0E1303A33A05082091BAF4FF68A62900F42504B0037A017BCC07127B5A86205B987A9281F583658623BDC050566F543DFC20F0827B02DCD870CE81899F5002F34BC69C1A3261828DC32BC6E380E20C46441DAE6836AAF5CFEC0151682D11B7782AEAF245C3360A2892500B6988134ED2DE9B600C18542DB0703B537004183248A5145324AAB619ADDC270E0672ABD7AC2978C46C09FC378245AB77757188DD096781B430EC36CF3D3583264B460DDED1AB2788285BCF24A873015B40150E7D601397261A8BEB071511CA3DC40C8005C4312FCCFFD77DB0FB0FC8945F7CCC2FDC85982F81ABB82E040EEE3EAE1811DEA131D60F15E90974CC1C2A4398030F9DBE81400250A336609972C700BDE3341A40E967ED1244B7602A280815275DCFB4627E420F531A114A6368221328E68C1B5C4662C918C4CF5184AB293663C52D8A208DDD0C6E6450DFE497D8C10C046C9A70DF1A782696BB77180C2FB4E328A22E08341B7A2CFE79883644D8E4CB92671BD0C6E72D6BA92A19F1A71D800F581668277C27E116DA4A5087DE0E3D41EAF22F68FF6385208661C9CC20F946833F0A020C2E342290E1D82007940A2178F60D407BC91B9C0ED0DAB43A8CC784090C7277E92D0674B3050848005D0BDFDE01827826EE4EF2922E5794196D066781EF2E833E6DEDC294BC0A1063C40C35480DC8737040D1E30A0D93987303F7809E219D21D1821A7297A03DC7FD5CD61075B42BA57AAFA1EBC4FFD4276971539C3AEB44006EE2E1B3BF3F4A83E0D0C040E4C00026850D01BDE15A0473CC358AA80E8E13A45D0306000E92B4F2E08C9A9BA5CA97F798D086E590C9847302083C398337051BC0401431E10AE24058228C59A52643CD0A762649164BC98F4E141010EF0EDC8311D6DB287E60F590CC63429E0771F43E49602805AC4381399C861394B3A0F68E5EB041840916564FED866050928C0F1A216AB192E3A0495A9E26D6120F5308B4EB8A2916178B9F44C850801E4B7804176426662B71C1E49F410873DE149F9ED004AD795290A9884244C344030E6DE2710B63E46A39CB01CD3119B10C7B0A23482A2DA6792FE8C21AA50812496D502123160FDF509BA3042B483BCD9A4CA6A39EB006F864400E2C06014C05847BA9D4657843D2117248227DD5B820A709810061899D6AACD4381C1989CECE8DC2929DC133314ACC0010EA1023789C68831A927D15FD1B20E684AA0B681EBEEE04C724480D03D4C215128215805AAF5330D202475BF18ADE96E141BB211D8AD46F532B891664D885473924926EF267AA06185BAC1535027686EC9AC903D652AECDA133EE83DA05D5807261BEAD8518B4763B4C0ECF49682D00B95FBFF00283200924A4330D50A60D812D180C8163903FB0B4E8B809C9F9BC03D28341AD12F240EC9431EEE04A7AD42C6C0DA65889328A27621185804C12741CC0B6B320C1E36984D93261F5D0A026BB4B30B63751B79330C65B6A65137A84A81D568A03AF4B8D20AD6A76520A183360E30EB1F7CC3A7C08631AC5D8FF25AA8230541633A190E6E06898C2306740868E44222121D1010BFEAA2306B753ED17A46202C80FCCCDA397183E5EC3883A222B9D0761EB0AD585BC5C60CCA57283A0E20E856BA8668BF12800EF5984D8E08070009B664418D6E45596AA6F1E0A6425EBB4074476100062F60EE6C55B610800DBA049A71C805B504ECA9704C004C7A9FE440DE348B81388C46A4EC2888AAA88151810E400B883344D8E10A07247A77068FFD2877E042087533260006C1DA2CCF68D9D5F87FBC3A3964A6952105F6D22936449E99370455B926CBDE38DD5D0810ADB5329612DA39BCC10E2D644005F884329E48026D6E21C439C0317A372AA3E2CD838A968A18A433C428D031B20900F3BC7405BBD8C4860DBDFF0091C922F400DE280A111CAB33894535973D6368E7A01895B2AD411638E6318E54CD1FB4000D784C1F9BC372BDC3F34047AA68F84785738FA2FF00800E6552B47CF282CAF48A0025202C92E3482164CD2471D8A84914B43027B84CA390A667B814414EF2843CC42059D63480344BB3CBD65E7C94F294CCD61E81621339A5D0958DCCE2340E23AAA10AEC34019108D13CE1E22B5DCCAE197A182FB99CB9F88BFE444A300060A5F84C0012825406165FAB711474609147C278501502F246A1D40430F31E000590B8090A7782341C20619924F85428C0681D78C30E8D3F145FA931A11689AAFD60829C462BBC17371A3786D208256365DB135185BCD0E1C361E10007B38104DF6061FCF437321A19D6106B6EE11F2E1AA1C2B4D70A3DE43531628304EFA0972F48C18E39D730306B1A88E88D23EFC2878C37BB07B7F220331625A4843A7109C3A0171784CB4C85D4F7F1304721221C4C50584E26726D54A356B89CCD34688831B74C4CC34C08031730805822A386196ECF299E1761832AAC9B6099A0BB3588A00F79B9BC1103848D54AD0801EB4544BD5571B38501F07BE0412C7A87313BB172E6F7A812AF110031B66395F78B37BA26090DDD142E0177AF3719D5B4A642B11C10A000C78D5743034A554EA7E7C67155443F6891D0787D540484B73F64082BC2F2F1C7B4C08C426EDDDFE4F58843008EB00442A2C0417A44892912227B1A8824DD096020135705C540E2BEE21BD8C4D794CAB56C970C097A9598402E4684DC1F54ACA2E15A0AA30611875BC018C19D343505E8A51B2E379FD021D89022BC277E308C3D43E6194C91BCD73C2135697788134EE8FCB8206B5AA715575184F44434401B20164E1E32C6044405986E4025661F9AC5D28DE8FE3E6900CC512904BD7B4BB18E6F660D0CB6C45382842B2CE49CFB9867B4C744BF9771CAB80689583D629DF00D9FDA312890D3AEBCCF09011A417CE8306157A62A0F664245F0B04401650C02B1094E817EA2CDC86803B1B66553A0440A86B8969DC29E3D940789B045DA88A642CC4B1C9B883A5D805F8C22F7282038D80A53AEC6D11D2B09446A398BD89281F518310C80008D812BC15C24A836E265BC5A35047C3F9A712377C7F882516F244FA43A3DA0B8716748A3292CACEA277139D2368B05A70C54F033FA94834144C40649EE6A606E5903D2172DA88CC60762CB315454722FC66490CA8E9356715086316C18B1E6510EA655958E90A6E74C4AF5E1C3C87013D84326834D593BC33CC024C097C8825898034D0458628EC17F3A3F405963BC0640444CBF28A2E645050D8F700088068602A0A1E51CFEAE0433565D96731A67CAE236143499AB20028F4834558B7A4B113DE00CC1249A9294E106F054A76E21BA53DAC42C3B2A079705020C1DC3053738C4766497FCF04122030454A74E9A87BEB17917324F5A1C049374C42164C69C7EB1836CA2855310E65A63A985668A8C03F14060066A14C1E408275DA7CC52A30F9AC27A0CEA8601B5C29D00225DA09A099F849A5900F6868FF3EE3BF79A62535256A41A60F3085FAF30085401028BEF1CDAC41F4F2999E1884ACE97CC784D696F0439670EE0A35AC36CF587CCA260A714CB51000D865475BAA703A57AC3C0B381ACF3AF5FE863D5141031BC38010009241A101D7817C7C4A12C49B00F3888DD31EC847BAD19EE9B183852CC1EB2D24E1220F1D21170C5A3A02209AD3134C3ACD421F72C457E34E61AC2EB2C2B3550EFCB1462F0D5350902F80B88F50A0E417303618840F1078FF43613C3CA090042C799402B77E234BA4B0A9F7822CA5922DA2C5CC5C691F1420CD300DCFC106F20808A07AB80A29DDDEB00B15588F20AB588B01ED040535B6463A4037CB26534785C146BBC60D8D984BB92DE83074ED0C6FA59E2504D0123C2135B97FD0CC18E9F0105008DD44EB5EB0C00099B20EEF588C1A8F073F41F091631784214219358B1B2FB0F35131691DAA00077980EA498C8289D6235C6EE5542EFB38F3E59CCD8D23F2732F06B926200A4126D77160D72A00EDC25F6873FC729A3981A2508A28A3423E811C51188CE2FD636B4A78436B85A593281AEB1800C71EBD0C325831F74436499B7F4A22AC6C421D51181E031C06B2D5390BCC0DDF6A9F91031EC831EB001C3141C347E01291E90A53AB85FB1CCF798992D20A3D388A4DA16CF72A281A247F8E6A54991940F68781110B7F90660CC9C310FA27E2FCE131948B6B70A8930310B0DD1602620041EBD14AD8D88DCEB00AB4B5AB3212C6F6875977EEF5E6331484030168AC464DFAB2C0FBC7124B80AA997A436556651D66E7B38F1117EB096C66388747BA0C04DF8261AC775413E60447A4000026411F88105534CB886C5072684B197A7C10616006C01FB400D070C1FB408E1D7E08ED18D419A6C76FC425D2696B364F03F68EB0AE900B1D1531C8411747ED343E09FB409916FF040AA1D82BF4991927FC7D4DC08B53273BC01BD7923ACA6D82E84620F7959EB91E6F9FC674A3458B1D210010C4068609D54131E77FD0B5001B03A9679FCC329D5A4BCDA407E2300466E4E1F30E00D4E6AA811441440092310E113C8A3E798009C9608795750B31B94161C1BD979FEB663FA38E38DC71FD1C71C7F50547F571FFECEFFDA000C0301000200030000001008219CF3CF3CF3CF3CF3CF3CF3CF3CF3CF3CF3CF3CF3CF3CF3CF3CF3CF0C08208208273CF3CF3CF3CF3CF3CF3CF3CF3CF3CF3CF3CF3CF3CF3CF3CF3CF3CF3CF3C2820821BCF3CF3CF3CF3CF3CF3CF3CF3CF3CF3CF3CF3CF3CF3CF3CF3CF3CF3CF3CF2C08209CF3CF3443CF38918B10F10934938F34F38B10A18D34D00424D14B1C33CF3CF0A082F3CF38D30814000510D2841CE14E1070C11471CC14220114420204A2873CF3CF28096F3CB3CB2C100E3853C710124F1420051893C404C0C21C904A1C80CB3CF3CF3CF0A0BCF3CF3CF3CF3CF3CF3CF3CF3CF3CF3CF3CF3CF3CF3CF3CF3CF3CF3CF3CF3CF3CA824B4F3CF3CF3CF3CF3CF3CF3CF30C34D30C3CE3CC38D38D34E38D3CC3CF3CF3CF2A082092F3CF3CF3CF3CF3CF3CF3CA2C40C820E2430492C520D0C308B2810CF3CF3CA820825BCF3CF3CF3CF3CF3CF3CF3CF3CF3CF3CF3CF2CF3CF3CF3CF3CF3CF3CF3CF2E082082D3CF3CF3CF3CF3CF3CF3CF3CF3CF3CF3CF3CF3CF3CF3CF34D34F3CF3CF3CF0EF0EF3CF3CF3CF3CF3CF3CF3CF3CF3CF3CF3CF3CF3CF3CF3C904896A3CF3CF3CF3CF3CF3CF3CF3CF3CF3CF3CF3CF3CF3CF3CF3CF3CF3CF3CF3CE3CF0C518C3CF3CF3CF3CF3CF3CF3CF3CF3CF3CF3CF3CF3CF3CF3CF3CF3CF3CF3CF2C43C434D04D3CF3CF3CF3CF3CF3CF3CF3CF3CF3CF3CF3CF3CF3CF3CF3CF3CF3CF3C3388002922B073CF3CF3CF3CF3CF3CF3CF3CF3CF3CF3CF3CF3CF3CF3CF3CF3CF3CF04BB4E10B20530F3CF3CF2C830E2CF30F30C38D3CC34D38C38C2C53CC30F3CF38A13A88E64F0CB3883CF3CF3CF1C638E1CE2CF0C02CF1870C92C730B38F3CB3CF3C18C524A5D22453CF1CF3CF3CF38C30D3CF3CF3CF3CF3CF3CF3CF3CF3CF3CF3CF38230309B10030138934F3CF3CF3CB24008D3C638824424B18420A28E3CF3CF3CF3CE0816D66CF3CB240BD934F3CF3CF2C808F04124C10208634328624C10F3CF3CF3CF2CB34F38830800380396D3CF3CF3CF3CF1CF1C71C72C33CF3CB3CF1CF3CF3CF3CF3CF3CF1070410C904B6C31CF3CF3CF3CF3CF3CF3CF3CF3CF3CF3CF3CF3CF3CD3CF3CF3CF3C108114610449434D3CF3CF3CF3CF3CF3CF3CF3CF3CF3CF3CF3CF386C6E3CF3CF3CA0D704638611F64214F3CF3CF3CF3CF3CF3CF3CF3CF3CF3CF3CF3CE04E2EFC8C3CF0C53CA30E08F6002813CF3CF32D32D3CF3CF3CF3CF3CF3CF3CF3CB2C018B1850813CF08838F65371704234F3CF3C0820820B2892CB2CB2F3CF3CF3CF3CF3CB1CD1C245D3CF1C541450F5D14173CF3CF020820820820820820820B4F3CF3CF3CF3CF3CF1D27CF3CB3803447145DB5CF3CF3C0820820820820820820825BCF3CF3CF3CF3CF3CF3C338F38F0485166D971D3CF3CF0208208208208208208209EF3CF3CF3CF3CF3CF3CF38E38730A49D79149054F3CF3C082082082082082082082F3CF3CE08B18B3413CF3CA25400821A6D249754F3CF3CF020820820820820820820BCF3CF0CF0C72C72C73CF2C73C70CB2C72C72C33CF3CF3C082082082082082082082F3CF3CF3CF3CF3CF3CF3CF3CF3CF3CF3CF3CF3CF3CF3CA820820820820820820820BCF3CF3CF3CF3CF3CF3CF3CF3CF3CF3CF3CF3CF3CF3CF02FFFC4001B11010002020300000000000000000000001100500160108090FFDA0008010301013F10F3BDE0D5885AE6B48551BDB5A75F7FFFC4001E11000301000105010000000000000000000111500010213140607080FFDA0008010201013F10FB08F59334CD334CE5C282FE10B01888EB296B39404D75475C658DDB3C653F7B5E3BA6F97F977FFFC4002C1001000202010302040701010100000000010011213141516171819110A1B1C12030405060D1F0E1F170FFDA0008010100013F10FC4FF083F40CBFE177FF00CFDFE247E43FC85863E22DE02C724EADF581600D73B3FF0028F901464B7F86DE9F8070C4569CEDF6C478A61B77C874AFAFE32DF1A837E36F8ADC3E0F3D30030654BA25284B4252E9AEDF1D7C6D2DF1B4B45FB20320A59E5220F3803D8716FC02128A0731D6F0C172030A75E63EED50132D8615F5991F10B7C6D2DBFC2B4B7C417E48FC4FE423E8BA751E9EB71D861374388EEF99C69BA08AB79DD5C6D97F6A35A3B521162A476A2DDF6A1B4C6C26B5AE65643D0564BCAFFB0657DA8EAD7DA5039BDD47E6581A06ABBA938757E536C4E39FEBBA002E595E91FB483317584D01F1DE61A657AD68E3DE344BD5803D0EBF139AEEFD8F4C798E1695AE8BBFC40A56224BD0E5DA5F1FA9B47C0E1EB310F66E3557A619945E7E3601DE0CC09810FB3E78FB8A9653C7F5238FDF05BCB7AA3AEA5267B3CC0DDED16337818F117B351931413B9AC9DA16B262AD5AF18205CBE59CFAADF94C524D8769C8E92951C2A543AF43B414C365D88AE74FBC785B11BD6AF0862D9655E474F6313B0B99D47DA6E9840055AB6E2CC2D5E029E5574873FA80BB5674F69A22ACB16AFE01367FE49E8794CF356E8EDE37F39749E528F4786670E1B592EDC67BC54AD397E5F094280AD2176C16573A6708A646E3463615304965464DDDD1162C092AE66E4BBA0DB0577C437466FAB989BBD31AB7D73BB3064005D9BD22C4E2E4469F1EEA5F14222D093E789F3C5EC440AAAA6769AFA420E0B53BC7AF42085475D6F55FCE1CF9102979AA5556A2661EFCC38339B6AA63C086F69AFB54273B7C399A3AC76851379B3EC3BC55485B9AFF00AE22E20015BDB57B449983692DFE49F85FC66D0688EE1CDF7A26CA8E04EC5350B9AF0DDBC6DB5B5944292314DF005F696C23D40051151E9D9B3FA8E3A71166C7EC103183876CBABEDA232D6C1D0F43BC4A25D8AFE9395730262FBD6A9B1E70F4994DD256CE5C076DC07148A0165A18B2EAE1060AC882E57E170D70FA7760BEEB97D636A6D811F26A173163ACB6748237721A08D00CE83B1EAB013855143FF260E611343497E63EB156AE97D32CB32F2F9940E95CE62AFDB2EB4AB787E52CDA145A4D079454A2330AE632B2BDF4479949116503234A204D41468B67D35F69CE9FD4EA7D8FAD424DE503550F1D29D6608315E0C04A72106D1D5954EA5E6B5C1D7E48971B79ABE4EAE3E9083F0556D65C076DCA579942A390C59751EAFBEC6EADF370B633A216A7E71D6C2931DFDB9C4544E3B959566101D41D5FA1706779003AB5F4DF9941F0EA822DCEB344AA7ABD8DEAFA11023964E14C5819A3C0FF009FC2D8B70C5C16D7257A45CB567D506079B99A7C1E343DA328782DEF3B274EB2B4ED71AC78AE8B50F71E48787A0660C1218007A6B4EDD25C12B01DD4BE570E22E0527B9DD5083814C22AD9F018D4CBABF76AC713DE0A1607BB976F0623AFA075B88BBBDE6210DA0E876996082D8C52BD22447B004C0EDE8CB05242DDBD97D483E353741A53CA5BD25B899A9D868E2F01DA6505C769DE97BA069F70CFE71FC7522F5D0A12F935415A820415FD8609B25529BEF291EE7DADF7424CDA2FAC49BF0A6BD6BD23E770D97D4386FD61A326B4110EC42C9CEE9F3B8BA180253B747894E407D514C19B5DD77CBA77439311F6BFE0F04D87E40138DA178E033F54D11608CE57863500BBAD36963C1714C40223B0F138F515ADC86B654606C3A8BBED012AC8E4B07B23815E841FDB1D67EC6388F59566235171C2CBA73A9691E54598F74B46B59BFE709022C5DFA7985E22684974CABFA4027B86B58D2FAEBE5323EC08A367DB017DA1DD9C40717A022C3232AE57F35540CF595AAEFC12BC03F54A86BD14C6EF9743BC296A709F3F6BC116B7C8DC3ED47CAB2179F4A12534F8716FDC948B3559081E78E666C78806F672B8CB8F2B21EFB4C30C3BE07D73105A8EDAB6F85DF17470D8602C57CD01F1FD65A1DD25C9352340937460520C22F439B1F76343BC603AFDE0274298AE0700BCF58AEFED2150CE34E62004698720BA3CCA467EA519C6F6E6597D236536F94684B606F2DD5C103432342837BC385F841BB0E9E624E2036ECE80EF89D6C44C934F1820317F387F763699B92F1552F56F8F6C6174A24CF275EB87EAAFCB0FCA54ED72529535E605714433672F8F89EE08CAAB61CA1964B78B7DC0A21EFCA43C63CBD7534E68FA2DE2D5FA174E56AFA545AC9CE5973583A00378D1032E868DB689933AF310522CD3C5E11A0B46025E158BD1E8F53AF696E6AC57734DB1E634886C17BA840310EB10DDE79397E0A9FAD61B264DF8F03C820D20AAD1C1BA340685DFC90943B0154AC153C0306E27B92B105287D1310A15203042B801700753776180E9503BBDA8675CEF2AC3D014801F2EE2218E0F22BE94D2AE4BFA9434F68CB1E8AFBD5E5AE811B2A92B57995206405AD69AFA4784A6F7EA92D5C28B9240764FBB4F64B65C0E95E2F06BDE2F4DA194D7A018807EDA851674CC0B9D96D740397C42A56D428B85F24C338585FCE020820EE4C45AEE89956322629DDAC52D3709A5D9EDF02D95004BCD066FB630D14AA37929F2259A6203817ECA87D2AB01B87B54A1152CD5941ED9F3316B6812F6525C598A629D4A1AED4779973F615ABF10490EB9CBB5D179C779C59B7B694FBCAB43954F22EB4B8F695ACF76D29783BE9DE1CB9655BC5B5E388992F80CDB5D4BA96527B30F4D8952B8F326DDB44615684336FD7E443D6D36D6DD7D0E122429E54F5E51A7B89EAA1E0F5DC2D15F9EFE2DCEA777E368A73322F984B22D85CB4B4EECB4EA22590916D1FC1DE9A73D92D2D3BB2D3A889B25B08778C1F2B4ADDDB51C76740EECC8426C9DF9DF960BF84B4B4B3E0D0EFCEFCB4EEFC055A98410550B4AB34E1F236976B0684B758BA332112CC19DD677E6C12D16EB16CEFCD83E13BF2D151B354D92251F9A7C5FE2E7FF003AAFD82A5071A2E99B4C90C1C682CF316C392503B2195837B3D4405EA3700C67617115F5B7E1D26993CEC7A44D20B6A3FF00BB167AE615364FF6226A268D7BC287EF4B255AABF2316026C590F494CBF3274A9F20F27A4445554B777E4952ED5B285A577A1B0F630C0806B543DA32A400B0C1C15B8B060ECCBCD71AD8E61BAA1342C3649D76877A8FA67829D26A9EA55F584B9E407D226CCF61574337DDDFF259562E5D1F1177DA43FABE0E460743E6A24F550C98D8F7916F771F0E6D1CC7A45CB8483B5D12B5CE5381143595373EA2CDE972FC5F6B49B97B28BD627E84AFD70D4F2874C3F311A314EE5B29D4FA04C3AC7244958F9C1476F53C1EEC7F971B63C0B4CAD2CA152BDA74F5B1AFF39989E03075EEB781085A5575CA1C0B5162DA835003B2DB82BE594D47A49AD173DC4381CD56CE4316DAB1B2EB777D2BC1D57B9317DB406143CC1725D8208BF68A61849B7128F3F3A20FDA1AFC85CE6C8B6B1D887AEFCB97FC4138A234F747677746618D0276E86D4621AB488319461DD96693B5219C6962AC2077663CFAFB4C5A5C501E780C1F10963F47BCDE365563FA8B883C4602E975886823C86DB92B57B95B17CBAFC2306C8C15A129A11D9B460E58A69912FBA109494C240E92FD7A20D000F26B5DA242AF4CD5756D3E833123AB7524AD55E9288D1F9D8A702B0968A801CDB582BEAC6BA2B45FE1F91BDC66FF00F087F154FC295F5067A31D4B9CC52C8F39C0B76F59773A5942EFC460A005D5B3903E7ED31AE062A31A630CF949E48FC93F25FD6BCF572EACDE1AD5CC29A41DB3758CA16B99206D81CC53B4618A566FF397F53257FDA3BAB3B1A28E20AE12807ADE98B1F922803D25FF00BCCAF1F794E05CFF00A4F017B03E3098E51BBBBE8A8DB9CB80B03BD41AAAB31AF01757675839512AF57157963AC15CD7E5D25DE5862E26998B4CD77A5DB5DE0961A509BCA5BBB8194A98E9A1795D9D22B5E8743F25D3A97ED7772F1557A0CAD6599E5FB68F17C1048EFA8074798A03CC15695EEA988A947BFA98CCF74DEDE78EA0A913C5DD8C5873B5431E488DCB9D96EE5B490A3EE86519C6A5A3C864E96FB0BF59A11B4B1D92F2155BABA8A09DF79941CCEB2F1CC628F0DED032644E88DD722A4013F4EFA0179E8C0B75D10F2B588392F7EC4B62E901B95C1E041D2699FF00693675A3E7B82B50541B1362BB6B30B56098AA8B0A51DFD61AD7E016C0395DAF18424E6045F6ECBD99F94C7B8CDC997EAFE501F92BFB96654F747643FA11223B6F4D3B20C83261FB86FF009381FC68FE0CF018C651E9EDBCA639DBE908DAD785F2350330AFBDB50439A0AD78616CBF38F8DCBF8DCB97F0B97FBC8B960713E872BB12EE58F048E7EB36D7BB6118B6FB97305830BD190C17F213B8EC7C4441614DB75DAE915567F34FE083C69CB8798144E096ACC131051FD40BDE1494609795880E195F129566A681C58C54C2BA940CF5DA3D490237C841F449B045ADA7976E8CEC7F0FEE892C114E60A6E940DF4A39819378655564DF981E9C4CAE60DC6E8F367F3857093829C826BDE0512DCD6ED0700D187EE6A60BDEB51D8EBC4DC0B3E55FF93916CAC444E56D17A9DF47F877AA0C2CAB1B03DD3BCE3B6155469CB28BE1EB1C8D9EA5850CA8291D71496B11FF00E1633013548EC96EEF904A2D9E224143E71C1E9E9B98336DE5FF003FE1F13621CB48DB7EBDDE928925964ED7BCAC3C82D6DC284C0161720001C980D2DFF01C705676F801D002402D01C3481B273FC35A458C99831A2D3089AA926D7E7E1468793800D6600AD6CFC001A5A9126588A105607833E7587A26CB5A03D7B6042E59B02AF02457A94BDFF0C8056B50EC474107720A2CE24DF37503A242C24046D0A0E480511490504970E408BD9D33072C7609260E236CAD843A3AAC96CBC07A4FB0BEF661287543C1E5836FCC69F7C16BF8514EBAE9E147D4888ACE61D47F497433373DA838B7AC34B74A18894166E8011D4AEBF1F305729689A0675FFD21C01D34B84C65827718F5F464421CCC6BDE72CCB226EA30EE12E4E7D1D9E9FC2813C1DA39CEC12D3CD403146CAF28763ABBC6AB821059E723240C6DC8BE4939F4517811340F407C12D4091D6867D10278E430C721440814BE38460FFF0034C28C58B339A04D5502B27F29C864A79819D8A7F84AE114F7EA9F24E407CBD35B84ED7E83FA25572E017E2022ED312DDFCC8C7BD8028E4F8039691E014F6098E23CD3267A118B939691B7B29CF3A34CF449D3AFEE28FEEFAE1F6AD8244DA3ECD6DF9831D68C72D258AD86A0D45BAE4E62E8D197A24FC478CDAAB30BD78FD3328C44A70515CBF2944AE218F234820EBCBF417F05898DAD3EAFD13927A2F9F8395DDB73D799826384346F92DBE7265D897843E5698400634A0F43818267B82374AC80280417FDB94753171F587A97F17D7532EC01F7D8C4B5C8F72561A0169D48BB8BCA5599314AD3E7F33313F63A1120FAC6656B807541187B02A458EB955F5226FEC27C466CFA13389F29310EC3BD711A5F30D2814E71AEDDE2C5AD2802E5ACC719A66CB1F4895E11BE7D6CB3D652998545C0F4BF594495DB4D071FDE14E195A5C32CBFBAB46F786AD04DF51EDA8C82E220334737482BF62C0D28F2F5A12E8625F896375571C2592ECD353D24003C42B65DA5B44AE39401985DA2E0D7694F5D873A5FFD8217FD4D5873AF9CA434448F63A0DAE01EF30266E09C9E5F5879A478F31CBA7706176516801E9B310850B5C9CA8010F955314EDE98D5418359B50071CE607987A64655DD76EF0E9E2B63572E9E6B33A37CB8D6F82EA66864A728FD1FFD439E820AA761768ED23F96EC39D3EDDE5E8CC0EB08FB5B82562D5DEAA6002F88C2128E8021E2B1D0DC357D5EBD35D1F1E21CB81135164C8C83C444F7483AC2B21C20023B28EE783772ADD79355BC979414EAA87031D0FAE3A0E0F48CBF42E12EA625F816375570B698F046EE4BC3DBA429F45478583C5D5FE4815CB8CA5D5E8252B9C998FD4EEC0AD06340F1182656C98479CA2A91B80A058600674BE032EF5C025124846E5730408A81036B80C962009A80362773F068E48423C36425BF577AD88D2D3D6D7B2064946B2E30AAACA009BF9FE6700ADAC41DB46A6493BB86632F80C1383AD54B730AD3473BD1FDCBF65405F43A39EE0C7A8C20B2CF1C7CE5C32B4069D83FB940F39C5D85F7828FC01BADE43114C058D376FC7DD126AC92AFF91D20BBBEC2581ED65E2C89EB5F795ED3B1F411A3FDB106D1C85B6C2A85B99BA063F188B3DA5BA0D8AE44E27620D2D660942ACF93A45AC225A342EA2088DE8EA70EBC7BC0AF752BFD5BFE350A7C67D4C57B5621D4392BDD290AC5D8A183A53EB298E8E5634B56F3C665FBE9900CDA61CA0B639125587B58EB39689A5F452563FA2702B781AD1D60116D0AEDF421865FB9D9C7A5D41AA2D41FF2001298DF421F737F5861FC00E92D98072A8E59C83C763D8F7970965A31E71011B87220EA361D41AC46475750A29E898FB51E1BEF77DA142D2636FF0003426E4273241A4FDE1EC57816AC78A71D58BA0886E70BAA063A65D982EC5FA529C2F6F9CB3F25741B15C89C4BA4258EADB7BF68D72AFAEE039357E3F2057662D887735E66E4406CF57CA5A357A895351E84B7397C04A0153CA4C1B5C06C8E763C4C9FA6045B6D790EE87AF9C02B3E5A25A2E9036A59B0088CD8FE47E8C5E0DB2E5B08A73F01C8E3E05399696CA26C96C23696A40759D74F9A384AFE05B3E13BB091E496CA5BACB44A38966DEB902B2F7CC10F5779AB6EBE112C371B945747B4EEC1D88B4B7C1685B297877A183E67B611D98665E1B062D84B76F69B07E0B75F805E5F0BC7E250CF763AC7826156DB16FF00796154DB81172290A62BE5A4C2248181FA50FACC97E47D77D0237C64192185607DC3E0E7901736E00E5C5D823E90F800C74569BE9813543146A656076386767F06DF88F906BED328D7904DFD4ADEF2B3824D6AF446D71EF08D7697D021CFB3042C0AFA8F78BA5BEE23C52E4347A9A10123A2053012100AE00AF4120345BAD17C3742EE81CCA841C6B3BA6AF2C3C92D323D75C04D72E393D5D669D8593E9AFD63C55D3E71D4EDFA1166C57DFA12DC7CB8F42A60224E1A4FE4D6603F08C7001641B820960B22C9FA555A7D22CC4A35FA47DE39F959CAA7DAE64CB01C07776E04CE7B2417EC8535C09D6FC07C01601536FB020004FACF831F80FB77C125EC41980FA80806EB9A005687986076A539FDB2410FAC8F21FA91796AB1FD5A1E3DE66DC652F53AFAC05810D34A3553C4FD61878A1B8866F349DD7FF08C38ACBB0F43C9FA03C6BA489F4BB8746944E195F4BF69A543E6C208C7D0CE21E58D913954F1F8328F234C51B1F489B54C983407A7C2D97C08B1E8CC3519E5CB1B170C406473BF8268809A3BF8AEC0F0F83432CA874BEB29C8BF0402CA1E3E3D1CCE8200D2D9B748F5AA7A7C134282687F42CC86CE8C613F9306D92404683BAC2107B058AECFEA8B3CDD80980660CCB81FF28701DA3CFD084125F179C4521EBC3017D3ACC026D5FE7CFCE3EF3CABEDDC10023B30CA43173645FEA4AF70B169E5CEC8E7D0925C9C0993A3975EB0A2E78506174DA7FBCFCC7DA36F7DFA6CF9FCED897AB7F59BA28C4E881FFA87CE203A813D32FD2390BE2DFD01092A07A96EE51780E65A0359C43A12821433B90F62A35E93202A6896EFED158C772EE6B532AF4F4F58C3F29A1842BB10B198C3A51A12AA8750A6B9228847045FAC74865CBC6EE850151063D45212DC41A0A982E75DD3FF0025AA194295E427D732A1C2A7114191D220920DC34FCE2DDA640140D38D3BBA4C9B114BCD0D2854061086CF25BAAB371819CA2AD82EAB59882F9902700A4285A89E2838575E25B33940F175FD23D9A3BB2F26EE8F48D21817870FDFE92CD37042D2AF1DEED65EAC4075F9B354455708B6DF2996059D73967303DC5E91724F204610055DD942F532D75A37B9D1DB6AB46AFF0043AF424FA7031946DC87BC30CB1191C7510AE8915FAA41235202AA7DFA06F428EE8B0E5D3A2F90C4631D6F80AF7A988122F55F67F3CD7BB9C3A51FAB09198C997366DBA61DF6E32FC85FE6DE58AB2FF6C0F838219007B48C49352882908192FB747CCF5400D53E291C0FA006DD6B7367E6ADDA43B104198B515A162F540668677530FB27B4C0227AE261E889744066471F791714720A64BEE6701D255307FEFF00D3F59EE7C01DE650A0D83DAC941A6BC0C0A7D6185222E8AEFD0A3DE1873B26A947D661252DBDD5DF3739DD0396FA752FD4C3942534738639252D076BF6B0E19808D30E0FAD2DC4016B447F6890421D847B621C15D4F947EAC0CAEB858FFA3356143B754665466B667F92066A17D587A1EE65C3714E3E855C5CF29B814F4E4A9A5A130D8FE68C2114EC21ED88BB94A1A3FE3338BCC85F623CFB119129ECAF4F8058D5C6DCD9FD494CEA49510C7D5FA10581FA74FEF032130093EDEC280A781304F801A02B3D2458278E3B798D378D073CCCF9C6AE941E61051160215DD8A3DFB8DB1EDD0E8BE5E9495C5A6E67E58704FF0098814E3D7BD9DEE903DFB666EFECA38ECA6F23C2261CAC8DBC4317DF1B262DCF2DA700F3B655FF00610F685C5C98F1C0CC303EB6AC7E50A54D97647E6E8A26F73A3E70BE6136BA59FD667DD601A707CACBA5B8FC74FD61ACF2E1B678F39201176D050F9C0D4ABA03C84DBCE2248DD3512EE5D2FA26C89A0ED4822442DE02537171FEF32D7C8FBC46B9CBEAD3E9290E5E05B9DE80EBBBB873D7840D81E43F494A5FC2AA335A951811803BDC25BBE91D133A3DE5585B26276786866149E1D817A5F261C933AADBA315EF221794F08C7CEA611A5B6D66EDD38816F4B83D36D6DCA6646158C9539E1B899272A64779C57030E656778087DE97A8F1D1B74BE4C609984B8E290FBFB4B27F44180FA1618ABAE1607B2348181C451EB8B7D1302E79AFA07A0F1D25BF42CA02DB420A623F79C096BC86AF67AF99E44E17DEE5A9DD0C78828DF19FFE84B4D957FB204D92CF8439CA0CCD1F3B789AA4820B56F610B8C8BBFF00295156037B8152CBC9A78E2F3BC480DA5AF3E0E8868B9ACC660C3B9E023BAC5BC732D19EC92FD49C45B8597A4B270FF313541FF0778912733554C7349E9D5F9DFE6E65900326D5F89A85B997DFE06C3F5D75D9D9022ED659789EB4E23C1D612BB891CF7C07CE66D8B4C7DAA421EC1142209B01ACB4C54570BCAF54BCF9105B5E41A2059A4AB1AF9F9B53C51903A03826DAE0327A9E2E3EA47927B84BF49B8FEEC312EC328D2C589E822E5E180C3E5D10E3F54033ACAE4D3D377DE0C7B8AD724EF288C2D1BEC8B88BC9B255BCBD89AB50297054A29D00D60B0AF8261D06F2E5E58DA24E5ABB58302AACF77465B0DF1F3EC25C99CEBBBAFE9CE106077A2F9DBE0536BDB45EABFDE8E630ECF1C87CD76D1A27A1A85976E8F46DE616940CDB83F63E72890B9D3FCA3C421B7D29BBAA0F8D47504645F508B9B7AC11B697055365832D69E011585C19215504405BA8BFD17F83874DE14BA91BB6D3A4ABD3677847AE729C0E1C872F75FA2531B8825B64828C5E3BA65F24316DD6703FA719B371C39E26EA7CA20C9C1B5F1841C701810DAA8204B6F0144203D581033E6C80F4C4116AE629B3EE47F06002E42F9BB476C2BD39834686C25D2AECC136A72F033BC32B21C7B2DDA9E4C14AA203CC161E20EFF23AC61649F0554F899AF4C8672206B16C365B21A8BF14BB4C7908CA41603765F708559CC03CCC036341813A2E2030378709FC97EE950B7361E9077F9A5A7542865CA6128FDD7E80EBEDFF0058350C1AC82B107CAE5002D9AA577D6DDC86AAF15719F806BC41F800CAC1E2DF9894D88587E2C0DC06BFE025B0D66340E3D44CCC808009A33062D85081026A0494C0112B30C65A8283572029D6AA0192AC7BA8246CC7F72108151A3A3BA8F3DC944F645382820D81BD87D5324A75B0D8BA3FB7E787FA17FF006456FECA023D4CB4FF00EEA671E04D87EA06031242BB28E1DFE2370A6A72BEBC7E58057AE0D923002AAC1BA5386F14BEA46F2701F9C9F743B9241A6640E4B2802C0396408A8557931E4BEBC0E9F266916CF7FEE25158BBC797EECBBEA44EB797112F495474A0B46CDF0666ED4C015E2C751EA7E685C9DFCDBEB1330FD82509DD780FD8216C7436168F530F24C896D84748294744AE443546B284033030604B480741257BE590F38E068095C43182CFF2E3CCB70AE693D5235A60D629C0672892285518C3E30A8A0894D1DAE7ABFB8B486C1A7B50F430C92A5AB44D98B8EEF743215F738DA39F053294D415FEF6B99DC30C375ED2E10B42E7EE38C0678FAC4A96FC750E2F15377BB081AC3AFA9B0CF1B529CCE09D1388B30E0826B5C50A2099A579C4794F58D3BB2F5B61961921A46E645AFA40C8BD38DCBD177D840B6DC43BA0F213670C066C580481DC83C324198A2602E520B4B97A09CF7E1852AFDC862C008778057FBB96DD3318988772145F8994DC66F2C6E9FF0022FF0071871BA83E258B9DAB6959ABDC2548D3A270CACC3D99D6B3855F8C2777054783FD43239A367C1C4F2FC45831EB572C46E0D7D0398C398AB1E0EE8624DCCBC6F8214A6FABFA04431B61D5095129B3DD0B3A0F4216DD60CDCBF3089595C21D4520359CA02E2D02DB3804B3CD85822162B8E845202FFA2A5A38586EB95D115A566DE6ABC3F2AA57ECF0D8EF12F7C0E668507161357B02CA7194172AECFD621DE573E78A45AB0EC08F7A5911A2F1EA49835E48A04DBEC262B222C136C916DD24108B675D213DE2F6FF0071D65CD9AEEFD18794E3D982294DA344EAFF000171D3F74002F4B8939FC4724C79584F6684B30AB05807E412B750482CB371C13B20A59DC7545C0686900B2AD106115070D2827090590D9A414812059EDD10CB94E4BEED4B968E50FBC2B97680473AFA98A9EFC6CE4771E95EE8C1DB4BD6F2752F3F9B5F82A57EC2AB326C1F63A60896223EB3685577EA7291F573C13DAE2ED3ABED21C97A2FA50755E5D7CC537C360728106F7610F29072504240C6E7335EE3D260886F812E9A95B41B679787FE66C565FC16E23AEBD0E8C571EC42920009212E5643B301CD8C0CC1501AD46DE84CF6206D3502D44C42F240F65C48C32FBBDBBF8EC45A3EFB20FC08E21FBC416BB9B16B61F503CC203AD7F23E9DA685BF1D93E7FA4A952A11952A54A952A57EA5E1012F80CFA07128F77EC9F2E047F5E4EC62D14A033DA9E623813ED130CA8D40CA480540CC00795B7CAFC55E72D2459F520A06F8092C97F06B5DA82502ACDE9E05DC321731C0C56408D53F85BF8B262BD422CDC81DC0384CB0AB807A44092B0F78589C9761315CF9E00FEED15FD8AA54AFD35A77F155FA7FA42DD36079E20C0F284498474042946F111C48B131DA300DD37E2175895091A8326E0C0146AB800AD3C010D6300D4F80B29C5E424CD4BD3225429055034816EA419818862D84028A16402D45E40225AAA82C959F41FBE87483D18ED0BAAE09302A40357D10018BF704CD6FE22AE1CD90B2E2052CCC2B33F784287489593AE42E8E8C54B27A8AC9219661F018BA220302E5C86117588F0AD18E01E45D952FD9DFD3EF4EAAC4AACE8C3EDF499C1E1203F23E93B6B50966F75FE3B8D50C3407D29620A4BEAB0C694C56D1A2BEE23886E39CA2181C202003C55A155862302804AD1401036D7723F6847F50525B2BC91422BA48F865D724859D1D5FC81E53585AA0C05EF97A4D907B3970210121EE43C5C818AA8189AB4054738AE650B10D65196E24207CDC41B33035D5303A1AE3FE06A241718D5AFE89386339B3A5D1D2634F3470B7C92D53F0D83CB4A327B37075D9F535596D4328FBD41BAEDEDF0050A40718C0F77C0003D1E60C431436140697A487C118C09AD00ECC18C541E2E04CC57F03014D8603156098A32FA26D1F2A6EE1F78254F6B97F5848B2BA067E5818E8039A0EC404DE0002B6007521B958745A49EF1EAB2B16BA80631907DD61A78840C0035101D64160C0FA1B0D320085E6185B30BA921E02985B3B6FD98FEB536DC0A74008B758C8F08134D28A5C53A3E93682748E5F637F0B850043EC4E4DC6E50314B3DB2837C4F70DFE73815F730FBD81692BA519AD861A0DA06041CB4083B18E3A1503AA131C30078181F3BEFE5FD9C3F916968245A30092D2D3B3289688F1F09DB9DBFC883C27BC8EF10B913AA47DD129C8229E19A7831386230AFBA421D7FEC2DF398B947ABAB826A8F190DE5CADACE3519637D82C04DDB0279462B98024CFD8236CCC3A88C0D94486ADD902E59A82F058A0E18336770F5B1705B3F705D4F77ECCFE45470790DC6BAF199575585E21F652ED6C9B5EB442D5D22ACC1486EC5946B64E50FC88E16B0D36CAE713115825B0738B99A5F78F52BD3175A8E1895B1628FA105CACE52ED39B94A0F2A8DEA988BA2B6AC6F289DF139C7201F5EE36C92FB0CD666E1D8D572222DBB909AAA9E35DE34DDAE31583F0638F5FC7CD97431FE00FB4BA58FF003C4285FDC7F51E6873B8DCB9988F590FCB9983D8A3DD81176023836C2EC3040832605C8479F2CC34A01F7E98295FD0F834354BC938A5DDF87482DB4316E57D0C2875762D16817FFA7ECEFE424F98636A01852BAEA361648C097723A4AE01326CCEA4479EE5E9D8C5772B65B393B22872405633BE52AEB32906C865A6B7E4FA441F136856B43C6E821CA26D66343774072C3CB2498A028CAB0673B62CFB80200080A6A165D5978E8A12C1571969CEDCB9C11160CDD0A9FCF81E8DA16E6A4C63CFE87CE1EA1EA82AF8588C5FE377FE2B4B75F82DCBF08B7596FC216F8DA5A5FECEFEFA7EB5FDF0FD73FBE1FAE7F8D3FBF7FFD9, '9999-9999', NULL, 'p@p.com', NULL),
	(9, '25', 'MEJIA ', 'MEJIA', 'ANGEL DAVID ', '213180039991', '2019-10-18 00:00:00', NULL, 'M', 8478.11, '2019-10-18 00:00:00', NULL, 'ARFLORES', NULL, NULL, 1, 1, 1, 87, 8, 95, 1, 5, 4, NULL, NULL, '99949494', NULL, 'rrhh@infaa.hn', NULL),
	(10, '26', 'FUNEZ', 'RIVERA', 'ALDO FRANCISCO', '213000222423', '2019-10-18 00:00:00', NULL, 'M', 8478.11, '2019-10-18 00:00:00', NULL, 'ARFLORES', NULL, NULL, 1, 1, 1, 87, 8, 95, 1, 5, 4, NULL, NULL, '99949494', NULL, 'rrhh@infaa.hn', NULL),
	(11, '27', 'ALEMAN', 'MAYORGA', 'ALEJANDRA BEATRIZ', '213260066138', '2019-10-18 00:00:00', NULL, 'M', 8478.11, '2019-10-18 00:00:00', NULL, 'ARFLORES', NULL, NULL, 1, 1, 1, 87, 8, 95, 1, 5, 4, NULL, NULL, '99949494', NULL, 'rrhh@infaa.hn', NULL),
	(12, '28', 'LANZA', 'RODRIGUEZ', 'ALMA DE JESUS', '213270022320', '2019-10-18 00:00:00', NULL, 'M', 8478.11, '2019-10-18 00:00:00', NULL, 'ARFLORES', NULL, NULL, 1, 1, 1, 87, 8, 95, 1, 5, 4, NULL, NULL, '99949494', NULL, 'rrhh@infaa.hn', NULL),
	(13, '29', 'FUNEZ', 'RAMIREZ', 'ANA ADILIA', '213180039851', '2019-10-18 00:00:00', NULL, 'M', 8478.11, '2019-10-18 00:00:00', NULL, 'ARFLORES', NULL, NULL, 1, 1, 1, 87, 8, 95, 1, 5, 4, NULL, NULL, '99949494', NULL, 'rrhh@infaa.hn', NULL),
	(14, '30', 'MARTINEZ', 'ORTIZ', 'ANA BESSY', '213060094715', '2019-10-18 00:00:00', NULL, 'M', 8478.11, '2019-10-18 00:00:00', NULL, 'ARFLORES', NULL, NULL, 1, 1, 1, 87, 8, 95, 1, 5, 4, NULL, NULL, '99949494', NULL, 'rrhh@infaa.hn', NULL),
	(15, '31', 'REYES ', 'AMADOR', 'ANGEL EDUARDO ', '213080090405', '2019-10-18 00:00:00', NULL, 'M', 8478.11, '2019-10-18 00:00:00', NULL, 'ARFLORES', NULL, NULL, 1, 1, 1, 87, 8, 95, 1, 5, 4, NULL, NULL, '99949494', NULL, 'rrhh@infaa.hn', NULL),
	(16, '32', 'ISCOA', 'CHAVARRIA', 'BELKIS YADIRA ', '213210016374', '2019-10-18 00:00:00', NULL, 'M', 8478.11, '2019-10-18 00:00:00', NULL, 'ARFLORES', NULL, NULL, 1, 1, 1, 87, 8, 95, 1, 5, 4, NULL, NULL, '99949494', NULL, 'rrhh@infaa.hn', NULL),
	(17, '33', 'URBINA ', 'PAVON', 'BLANCA TERESA', '213180035996', '2019-10-18 00:00:00', NULL, 'M', 8478.11, '2019-10-18 00:00:00', NULL, 'ARFLORES', NULL, NULL, 1, 1, 1, 87, 8, 95, 1, 5, 4, NULL, NULL, '99949494', NULL, 'rrhh@infaa.hn', NULL),
	(18, '34', 'SANDOVAL', 'URBINA', 'BRENDA CARINA ', '213270015889', '2019-10-18 00:00:00', NULL, 'M', 8478.11, '2019-10-18 00:00:00', NULL, 'ARFLORES', NULL, NULL, 1, 1, 1, 87, 8, 95, 1, 5, 4, NULL, NULL, '99949494', NULL, 'rrhh@infaa.hn', NULL),
	(19, '35', 'IZAGUIRRE', 'RODRIGUEZ', 'CARLOS ADONAY ', '213260064402', '2019-10-18 00:00:00', NULL, 'M', 10668.00, '2019-10-18 00:00:00', NULL, 'ARFLORES', NULL, NULL, 1, 1, 1, 87, 8, 95, 1, 5, 4, NULL, NULL, '99949494', NULL, 'rrhh@infaa.hn', NULL),
	(20, '36', 'URRUTIA', 'MORA', 'DANELY SARAHI', '213080087790', '2019-10-18 00:00:00', NULL, 'M', 14668.00, '2019-10-18 00:00:00', NULL, 'ARFLORES', NULL, NULL, 1, 1, 1, 87, 8, 95, 1, 5, 4, NULL, NULL, '99949494', NULL, 'rrhh@infaa.hn', NULL),
	(21, '37', 'PINEDA', 'AMADOR', 'DANY JOSUE', '213180050855', '2019-10-18 00:00:00', NULL, 'M', 9668.00, '2019-10-18 00:00:00', NULL, 'ARFLORES', NULL, NULL, 1, 1, 1, 87, 8, 95, 1, 5, 4, NULL, NULL, '99949494', NULL, 'rrhh@infaa.hn', NULL),
	(22, '38', 'HERNANDEZ', 'ORELLANA', 'EDMAN ABIEL ', '213180039495', '2019-10-18 00:00:00', NULL, 'M', 8478.11, '2019-10-18 00:00:00', NULL, 'ARFLORES', NULL, NULL, 1, 1, 1, 87, 8, 95, 1, 5, 4, NULL, NULL, '99949494', NULL, 'rrhh@infaa.hn', NULL),
	(23, '39', 'MENDEZ', 'REYES', 'EDUARDO JOSE ', '213310000445', '2019-10-18 00:00:00', NULL, 'M', 8478.11, '2019-10-18 00:00:00', NULL, 'ARFLORES', NULL, NULL, 1, 1, 1, 87, 8, 95, 1, 5, 4, NULL, NULL, '99949494', NULL, 'rrhh@infaa.hn', NULL),
	(24, '40', 'PERDOMO ', 'RODRIGUEZ', 'ELBIN NOE ', '213180039517', '2019-10-18 00:00:00', NULL, 'M', 8478.11, '2019-10-18 00:00:00', NULL, 'ARFLORES', NULL, NULL, 1, 1, 1, 87, 8, 95, 1, 5, 4, NULL, NULL, '99949494', NULL, 'rrhh@infaa.hn', NULL),
	(25, '41', 'CENTENO', 'JIMENEZ', 'ERICA SARINA ', '213180024021', '2019-10-18 00:00:00', NULL, 'M', 8478.11, '2019-10-18 00:00:00', NULL, 'ARFLORES', NULL, NULL, 1, 1, 1, 87, 8, 95, 1, 5, 4, NULL, NULL, '99949494', NULL, 'rrhh@infaa.hn', NULL),
	(26, '42', 'VASQUEZ', 'CHAVARRIA', 'ERLINDA LIZETH ', '213180025460', '2019-10-18 00:00:00', NULL, 'M', 7998.11, '2019-10-18 00:00:00', NULL, 'ARFLORES', NULL, NULL, 1, 1, 1, 87, 8, 95, 1, 5, 4, NULL, NULL, '99949494', NULL, 'rrhh@infaa.hn', NULL),
	(27, '43', 'HERRERA', 'SANCHEZ', 'EVAN ROSSIBEL', '213060087522', '2019-10-18 00:00:00', NULL, 'M', 8478.11, '2019-10-18 00:00:00', NULL, 'ARFLORES', NULL, NULL, 1, 1, 1, 87, 8, 95, 1, 5, 4, NULL, NULL, '99949494', NULL, 'rrhh@infaa.hn', NULL),
	(28, '44', 'HERNANDEZ', 'SORTO2', 'EYNER ABELARDO ', '213060086682', '2019-10-18 00:00:00', NULL, 'M', 8478.11, '2019-10-18 00:00:00', NULL, 'ARFLORES', NULL, NULL, 1, 1, 1, 87, 8, 95, 1, 5, 4, NULL, NULL, '99949494', NULL, 'rrhh@infaa.hn', NULL),
	(29, '45', 'ALONZO ', 'GALEAS', 'FANNY GISSELA ', '213180019249', '2019-10-18 00:00:00', NULL, 'M', 8478.11, '2019-10-18 00:00:00', NULL, 'ARFLORES', NULL, NULL, 1, 1, 1, 87, 8, 95, 1, 5, 4, NULL, NULL, '99949494', NULL, 'rrhh@infaa.hn', NULL),
	(30, '46', 'FLORES', 'ARDON', 'FERNANDO DANIEL ', '213180027373', '2019-10-18 00:00:00', NULL, 'M', 8478.11, '2019-10-18 00:00:00', NULL, 'ARFLORES', NULL, NULL, 1, 1, 1, 87, 8, 95, 1, 5, 4, NULL, NULL, '99949494', NULL, 'rrhh@infaa.hn', NULL),
	(31, '47', 'OLIVA', 'HERNANDEZ', 'FREDY OMAR ', '213090087598', '2019-10-18 00:00:00', NULL, 'M', 8478.11, '2019-10-18 00:00:00', NULL, 'ARFLORES', NULL, NULL, 1, 1, 1, 87, 8, 95, 1, 5, 4, NULL, NULL, '99949494', NULL, 'rrhh@infaa.hn', NULL),
	(32, '48', 'JUANEZ', 'FLORES', 'FREDY YOVANNI ', '213260055489', '2019-10-18 00:00:00', NULL, 'M', 8478.11, '2019-10-18 00:00:00', NULL, 'ARFLORES', NULL, NULL, 1, 1, 1, 87, 8, 95, 1, 5, 4, NULL, NULL, '99949494', NULL, 'rrhh@infaa.hn', NULL),
	(33, '49', 'SEVILLA', 'REYES', 'GERALDINA ', '213270015900', '2019-10-18 00:00:00', NULL, 'M', 8478.11, '2019-10-18 00:00:00', NULL, 'ARFLORES', NULL, NULL, 1, 1, 1, 87, 8, 95, 1, 5, 4, NULL, NULL, '99949494', NULL, 'rrhh@infaa.hn', NULL),
	(34, '50', 'MEJIA ', 'SOSA', 'GERARDO ALFONSO', '213270032872', '2019-10-18 00:00:00', NULL, 'M', 9478.11, '2019-10-18 00:00:00', NULL, 'ARFLORES', NULL, NULL, 1, 1, 1, 87, 8, 95, 1, 5, 4, NULL, NULL, '99949494', NULL, 'rrhh@infaa.hn', NULL),
	(35, '51', 'ALVARADO ', 'RAMOS', 'GERBIN GERARDO ', '213180039789', '2019-10-18 00:00:00', NULL, 'M', 8478.11, '2019-10-18 00:00:00', NULL, 'ARFLORES', NULL, NULL, 1, 1, 1, 87, 8, 95, 1, 5, 4, NULL, NULL, '99949494', NULL, 'rrhh@infaa.hn', NULL),
	(36, '52', 'MEJIA ', 'REYES', 'GERMAN ANTONIO', '213090081000', '2019-10-18 00:00:00', NULL, 'M', 8478.11, '2019-10-18 00:00:00', NULL, 'ARFLORES', NULL, NULL, 1, 1, 1, 87, 8, 95, 1, 5, 4, NULL, NULL, '99949494', NULL, 'rrhh@infaa.hn', NULL),
	(37, '53', 'LAGOS', 'VARELA', 'GLORIA SARAHI ', '213180048621', '2019-10-18 00:00:00', NULL, 'M', 8478.11, '2019-10-18 00:00:00', NULL, 'ARFLORES', NULL, NULL, 1, 1, 1, 87, 8, 95, 1, 5, 4, NULL, NULL, '99949494', NULL, 'rrhh@infaa.hn', NULL),
	(38, '54', 'URBINA ', 'ADELINO', 'GUSTAVO ADOLFO ', '213090077835', '2019-10-18 00:00:00', NULL, 'M', 8478.11, '2019-10-18 00:00:00', NULL, 'ARFLORES', NULL, NULL, 1, 1, 1, 87, 8, 95, 1, 5, 4, NULL, NULL, '99949494', NULL, 'rrhh@infaa.hn', NULL),
	(39, '55', 'CERRATO', 'MACOTO', 'HEMERSON JOSUE ', '213080080159', '2019-10-18 00:00:00', NULL, 'M', 8478.11, '2019-10-18 00:00:00', NULL, 'ARFLORES', NULL, NULL, 1, 1, 1, 87, 8, 95, 1, 5, 4, NULL, NULL, '99949494', NULL, 'rrhh@infaa.hn', NULL),
	(40, '56', 'CARRASCO', 'HERNANDEZ', 'ILSE MARILU ', '213180046483', '2019-10-18 00:00:00', NULL, 'M', 8478.11, '2019-10-18 00:00:00', NULL, 'ARFLORES', NULL, NULL, 1, 1, 1, 87, 8, 95, 1, 5, 4, NULL, NULL, '99949494', NULL, 'rrhh@infaa.hn', NULL),
	(41, '57', 'DORMES', 'SALGADO ', 'IRIS YAMILETH ', '213260060431', '2019-10-18 00:00:00', NULL, 'M', 8478.11, '2019-10-18 00:00:00', NULL, 'ARFLORES', NULL, NULL, 1, 1, 1, 87, 8, 95, 1, 5, 4, NULL, NULL, '99949494', NULL, 'rrhh@infaa.hn', NULL),
	(42, '58', 'LARA', 'NULL', 'ISAIAS', '213000210476', '2019-10-18 00:00:00', NULL, 'M', 8478.11, '2019-10-18 00:00:00', NULL, 'ARFLORES', NULL, NULL, 1, 1, 1, 87, 8, 95, 1, 5, 4, NULL, NULL, '99949494', NULL, 'rrhh@infaa.hn', NULL),
	(43, '59', 'FLORES', 'AYALA', 'ISMAEL ORLANDO ', '213030063501', '2019-10-18 00:00:00', NULL, 'M', 10668.00, '2019-10-18 00:00:00', NULL, 'ARFLORES', NULL, NULL, 1, 1, 1, 87, 8, 95, 1, 5, 4, NULL, NULL, '99949494', NULL, 'rrhh@infaa.hn', NULL),
	(44, '60', 'DIAZ', 'SIERRA', 'JABRY SALOMON', '213180051118', '2019-10-18 00:00:00', NULL, 'M', 8478.11, '2019-10-18 00:00:00', NULL, 'ARFLORES', NULL, NULL, 1, 1, 1, 87, 8, 95, 1, 5, 4, NULL, NULL, '99949494', NULL, 'rrhh@infaa.hn', NULL),
	(45, '61', 'RAMOS', 'SARAVIA', 'JENNY LISETH', '213180042895', '2019-10-18 00:00:00', NULL, 'M', 8478.11, '2019-10-18 00:00:00', NULL, 'ARFLORES', NULL, NULL, 1, 1, 1, 87, 8, 95, 1, 5, 4, NULL, NULL, '99949494', NULL, 'rrhh@infaa.hn', NULL),
	(46, '62', 'REYES ', 'LOPEZ', 'JOSE BONIFACIO ', '213090087660', '2019-10-18 00:00:00', NULL, 'M', 10217.82, '2019-10-18 00:00:00', NULL, 'ARFLORES', NULL, NULL, 1, 1, 1, 87, 8, 95, 1, 5, 4, NULL, NULL, '99949494', NULL, 'rrhh@infaa.hn', NULL),
	(47, '63', 'MATUTE', 'RODRIGUEZ', 'JOSE FRANCISCO', '213180035538', '2019-10-18 00:00:00', NULL, 'M', 8478.11, '2019-10-18 00:00:00', NULL, 'ARFLORES', NULL, NULL, 1, 1, 1, 87, 8, 95, 1, 5, 4, NULL, NULL, '99949494', NULL, 'rrhh@infaa.hn', NULL),
	(48, '64', 'HERNANDEZ', 'JUAREZ', 'JOSE MARVIN ', '213060084728', '2019-10-18 00:00:00', NULL, 'M', 8478.11, '2019-10-18 00:00:00', NULL, 'ARFLORES', NULL, NULL, 1, 1, 1, 87, 8, 95, 1, 5, 4, NULL, NULL, '99949494', NULL, 'rrhh@infaa.hn', NULL),
	(49, '65', 'ALVARADO ', 'REYES', 'JOSE RIGOBERTO ', '213090081018', '2019-10-18 00:00:00', NULL, 'M', 8478.11, '2019-10-18 00:00:00', NULL, 'ARFLORES', NULL, NULL, 1, 1, 1, 87, 8, 95, 1, 5, 4, NULL, NULL, '99949494', NULL, 'rrhh@infaa.hn', NULL),
	(50, '66', 'RIVAS', 'SANCHEZ', 'JOSE ULICES ', '213400097014', '2019-10-18 00:00:00', NULL, 'M', 8478.11, '2019-10-18 00:00:00', NULL, 'ARFLORES', NULL, NULL, 1, 1, 1, 87, 8, 95, 1, 5, 4, NULL, NULL, '99949494', NULL, 'rrhh@infaa.hn', NULL),
	(51, '67', 'ESPINOZA', 'REYES', 'JOVEL ASTUL', '213090086850', '2019-10-18 00:00:00', NULL, 'M', 10668.00, '2019-10-18 00:00:00', NULL, 'ARFLORES', NULL, NULL, 1, 1, 1, 87, 8, 95, 1, 5, 4, NULL, NULL, '99949494', NULL, 'rrhh@infaa.hn', NULL),
	(52, '68', 'VALLADARES', 'AYESTAS', 'JUAN ANGEL', '213270032848', '2019-10-18 00:00:00', NULL, 'M', 8478.11, '2019-10-18 00:00:00', NULL, 'ARFLORES', NULL, NULL, 1, 1, 1, 87, 8, 95, 1, 5, 4, NULL, NULL, '99949494', NULL, 'rrhh@infaa.hn', NULL),
	(53, '69', 'HERNANDEZ', 'JUAREZ', 'JUAN JOSE ', '213060084736', '2019-10-18 00:00:00', NULL, 'M', 8478.11, '2019-10-18 00:00:00', NULL, 'ARFLORES', NULL, NULL, 1, 1, 1, 87, 8, 95, 1, 5, 4, NULL, NULL, '99949494', NULL, 'rrhh@infaa.hn', NULL),
	(54, '70', 'MEJIA ', 'HERNANDEZ', 'JUAN RAMON ', '213060080862', '2019-10-18 00:00:00', NULL, 'M', 7328.11, '2019-10-18 00:00:00', NULL, 'ARFLORES', NULL, NULL, 1, 1, 1, 87, 8, 95, 1, 5, 4, NULL, NULL, '99949494', NULL, 'rrhh@infaa.hn', NULL),
	(55, '71', 'LAINEZ', 'ZELAYA', 'JULIO SAMUEL ', '213180047439', '2019-10-18 00:00:00', NULL, 'M', 8478.11, '2019-10-18 00:00:00', NULL, 'ARFLORES', NULL, NULL, 1, 1, 1, 87, 8, 95, 1, 5, 4, NULL, NULL, '99949494', NULL, 'rrhh@infaa.hn', NULL),
	(56, '72', 'FLORES', 'LOZANO', 'LUIS GABRIEL ', '213010125811', '2019-10-18 00:00:00', NULL, 'M', 8478.11, '2019-10-18 00:00:00', NULL, 'ARFLORES', NULL, NULL, 1, 1, 1, 87, 8, 95, 1, 5, 4, NULL, NULL, '99949494', NULL, 'rrhh@infaa.hn', NULL),
	(57, '73', 'ESCOTO', 'ALVARADO', 'LUIS GERARDO', '213180034558', '2019-10-18 00:00:00', NULL, 'M', 8478.11, '2019-10-18 00:00:00', NULL, 'ARFLORES', NULL, NULL, 1, 1, 1, 87, 8, 95, 1, 5, 4, NULL, NULL, '99949494', NULL, 'rrhh@infaa.hn', NULL),
	(58, '74', 'RODRIGUEZ', 'SALGADO ', 'MARCO RAFAEL', '213180042739', '2019-10-18 00:00:00', NULL, 'M', 8478.11, '2019-10-18 00:00:00', NULL, 'ARFLORES', NULL, NULL, 1, 1, 1, 87, 8, 95, 1, 5, 4, NULL, NULL, '99949494', NULL, 'rrhh@infaa.hn', NULL),
	(59, '75', 'RAMOS', 'FUNEZ', 'MARIA DEL CARMEN ', '213030063986', '2019-10-18 00:00:00', NULL, 'M', 8478.11, '2019-10-18 00:00:00', NULL, 'ARFLORES', NULL, NULL, 1, 1, 1, 87, 8, 95, 1, 5, 4, NULL, NULL, '99949494', NULL, 'rrhh@infaa.hn', NULL),
	(60, '76', 'SANCHEZ', 'AGUILERA', 'MARITZA YAMILETH ', '213270015862', '2019-10-18 00:00:00', NULL, 'M', 8478.11, '2019-10-18 00:00:00', NULL, 'ARFLORES', NULL, NULL, 1, 1, 1, 87, 8, 95, 1, 5, 4, NULL, NULL, '99949494', NULL, 'rrhh@infaa.hn', NULL),
	(61, '77', 'MUNGUIA', 'PEREZ', 'MARTHA LIDIA', '213090087873', '2019-10-18 00:00:00', NULL, 'M', 8478.11, '2019-10-18 00:00:00', NULL, 'ARFLORES', NULL, NULL, 1, 1, 1, 87, 8, 95, 1, 5, 4, NULL, NULL, '99949494', NULL, 'rrhh@infaa.hn', NULL),
	(62, '78', 'MEJIA ', '', 'MARVIN', '213270011280', '2019-10-18 00:00:00', NULL, 'M', 8478.11, '2019-10-18 00:00:00', NULL, 'ARFLORES', NULL, NULL, 1, 1, 1, 87, 8, 95, 1, 5, 4, NULL, NULL, '99949494', NULL, 'rrhh@infaa.hn', NULL),
	(63, '79', 'REYES ', 'FLORES', 'MARVIN ANAHEL ', '213270036410', '2019-10-18 00:00:00', NULL, 'M', 8478.11, '2019-10-18 00:00:00', NULL, 'ARFLORES', NULL, NULL, 1, 1, 1, 87, 8, 95, 1, 5, 4, NULL, NULL, '99949494', NULL, 'rrhh@infaa.hn', NULL),
	(64, '80', 'MARTINEZ', '', 'MIXY ARGENTINA', '213090071780', '2019-10-18 00:00:00', NULL, 'M', 7389.11, '2019-10-18 00:00:00', NULL, 'ARFLORES', NULL, NULL, 1, 1, 1, 87, 8, 95, 1, 5, 4, NULL, NULL, '99949494', NULL, 'rrhh@infaa.hn', NULL),
	(65, '81', 'ALONZO ', 'GARAY', 'NELSON JAVIER', '213180030919', '2019-10-18 00:00:00', NULL, 'M', 8478.11, '2019-10-18 00:00:00', NULL, 'ARFLORES', NULL, NULL, 1, 1, 1, 87, 8, 95, 1, 5, 4, NULL, NULL, '99949494', NULL, 'rrhh@infaa.hn', NULL),
	(66, '82', 'CORTES', 'SOSA', 'NELSON LEONIDE ', '213090087687', '2019-10-18 00:00:00', NULL, 'M', 9478.11, '2019-10-18 00:00:00', NULL, 'ARFLORES', NULL, NULL, 1, 1, 1, 87, 8, 95, 1, 5, 4, NULL, NULL, '99949494', NULL, 'rrhh@infaa.hn', NULL),
	(67, '83', 'ANDINO', 'FLORES', 'OSCAR ORLANDO', '213180047790', '2019-10-18 00:00:00', NULL, 'M', 8478.11, '2019-10-18 00:00:00', NULL, 'ARFLORES', NULL, NULL, 1, 1, 1, 87, 8, 95, 1, 5, 4, NULL, NULL, '99949494', NULL, 'rrhh@infaa.hn', NULL),
	(68, '84', 'RODRIGUEZ', 'VELASQUEZ', 'OSMAN EDUARDO', '213270033224', '2019-10-18 00:00:00', NULL, 'M', 8478.11, '2019-10-18 00:00:00', NULL, 'ARFLORES', NULL, NULL, 1, 1, 1, 87, 8, 95, 1, 5, 4, NULL, NULL, '99949494', NULL, 'rrhh@infaa.hn', NULL),
	(69, '85', 'COELLO', 'CARCAMO', 'PAOLA GABRIELA ', '213180049954', '2019-10-18 00:00:00', NULL, 'M', 8120.11, '2019-10-18 00:00:00', NULL, 'ARFLORES', NULL, NULL, 1, 1, 1, 87, 8, 95, 1, 5, 4, NULL, NULL, '99949494', NULL, 'rrhh@infaa.hn', NULL),
	(70, '86', 'MACOTO', '', 'PATRICIA ELIZABETH ', '213180042615', '2019-10-18 00:00:00', NULL, 'M', 8478.11, '2019-10-18 00:00:00', NULL, 'ARFLORES', NULL, NULL, 1, 1, 1, 87, 8, 95, 1, 5, 4, NULL, NULL, '99949494', NULL, 'rrhh@infaa.hn', NULL),
	(71, '87', 'AGUILAR', '', 'REINA ISABEL', '213060087492', '2019-10-18 00:00:00', NULL, 'M', 8478.11, '2019-10-18 00:00:00', NULL, 'ARFLORES', NULL, NULL, 1, 1, 1, 87, 8, 95, 1, 5, 4, NULL, NULL, '99949494', NULL, 'rrhh@infaa.hn', NULL),
	(72, '88', 'REYES ', 'FLORES', 'RENIERY JAVIER ', '213090087679', '2019-10-18 00:00:00', NULL, 'M', 8478.11, '2019-10-18 00:00:00', NULL, 'ARFLORES', NULL, NULL, 1, 1, 1, 87, 8, 95, 1, 5, 4, NULL, NULL, '99949494', NULL, 'rrhh@infaa.hn', NULL),
	(73, '89', 'PAVON', 'PADILLA', 'ROBERTO STARLEY ', '213180033233', '2019-10-18 00:00:00', NULL, 'M', 8478.11, '2019-10-18 00:00:00', NULL, 'ARFLORES', NULL, NULL, 1, 1, 1, 87, 8, 95, 1, 5, 4, NULL, NULL, '99949494', NULL, 'rrhh@infaa.hn', NULL),
	(74, '90', 'SILVA ', 'MOLINA', 'ROGER ESTEBAN ', '213040096402', '2019-10-18 00:00:00', NULL, 'M', 8478.11, '2019-10-18 00:00:00', NULL, 'ARFLORES', NULL, NULL, 1, 1, 1, 87, 8, 95, 1, 5, 4, NULL, NULL, '99949494', NULL, 'rrhh@infaa.hn', NULL),
	(75, '91', 'BAQUEDANO', 'VASQUEZ', 'SANDRA MARIBEL', '213270020602', '2019-10-18 00:00:00', NULL, 'M', 8478.11, '2019-10-18 00:00:00', NULL, 'ARFLORES', NULL, NULL, 1, 1, 1, 87, 8, 95, 1, 5, 4, NULL, NULL, '99949494', NULL, 'rrhh@infaa.hn', NULL),
	(76, '92', 'MONCADA', 'CARDONA', 'SANDY GABRIELA ', '213090089370', '2019-10-18 00:00:00', NULL, 'M', 7705.11, '2019-10-18 00:00:00', NULL, 'ARFLORES', NULL, NULL, 1, 1, 1, 87, 8, 95, 1, 5, 4, NULL, NULL, '99949494', NULL, 'rrhh@infaa.hn', NULL),
	(77, '93', 'VASQUEZ', 'NICOLAS', 'SANTOS RICARDO', '213020060364', '2019-10-18 00:00:00', NULL, 'M', 8478.11, '2019-10-18 00:00:00', NULL, 'ARFLORES', NULL, NULL, 1, 1, 1, 87, 8, 95, 1, 5, 4, NULL, NULL, '99949494', NULL, 'rrhh@infaa.hn', NULL),
	(78, '94', 'MEDINA', 'CASTILLO', 'SUNY YAQUELIN ', '213270015897', '2019-10-18 00:00:00', NULL, 'M', 8478.11, '2019-10-18 00:00:00', NULL, 'ARFLORES', NULL, NULL, 1, 1, 1, 87, 8, 95, 1, 5, 4, NULL, NULL, '99949494', NULL, 'rrhh@infaa.hn', NULL),
	(79, '95', 'CASTRO', 'CHAVEZ', 'WENDOLYN DEL CARMEN ', '213180034140', '2019-10-18 00:00:00', NULL, 'M', 7778.11, '2019-10-18 00:00:00', NULL, 'ARFLORES', NULL, NULL, 1, 1, 1, 87, 8, 95, 1, 5, 4, NULL, NULL, '99949494', NULL, 'rrhh@infaa.hn', NULL),
	(80, '96', 'VASQUEZ', 'BENITEZ', 'WUALTER ', '213020066192', '2019-10-18 00:00:00', NULL, 'M', 8478.11, '2019-10-18 00:00:00', NULL, 'ARFLORES', NULL, NULL, 1, 1, 1, 87, 8, 95, 1, 5, 4, NULL, NULL, '99949494', NULL, 'rrhh@infaa.hn', NULL),
	(81, '97', 'CARCAMO', 'SIERRA', 'YESICA NOHELIA', '213120034527', '2019-10-18 00:00:00', NULL, 'M', 8478.11, '2019-10-18 00:00:00', NULL, 'ARFLORES', NULL, NULL, 1, 1, 1, 87, 8, 95, 1, 5, 4, NULL, NULL, '99949494', NULL, 'rrhh@infaa.hn', NULL),
	(82, '98', 'CENTENO', 'JIMENEZ', 'ZOILA KARINA ', '213090088080', '2019-10-18 00:00:00', NULL, 'M', 8478.11, '2019-10-18 00:00:00', NULL, 'ARFLORES', NULL, NULL, 1, 1, 1, 87, 8, 95, 1, 5, 4, NULL, NULL, '99949494', NULL, 'rrhh@infaa.hn', NULL),
	(83, '99', 'GIRON ', 'MARTINEZ', 'KEVIN OBED', '213180051967', '2019-10-18 00:00:00', NULL, 'M', 8478.11, '2019-10-18 00:00:00', NULL, 'ARFLORES', NULL, NULL, 1, 1, 1, 87, 8, 95, 1, 5, 4, NULL, NULL, '99949494', NULL, 'rrhh@infaa.hn', NULL),
	(84, '100', 'VALERIANO', 'VELASQUEZ', 'CLAUDIA YAMILETH', '213180051983', '2019-10-18 00:00:00', NULL, 'M', 9390.00, '2019-10-18 00:00:00', NULL, 'ARFLORES', NULL, NULL, 1, 1, 1, 87, 8, 95, 1, 5, 4, NULL, NULL, '99949494', NULL, 'rrhh@infaa.hn', NULL),
	(85, '101', 'CONTRERAS', 'FLORES', 'HENRY NOEL', '213260073118', '2019-10-18 00:00:00', NULL, 'M', 8478.11, '2019-10-18 00:00:00', NULL, 'ARFLORES', NULL, NULL, 1, 1, 1, 87, 8, 95, 1, 5, 4, NULL, NULL, '99949494', NULL, 'rrhh@infaa.hn', NULL),
	(86, '102', 'ORDOÑEZ', 'CRUZ', 'EDY EDUARDO', '213180054338', '2019-10-18 00:00:00', NULL, 'M', 8478.11, '2019-10-18 00:00:00', NULL, 'ARFLORES', NULL, NULL, 1, 1, 1, 87, 8, 95, 1, 5, 4, NULL, NULL, '99949494', NULL, 'rrhh@infaa.hn', NULL),
	(87, '103', 'ACOSTA', 'VALLADARES', 'AHIMIN ZELENI ', '213090092044', '2019-10-18 00:00:00', NULL, 'M', 7844.11, '2019-10-18 00:00:00', NULL, 'ARFLORES', NULL, NULL, 1, 1, 1, 87, 8, 95, 1, 5, 4, NULL, NULL, '99949494', NULL, 'rrhh@infaa.hn', NULL),
	(88, '104', 'SOSA', 'GONZALEZ', 'ARMANDO', '213130001567', '2019-10-18 00:00:00', NULL, 'M', 8478.11, '2019-10-18 00:00:00', NULL, 'ARFLORES', NULL, NULL, 1, 1, 1, 87, 8, 95, 1, 5, 4, NULL, NULL, '99949494', NULL, 'rrhh@infaa.hn', NULL),
	(89, '105', 'SIERRA', 'ZELAYA', 'DENYLSON EDGARDO', '213270042207', '2019-10-18 00:00:00', NULL, 'M', 8478.11, '2019-10-18 00:00:00', NULL, 'ARFLORES', NULL, NULL, 1, 1, 1, 87, 8, 95, 1, 5, 4, NULL, NULL, '99949494', NULL, 'rrhh@infaa.hn', NULL),
	(90, '106', 'ZELAYA ', 'SIERRA', 'EDGAR GABRIEL ', '213270042223', '2019-10-18 00:00:00', NULL, 'M', 8478.11, '2019-10-18 00:00:00', NULL, 'ARFLORES', NULL, NULL, 1, 1, 1, 87, 8, 95, 1, 5, 4, NULL, NULL, '99949494', NULL, 'rrhh@infaa.hn', NULL),
	(91, '107', 'VALLADARES', 'ACOSTA', 'FREDY ANIBAL', '213090092079', '2019-10-18 00:00:00', NULL, 'M', 8478.11, '2019-10-18 00:00:00', NULL, 'ARFLORES', NULL, NULL, 1, 1, 1, 87, 8, 95, 1, 5, 4, NULL, NULL, '99949494', NULL, 'rrhh@infaa.hn', NULL),
	(92, '108', 'CRUZ ', 'JUANES', 'HUMBERTO', '213270042215', '2019-10-18 00:00:00', NULL, 'M', 8478.11, '2019-10-18 00:00:00', NULL, 'ARFLORES', NULL, NULL, 1, 1, 1, 87, 8, 95, 1, 5, 4, NULL, NULL, '99949494', NULL, 'rrhh@infaa.hn', NULL),
	(93, '109', 'CABALLERO', 'RUBIO', 'JUAN CARLOS ', '213270042231', '2019-10-18 00:00:00', NULL, 'M', 8478.11, '2019-10-18 00:00:00', NULL, 'ARFLORES', NULL, NULL, 1, 1, 1, 87, 8, 95, 1, 5, 4, NULL, NULL, '99949494', NULL, 'rrhh@infaa.hn', NULL),
	(94, '110', 'SOLORZANO', 'RIVERA', 'JUAN GABRIEL', '213130001524', '2019-10-18 00:00:00', NULL, 'M', 8478.11, '2019-10-18 00:00:00', NULL, 'ARFLORES', NULL, NULL, 1, 1, 1, 87, 8, 95, 1, 5, 4, NULL, NULL, '99949494', NULL, 'rrhh@infaa.hn', NULL),
	(95, '111', 'CARCAMO', 'GONZALEZ', 'MARIA ISABEL', '213010138891', '2019-10-18 00:00:00', NULL, 'M', 8478.11, '2019-10-18 00:00:00', NULL, 'ARFLORES', NULL, NULL, 1, 1, 1, 87, 8, 95, 1, 5, 4, NULL, NULL, '99949494', NULL, 'rrhh@infaa.hn', NULL),
	(96, '112', 'ANDINO', 'SOSA', 'ROGER IVAN ', '213090083827', '2019-10-18 00:00:00', NULL, 'M', 8478.11, '2019-10-18 00:00:00', NULL, 'ARFLORES', NULL, NULL, 1, 1, 1, 87, 8, 95, 1, 5, 4, NULL, NULL, '99949494', NULL, 'rrhh@infaa.hn', NULL),
	(97, '113', 'TURCIOS', '', 'SONIA ROSMERY', '213110039712', '2019-10-18 00:00:00', NULL, 'M', 8478.11, '2019-10-18 00:00:00', NULL, 'ARFLORES', NULL, NULL, 1, 1, 1, 87, 8, 95, 1, 5, 4, NULL, NULL, '99949494', NULL, 'rrhh@infaa.hn', NULL),
	(98, '114', 'MONTEJO', 'RIVERA', 'WILLIAM', '213130001516', '2019-10-18 00:00:00', NULL, 'M', 8478.11, '2019-10-18 00:00:00', NULL, 'ARFLORES', NULL, NULL, 1, 1, 1, 87, 8, 95, 1, 5, 4, NULL, NULL, '99949494', NULL, 'rrhh@infaa.hn', NULL),
	(99, '115', 'REYES ', 'RAMOS', 'DENIL EDGARDO', '213180057779', '2019-10-18 00:00:00', NULL, 'M', 8478.11, '2019-10-18 00:00:00', NULL, 'ARFLORES', NULL, NULL, 1, 1, 1, 87, 8, 95, 1, 5, 4, NULL, NULL, '99949494', NULL, 'rrhh@infaa.hn', NULL),
	(100, '116', 'PORTILLO', 'FLORES', 'DOUGLAS ENRIQUE', '213180057728', '2019-10-18 00:00:00', NULL, 'M', 8478.11, '2019-10-18 00:00:00', NULL, 'ARFLORES', NULL, NULL, 1, 1, 1, 87, 8, 95, 1, 5, 4, NULL, NULL, '99949494', NULL, 'rrhh@infaa.hn', NULL),
	(101, '117', 'ZELAYA ', 'HERNANDEZ', 'ELSA AURORA', '213010121972', '2019-10-18 00:00:00', NULL, 'M', 8478.11, '2019-10-18 00:00:00', NULL, 'ARFLORES', NULL, NULL, 1, 1, 1, 87, 8, 95, 1, 5, 4, NULL, NULL, '99949494', NULL, 'rrhh@infaa.hn', NULL),
	(102, '118', 'BARAHONA', '', 'GLENDA DE JESUS', '213180057450', '2019-10-18 00:00:00', NULL, 'M', 8011.11, '2019-10-18 00:00:00', NULL, 'ARFLORES', NULL, NULL, 1, 1, 1, 87, 8, 95, 1, 5, 4, NULL, NULL, '99949494', NULL, 'rrhh@infaa.hn', NULL),
	(103, '119', 'QUIÑONEZ', '', 'JAVIER ALEXANDER ', '213090088098', '2019-10-18 00:00:00', NULL, 'M', 8478.11, '2019-10-18 00:00:00', NULL, 'ARFLORES', NULL, NULL, 1, 1, 1, 87, 8, 95, 1, 5, 4, NULL, NULL, '99949494', NULL, 'rrhh@infaa.hn', NULL),
	(104, '120', 'UMANZOR', 'GUILLEN', 'KAREN ROSIBETH', '213550013789', '2019-10-18 00:00:00', NULL, 'M', 8478.11, '2019-10-18 00:00:00', NULL, 'ARFLORES', NULL, NULL, 1, 1, 1, 87, 8, 95, 1, 5, 4, NULL, NULL, '99949494', NULL, 'rrhh@infaa.hn', NULL),
	(105, '121', 'OCHOA', 'VALLADARES', 'KATHERYNE PAOLA', '213090092184', '2019-10-18 00:00:00', NULL, 'M', 8478.11, '2019-10-18 00:00:00', NULL, 'ARFLORES', NULL, NULL, 1, 1, 1, 87, 8, 95, 1, 5, 4, NULL, NULL, '99949494', NULL, 'rrhh@infaa.hn', NULL),
	(106, '122', 'BENITEZ', 'MONCADA', 'MERCY JASMINE', '213090092176', '2019-10-18 00:00:00', NULL, 'M', 8478.11, '2019-10-18 00:00:00', NULL, 'ARFLORES', NULL, NULL, 1, 1, 1, 87, 8, 95, 1, 5, 4, NULL, NULL, '99949494', NULL, 'rrhh@infaa.hn', NULL),
	(107, '123', 'MARTINEZ', 'FLORES', 'WILIANS ALDAIR', '213270033232', '2019-10-18 00:00:00', NULL, 'M', 8478.11, '2019-10-18 00:00:00', NULL, 'ARFLORES', NULL, NULL, 1, 1, 1, 87, 8, 95, 1, 5, 4, NULL, NULL, '99949494', NULL, 'rrhh@infaa.hn', NULL),
	(108, '124', 'SALGADO', 'TURCIOS', 'JENNY YAXELI', '213180030390', '2019-10-18 00:00:00', NULL, 'M', 8478.11, '2019-10-18 00:00:00', NULL, 'ARFLORES', NULL, NULL, 1, 1, 1, 87, 8, 95, 1, 5, 4, NULL, NULL, '99949494', NULL, 'rrhh@infaa.hn', NULL),
	(109, '125', 'GODOY', 'BETANCOURTH', 'ANGEL JOSUE', '213020105589', '2019-10-18 00:00:00', NULL, 'M', 8478.11, '2019-10-18 00:00:00', NULL, 'ARFLORES', NULL, NULL, 1, 1, 1, 87, 8, 95, 1, 5, 4, NULL, NULL, '99949494', NULL, 'rrhh@infaa.hn', NULL),
	(110, '126', 'RIOS', 'ALVAREZ', 'ROSBIN EMILIO', '213260075994', '2019-10-18 00:00:00', NULL, 'M', 8478.11, '2019-10-18 00:00:00', NULL, 'ARFLORES', NULL, NULL, 1, 1, 1, 87, 8, 95, 1, 5, 4, NULL, NULL, '99949494', NULL, 'rrhh@infaa.hn', NULL),
	(111, '127', 'BLANDIN', 'MARTINEZ', 'ASHLI ELIANI', '213060104052', '2019-10-18 00:00:00', NULL, 'M', 8478.11, '2019-10-18 00:00:00', NULL, 'ARFLORES', NULL, NULL, 1, 1, 1, 87, 8, 95, 1, 5, 4, NULL, NULL, '99949494', NULL, 'rrhh@infaa.hn', NULL),
	(112, '128', 'LOPEZ', 'PONCE', 'BRAYAN JOSEHP', '213220023870', '2019-10-18 00:00:00', NULL, 'M', 8478.11, '2019-10-18 00:00:00', NULL, 'ARFLORES', NULL, NULL, 1, 1, 1, 87, 8, 95, 1, 5, 4, NULL, NULL, '99949494', NULL, 'rrhh@infaa.hn', NULL),
	(113, '129', 'HERNANDEZ', 'VALLADARES', 'ZULEMA YAMILETH', '213010140179', '2019-10-18 00:00:00', NULL, 'M', 8478.11, '2019-10-18 00:00:00', NULL, 'ARFLORES', NULL, NULL, 1, 1, 1, 87, 8, 95, 1, 5, 4, NULL, NULL, '99949494', NULL, 'rrhh@infaa.hn', NULL),
	(114, '130', 'CRUZ ', 'JIMENEZ', 'HENRY DAVID', '213090071063', '2019-10-18 00:00:00', NULL, 'M', 7278.11, '2019-10-18 00:00:00', NULL, 'ARFLORES', NULL, NULL, 1, 1, 1, 87, 8, 95, 1, 5, 4, NULL, NULL, '99949494', NULL, 'rrhh@infaa.hn', NULL),
	(115, '131', 'ACOSTA', 'VALLADARES', 'KARLA XIOMARA', '213180061377', '2019-10-18 00:00:00', NULL, 'M', 7828.11, '2019-10-18 00:00:00', NULL, 'ARFLORES', NULL, NULL, 1, 1, 1, 87, 8, 95, 1, 5, 4, NULL, NULL, '99949494', NULL, 'rrhh@infaa.hn', NULL),
	(116, '132', 'MARTINEZ', 'RECONCO', 'DERLIN SAUL', '213260079329', '2019-10-18 00:00:00', NULL, 'M', 8478.11, '2019-10-18 00:00:00', NULL, 'ARFLORES', NULL, NULL, 1, 1, 1, 87, 8, 95, 1, 5, 4, NULL, NULL, '99949494', NULL, 'rrhh@infaa.hn', NULL),
	(117, '133', 'BERRIOS ', 'TURCIOS', 'MARIO DEIBI ', '213220007343', '2019-10-18 00:00:00', NULL, 'M', 8478.11, '2019-10-18 00:00:00', NULL, 'ARFLORES', NULL, NULL, 1, 1, 1, 87, 8, 95, 1, 5, 4, NULL, NULL, '99949494', NULL, 'rrhh@infaa.hn', NULL),
	(118, '134', 'GARCIA ', 'MACOTO', 'ADELVI NOEL', '219030002579', '2019-10-18 00:00:00', NULL, 'M', 8478.11, '2019-10-18 00:00:00', NULL, 'ARFLORES', NULL, NULL, 1, 1, 1, 87, 8, 95, 1, 5, 4, NULL, NULL, '99949494', NULL, 'rrhh@infaa.hn', NULL),
	(119, '135', 'VASQUEZ', 'BARAHONA', 'DORIS ELIZABEH', '213090097585', '2019-10-18 00:00:00', NULL, 'M', 8478.11, '2019-10-18 00:00:00', NULL, 'ARFLORES', NULL, NULL, 1, 1, 1, 87, 8, 95, 1, 5, 4, NULL, NULL, '99949494', NULL, 'rrhh@infaa.hn', NULL),
	(120, '136', 'TORRES ', 'MOLINA', 'MARVIN ENRIQUE ', '213180019273', '2019-10-18 00:00:00', NULL, 'M', 16524.96, '2019-10-18 00:00:00', NULL, 'ARFLORES', NULL, NULL, 1, 1, 1, 87, 8, 95, 1, 5, 4, NULL, NULL, '99949494', NULL, 'rrhh@infaa.hn', NULL),
	(121, '137', 'OVIEDO', '', 'WILMER ALEXANDER ', '213120048307', '2019-10-18 00:00:00', NULL, 'M', 8478.11, '2019-10-18 00:00:00', NULL, 'ARFLORES', NULL, NULL, 1, 1, 1, 87, 8, 95, 1, 5, 4, NULL, NULL, '99949494', NULL, 'rrhh@infaa.hn', NULL),
	(122, '138', 'FLORES', 'LOBO', 'CRISTIAN ALEXIS', '213180068428', '2019-10-18 00:00:00', NULL, 'M', 8478.11, '2019-10-18 00:00:00', NULL, 'ARFLORES', NULL, NULL, 1, 1, 1, 87, 8, 95, 1, 5, 4, NULL, NULL, '99949494', NULL, 'rrhh@infaa.hn', NULL),
	(123, '139', 'REYES ', 'CORTES', 'KEVIN GABRIEL', '213090051208', '2019-10-18 00:00:00', NULL, 'M', 8478.11, '2019-10-18 00:00:00', NULL, 'ARFLORES', NULL, NULL, 1, 1, 1, 87, 8, 95, 1, 5, 4, NULL, NULL, '99949494', NULL, 'rrhh@infaa.hn', NULL),
	(124, '140', 'ORDOÑEZ', '', 'BRENDA AZUCENA ', '213180072140', '2019-10-18 00:00:00', NULL, 'M', 8478.11, '2019-10-18 00:00:00', NULL, 'ARFLORES', NULL, NULL, 1, 1, 1, 87, 8, 95, 1, 5, 4, NULL, NULL, '99949494', NULL, 'rrhh@infaa.hn', NULL),
	(125, '141', 'AGUILERA ', 'ARAUZ', 'CINTHIA MARBELI ', '213270006154', '2019-10-18 00:00:00', NULL, 'M', 8478.11, '2019-10-18 00:00:00', NULL, 'ARFLORES', NULL, NULL, 1, 1, 1, 87, 8, 95, 1, 5, 4, NULL, NULL, '99949494', NULL, 'rrhh@infaa.hn', NULL),
	(126, '142', 'VARELA ', 'MARTINEZ', 'EDWIN ANTONIO', '213270056690', '2019-10-18 00:00:00', NULL, 'M', 8478.11, '2019-10-18 00:00:00', NULL, 'ARFLORES', NULL, NULL, 1, 1, 1, 87, 8, 95, 1, 5, 4, NULL, NULL, '99949494', NULL, 'rrhh@infaa.hn', NULL),
	(127, '143', 'GOMEZ ', 'CRUZ', 'ERLIN DANIEL', '213180071283', '2019-10-18 00:00:00', NULL, 'M', 8478.11, '2019-10-18 00:00:00', NULL, 'ARFLORES', NULL, NULL, 1, 1, 1, 87, 8, 95, 1, 5, 4, NULL, NULL, '99949494', NULL, 'rrhh@infaa.hn', NULL),
	(128, '144', 'SIERRA', 'ROMERO', 'ZULEMA YAMILETH', '213270055490', '2019-10-18 00:00:00', NULL, 'M', 8478.11, '2019-10-18 00:00:00', NULL, 'ARFLORES', NULL, NULL, 1, 1, 1, 87, 8, 95, 1, 5, 4, NULL, NULL, '99949494', NULL, 'rrhh@infaa.hn', NULL),
	(129, '145', 'BUSTILLO', 'RODRIGUEZ', 'RENE JAVIER', '213180053374', '2019-10-18 00:00:00', NULL, 'M', 8668.00, '2019-10-18 00:00:00', NULL, 'ARFLORES', NULL, NULL, 1, 1, 1, 87, 8, 95, 1, 5, 4, NULL, NULL, '99949494', NULL, 'rrhh@infaa.hn', NULL),
	(130, '146', 'GOMEZ ', 'HERNANDEZ', 'RITZA GEORGINA', '213110048460', '2019-10-18 00:00:00', NULL, 'M', 8478.11, '2019-10-18 00:00:00', NULL, 'ARFLORES', NULL, NULL, 1, 1, 1, 87, 8, 95, 1, 5, 4, NULL, NULL, '99949494', NULL, 'rrhh@infaa.hn', NULL),
	(131, '147', 'MENDEZ', 'MONTES', 'ALBA ANTONIA', '213180025435', '2019-10-18 00:00:00', NULL, 'M', 8478.11, '2019-10-18 00:00:00', NULL, 'ARFLORES', NULL, NULL, 1, 1, 1, 87, 8, 95, 1, 5, 4, NULL, NULL, '99949494', NULL, 'rrhh@infaa.hn', NULL),
	(132, '148', 'MARTINEZ', 'AVILA', 'ERICKA YAMILETH', '213270038501', '2019-10-18 00:00:00', NULL, 'M', 8478.11, '2019-10-18 00:00:00', NULL, 'ARFLORES', NULL, NULL, 1, 1, 1, 87, 8, 95, 1, 5, 4, NULL, NULL, '99949494', NULL, 'rrhh@infaa.hn', NULL),
	(133, '149', 'PONCE', 'MALDONADO', 'KELIN IVETH', '213060083160', '2019-10-18 00:00:00', NULL, 'M', 8478.11, '2019-10-18 00:00:00', NULL, 'ARFLORES', NULL, NULL, 1, 1, 1, 87, 8, 95, 1, 5, 4, NULL, NULL, '99949494', NULL, 'rrhh@infaa.hn', NULL),
	(134, '150', 'VARELA ', 'GOMEZ', 'SEYDI YAURI ', '213270062151', '2019-10-18 00:00:00', NULL, 'M', 8478.11, '2019-10-18 00:00:00', NULL, 'ARFLORES', NULL, NULL, 1, 1, 1, 87, 8, 95, 1, 5, 4, NULL, NULL, '99949494', NULL, 'rrhh@infaa.hn', NULL),
	(135, '151', 'MALDONADO', 'FERRARI', 'LUIS DANIEL', '213120042732', '2019-10-18 00:00:00', NULL, 'M', 8120.11, '2019-10-18 00:00:00', NULL, 'ARFLORES', NULL, NULL, 1, 1, 1, 87, 8, 95, 1, 5, 4, NULL, NULL, '99949494', NULL, 'rrhh@infaa.hn', NULL),
	(136, '152', 'MORENO', 'PEREZ', 'ROSA MARGARITA', '213180079527', '2019-10-18 00:00:00', NULL, 'M', 8478.11, '2019-10-18 00:00:00', NULL, 'ARFLORES', NULL, NULL, 1, 1, 1, 87, 8, 95, 1, 5, 4, NULL, NULL, '99949494', NULL, 'rrhh@infaa.hn', NULL),
	(137, '153', 'CAMACHO', 'AGUILAR', 'ROGER ANTONIO', '213010153220', '2019-10-18 00:00:00', NULL, 'M', 8478.11, '2019-10-18 00:00:00', NULL, 'ARFLORES', NULL, NULL, 1, 1, 1, 87, 8, 95, 1, 5, 4, NULL, NULL, '99949494', NULL, 'rrhh@infaa.hn', NULL);
/*!40000 ALTER TABLE `emp_mae` ENABLE KEYS */;

-- Volcando estructura para tabla planilla.emp_movimiento
DROP TABLE IF EXISTS `emp_movimiento`;
CREATE TABLE IF NOT EXISTS `emp_movimiento` (
  `id` int(11) NOT NULL AUTO_INCREMENT,
  `id_emp` int(11) NOT NULL DEFAULT '0',
  `id_mov` int(11) NOT NULL DEFAULT '0',
  `importe` double NOT NULL DEFAULT '0',
  `sn_activo` bit(1) NOT NULL DEFAULT b'0',
  `sn_acumula` bit(1) NOT NULL DEFAULT b'0',
  PRIMARY KEY (`id`),
  KEY `FKe7ygein3vpc5x6sur0457viyb` (`id_emp`),
  KEY `FKc4v90a60xxey30v5hm2mxt47r` (`id_mov`),
  CONSTRAINT `FKc4v90a60xxey30v5hm2mxt47r` FOREIGN KEY (`id_mov`) REFERENCES `ttipo_movimiento` (`id`),
  CONSTRAINT `FKe7ygein3vpc5x6sur0457viyb` FOREIGN KEY (`id_emp`) REFERENCES `emp_mae` (`id`),
  CONSTRAINT `fk_templeados` FOREIGN KEY (`id_emp`) REFERENCES `emp_mae` (`id`) ON DELETE NO ACTION ON UPDATE NO ACTION,
  CONSTRAINT `fk_tipo_movimientos` FOREIGN KEY (`id_mov`) REFERENCES `ttipo_movimiento` (`id`) ON DELETE NO ACTION ON UPDATE NO ACTION
) ENGINE=InnoDB AUTO_INCREMENT=168 DEFAULT CHARSET=latin1;

-- Volcando datos para la tabla planilla.emp_movimiento: ~150 rows (aproximadamente)
DELETE FROM `emp_movimiento`;
/*!40000 ALTER TABLE `emp_movimiento` DISABLE KEYS */;
INSERT INTO `emp_movimiento` (`id`, `id_emp`, `id_mov`, `importe`, `sn_activo`, `sn_acumula`) VALUES
	(15, 1, 1, 300, b'0', b'0'),
	(16, 1, 2, 50, b'1', b'1'),
	(17, 1, 3, 100, b'1', b'1'),
	(18, 2, 1, 200, b'1', b'1'),
	(19, 2, 2, 400, b'1', b'1'),
	(23, 2, 3, 200, b'1', b'1'),
	(24, 2, 7, 200, b'1', b'1'),
	(25, 2, 12, 50, b'1', b'1'),
	(26, 2, 10, 70, b'1', b'1'),
	(27, 2, 16, 100, b'1', b'1'),
	(28, 2, 17, 50, b'1', b'1'),
	(29, 2, 18, 100, b'1', b'1'),
	(30, 8, 1, 400, b'1', b'1'),
	(31, 8, 2, 600, b'1', b'1'),
	(32, 8, 3, 700, b'1', b'1'),
	(33, 5, 1, 300, b'1', b'1'),
	(34, 5, 2, 200, b'1', b'1'),
	(35, 6, 1, 100, b'1', b'1'),
	(36, 6, 3, 200, b'1', b'1'),
	(37, 5, 7, 100, b'1', b'1'),
	(38, 6, 7, 300, b'1', b'1'),
	(39, 9, 1, 0, b'1', b'1'),
	(40, 10, 1, 0, b'1', b'1'),
	(41, 11, 1, 0, b'1', b'1'),
	(42, 12, 1, 0, b'1', b'1'),
	(43, 13, 1, 0, b'1', b'1'),
	(44, 14, 1, 0, b'1', b'1'),
	(45, 15, 1, 0, b'1', b'1'),
	(46, 16, 1, 0, b'1', b'1'),
	(47, 17, 1, 0, b'1', b'1'),
	(48, 18, 1, 0, b'1', b'1'),
	(49, 19, 1, 0, b'1', b'1'),
	(50, 20, 1, 0, b'1', b'1'),
	(51, 21, 1, 0, b'1', b'1'),
	(52, 22, 1, 0, b'1', b'1'),
	(53, 23, 1, 0, b'1', b'1'),
	(54, 24, 1, 0, b'1', b'1'),
	(55, 25, 1, 0, b'1', b'1'),
	(56, 26, 1, 0, b'1', b'1'),
	(57, 27, 1, 0, b'1', b'1'),
	(58, 28, 1, 0, b'1', b'1'),
	(59, 29, 1, 0, b'1', b'1'),
	(60, 30, 1, 0, b'1', b'1'),
	(61, 31, 1, 0, b'1', b'1'),
	(62, 32, 1, 0, b'1', b'1'),
	(63, 33, 1, 0, b'1', b'1'),
	(64, 34, 1, 0, b'1', b'1'),
	(65, 35, 1, 0, b'1', b'1'),
	(66, 36, 1, 0, b'1', b'1'),
	(67, 37, 1, 0, b'1', b'1'),
	(68, 38, 1, 0, b'1', b'1'),
	(69, 39, 1, 0, b'1', b'1'),
	(70, 40, 1, 0, b'1', b'1'),
	(71, 41, 1, 0, b'1', b'1'),
	(72, 42, 1, 0, b'1', b'1'),
	(73, 43, 1, 0, b'1', b'1'),
	(74, 44, 1, 0, b'1', b'1'),
	(75, 45, 1, 0, b'1', b'1'),
	(76, 46, 1, 0, b'1', b'1'),
	(77, 47, 1, 0, b'1', b'1'),
	(78, 48, 1, 0, b'1', b'1'),
	(79, 49, 1, 0, b'1', b'1'),
	(80, 50, 1, 0, b'1', b'1'),
	(81, 51, 1, 0, b'1', b'1'),
	(82, 52, 1, 0, b'1', b'1'),
	(83, 53, 1, 0, b'1', b'1'),
	(84, 54, 1, 0, b'1', b'1'),
	(85, 55, 1, 0, b'1', b'1'),
	(86, 56, 1, 0, b'1', b'1'),
	(87, 57, 1, 0, b'1', b'1'),
	(88, 58, 1, 0, b'1', b'1'),
	(89, 59, 1, 0, b'1', b'1'),
	(90, 60, 1, 0, b'1', b'1'),
	(91, 61, 1, 0, b'1', b'1'),
	(92, 62, 1, 0, b'1', b'1'),
	(93, 63, 1, 0, b'1', b'1'),
	(94, 64, 1, 0, b'1', b'1'),
	(95, 65, 1, 0, b'1', b'1'),
	(96, 66, 1, 0, b'1', b'1'),
	(97, 67, 1, 0, b'1', b'1'),
	(98, 68, 1, 0, b'1', b'1'),
	(99, 69, 1, 0, b'1', b'1'),
	(100, 70, 1, 0, b'1', b'1'),
	(101, 71, 1, 0, b'1', b'1'),
	(102, 72, 1, 0, b'1', b'1'),
	(103, 73, 1, 0, b'1', b'1'),
	(104, 74, 1, 0, b'1', b'1'),
	(105, 75, 1, 0, b'1', b'1'),
	(106, 76, 1, 0, b'1', b'1'),
	(107, 77, 1, 0, b'1', b'1'),
	(108, 78, 1, 0, b'1', b'1'),
	(109, 79, 1, 0, b'1', b'1'),
	(110, 80, 1, 0, b'1', b'1'),
	(111, 81, 1, 0, b'1', b'1'),
	(112, 82, 1, 0, b'1', b'1'),
	(113, 83, 1, 0, b'1', b'1'),
	(114, 84, 1, 0, b'1', b'1'),
	(115, 85, 1, 0, b'1', b'1'),
	(116, 86, 1, 0, b'1', b'1'),
	(117, 87, 1, 0, b'1', b'1'),
	(118, 88, 1, 0, b'1', b'1'),
	(119, 89, 1, 0, b'1', b'1'),
	(120, 90, 1, 0, b'1', b'1'),
	(121, 91, 1, 0, b'1', b'1'),
	(122, 92, 1, 0, b'1', b'1'),
	(123, 93, 1, 0, b'1', b'1'),
	(124, 94, 1, 0, b'1', b'1'),
	(125, 95, 1, 0, b'1', b'1'),
	(126, 96, 1, 0, b'1', b'1'),
	(127, 97, 1, 0, b'1', b'1'),
	(128, 98, 1, 0, b'1', b'1'),
	(129, 99, 1, 0, b'1', b'1'),
	(130, 100, 1, 0, b'1', b'1'),
	(131, 101, 1, 0, b'1', b'1'),
	(132, 102, 1, 0, b'1', b'1'),
	(133, 103, 1, 0, b'1', b'1'),
	(134, 104, 1, 0, b'1', b'1'),
	(135, 105, 1, 0, b'1', b'1'),
	(136, 106, 1, 0, b'1', b'1'),
	(137, 107, 1, 0, b'1', b'1'),
	(138, 108, 1, 0, b'1', b'1'),
	(139, 109, 1, 0, b'1', b'1'),
	(140, 110, 1, 0, b'1', b'1'),
	(141, 111, 1, 0, b'1', b'1'),
	(142, 112, 1, 0, b'1', b'1'),
	(143, 113, 1, 0, b'1', b'1'),
	(144, 114, 1, 0, b'1', b'1'),
	(145, 115, 1, 0, b'1', b'1'),
	(146, 116, 1, 0, b'1', b'1'),
	(147, 117, 1, 0, b'1', b'1'),
	(148, 118, 1, 0, b'1', b'1'),
	(149, 119, 1, 0, b'1', b'1'),
	(150, 120, 1, 0, b'1', b'1'),
	(151, 121, 1, 0, b'1', b'1'),
	(152, 122, 1, 0, b'1', b'1'),
	(153, 123, 1, 0, b'1', b'1'),
	(154, 124, 1, 0, b'1', b'1'),
	(155, 125, 1, 0, b'1', b'1'),
	(156, 126, 1, 0, b'1', b'1'),
	(157, 127, 1, 0, b'1', b'1'),
	(158, 128, 1, 0, b'1', b'1'),
	(159, 129, 1, 0, b'1', b'1'),
	(160, 130, 1, 0, b'1', b'1'),
	(161, 131, 1, 0, b'1', b'1'),
	(162, 132, 1, 0, b'1', b'1'),
	(163, 133, 1, 0, b'1', b'1'),
	(164, 134, 1, 0, b'1', b'1'),
	(165, 135, 1, 0, b'1', b'1'),
	(166, 136, 1, 0, b'1', b'1'),
	(167, 137, 1, 0, b'1', b'1');
/*!40000 ALTER TABLE `emp_movimiento` ENABLE KEYS */;



-- Volcando estructura para tabla planilla.plan_mae_wkf
DROP TABLE IF EXISTS `plan_mae_wkf`;
CREATE TABLE IF NOT EXISTS `plan_mae_wkf` (
  `id_plan` int(11) NOT NULL AUTO_INCREMENT,
  `nro_planilla` int(11) NOT NULL,
  `nro_periodo` int(11) NOT NULL,
  `anio_periodo` int(11) NOT NULL,
  `creada_por` varchar(20) NOT NULL,
  `fec_creacion` datetime NOT NULL,
  `sn_revisada` enum('S','N') NOT NULL DEFAULT 'N',
  `fec_revisa` datetime DEFAULT NULL,
  `revisada_por` varchar(20) DEFAULT NULL,
  `sn_autorizada` enum('S','N') NOT NULL DEFAULT 'N',
  `fec_autorizada` datetime DEFAULT NULL,
  `autorizada_por` varchar(20) DEFAULT NULL,
  `id_cta_bco` int(11) NOT NULL,
  `id_moneda` int(11) NOT NULL,
  `factor_cambio` decimal(12,6) DEFAULT '1.000000',
  `nro_lineas` int(11) NOT NULL DEFAULT '0',
  `nro_cheque` varchar(20) DEFAULT '""',
  `imp_cheque` decimal(18,2) NOT NULL DEFAULT '0.00',
  `imp_cheque_eq` decimal(18,2) NOT NULL DEFAULT '0.00',
  `sn_enviada` enum('S','N') NOT NULL DEFAULT 'N',
  `fec_enviada` datetime DEFAULT NULL,
  `enviada_por` varchar(20) DEFAULT NULL,
  `sn_contabilizada` enum('S','N') NOT NULL DEFAULT 'N',
  `fec_contabilizacion` datetime DEFAULT NULL,
  `contabilizada_por` varchar(20) DEFAULT NULL,
  `fec_anulacion` datetime DEFAULT NULL,
  `anulada_por` varchar(20) DEFAULT NULL,
  PRIMARY KEY (`id_plan`),
  KEY `FKdonnes5f59ag0m069ruuosm9k` (`id_cta_bco`),
  KEY `FKr4o3ep5b74fk2x1xnuos65tr4` (`id_moneda`),
  CONSTRAINT `FKdonnes5f59ag0m069ruuosm9k` FOREIGN KEY (`id_cta_bco`) REFERENCES `tbanco_ctas` (`id`),
  CONSTRAINT `FKr4o3ep5b74fk2x1xnuos65tr4` FOREIGN KEY (`id_moneda`) REFERENCES `tmoneda` (`id`),
  CONSTRAINT `fk_cta_bco` FOREIGN KEY (`id_cta_bco`) REFERENCES `tbanco_ctas` (`id`),
  CONSTRAINT `fk_plan_mae_moneda` FOREIGN KEY (`id_moneda`) REFERENCES `tmoneda` (`id`)
) ENGINE=InnoDB AUTO_INCREMENT=31 DEFAULT CHARSET=latin1;

-- Volcando datos para la tabla planilla.plan_mae_wkf: ~29 rows (aproximadamente)
DELETE FROM `plan_mae_wkf`;
/*!40000 ALTER TABLE `plan_mae_wkf` DISABLE KEYS */;
INSERT INTO `plan_mae_wkf` (`id_plan`, `nro_planilla`, `nro_periodo`, `anio_periodo`, `creada_por`, `fec_creacion`, `sn_revisada`, `fec_revisa`, `revisada_por`, `sn_autorizada`, `fec_autorizada`, `autorizada_por`, `id_cta_bco`, `id_moneda`, `factor_cambio`, `nro_lineas`, `nro_cheque`, `imp_cheque`, `imp_cheque_eq`, `sn_enviada`, `fec_enviada`, `enviada_por`, `sn_contabilizada`, `fec_contabilizacion`, `contabilizada_por`, `fec_anulacion`, `anulada_por`) VALUES
	(1, 20, 9, 2019, 'arflores', '2019-09-20 00:00:00', 'N', NULL, NULL, 'N', NULL, NULL, 1, 1, 1.000000, 5, NULL, 8421280.00, 8421280.00, 'N', NULL, NULL, 'N', NULL, NULL, NULL, NULL),
	(2, 21, 9, 2019, 'arflores', '2019-09-20 00:00:00', 'N', NULL, NULL, 'N', NULL, NULL, 1, 1, 1.000000, 5, NULL, 8421280.00, 8421280.00, 'N', NULL, NULL, 'N', NULL, NULL, NULL, NULL),
	(3, 22, 9, 2019, 'arflores', '2019-09-20 00:00:00', 'N', NULL, NULL, 'N', NULL, NULL, 1, 1, 1.000000, 5, NULL, 8421280.00, 8421280.00, 'N', NULL, NULL, 'N', NULL, NULL, NULL, NULL),
	(4, 23, 9, 2019, 'arflores', '2019-09-20 00:00:00', 'N', NULL, NULL, 'N', NULL, NULL, 1, 1, 1.000000, 5, NULL, 8421280.00, 8421280.00, 'N', NULL, NULL, 'N', NULL, NULL, NULL, NULL),
	(5, 24, 9, 2019, 'arflores', '2019-09-20 00:00:00', 'N', NULL, NULL, 'N', NULL, NULL, 1, 1, 1.000000, 5, NULL, 8421280.00, 8421280.00, 'N', NULL, NULL, 'N', NULL, NULL, NULL, NULL),
	(6, 25, 9, 2019, 'arflores', '2019-09-20 00:00:00', 'N', NULL, NULL, 'N', NULL, NULL, 1, 1, 1.000000, 2, NULL, 2530.00, 2530.00, 'N', NULL, NULL, 'N', NULL, NULL, NULL, NULL),
	(8, 32, 9, 2019, 'arflores', '2019-09-20 00:00:00', 'N', NULL, NULL, 'N', NULL, NULL, 1, 1, 1.000000, 5, NULL, 8421280.00, 8421280.00, 'N', NULL, NULL, 'N', NULL, NULL, NULL, NULL),
	(9, 33, 9, 2019, 'arflores', '2019-09-20 00:00:00', 'N', NULL, NULL, 'N', NULL, NULL, 1, 1, 1.000000, 5, NULL, 8421280.00, 8421280.00, 'N', NULL, NULL, 'N', NULL, NULL, NULL, NULL),
	(10, 34, 9, 2019, 'arflores', '2019-09-20 00:00:00', 'N', NULL, NULL, 'N', NULL, NULL, 1, 1, 1.000000, 3, NULL, 421930.00, 421930.00, 'N', NULL, NULL, 'N', NULL, NULL, NULL, NULL),
	(11, 35, 9, 2019, 'arflores', '2019-09-25 00:00:00', 'N', NULL, NULL, 'N', NULL, NULL, 1, 1, 1.000000, 5, NULL, 8421280.00, 8421280.00, 'N', NULL, NULL, 'N', NULL, NULL, NULL, NULL),
	(12, 36, 9, 2019, 'arflores', '2019-09-25 00:00:00', 'N', NULL, NULL, 'N', NULL, NULL, 1, 1, 1.000000, 5, NULL, 8421280.00, 8421280.00, 'N', NULL, NULL, 'N', NULL, NULL, NULL, NULL),
	(13, 37, 9, 2019, 'arflores', '2019-09-25 00:00:00', 'N', NULL, NULL, 'N', NULL, NULL, 1, 1, 1.000000, 5, NULL, 8421280.00, 8421280.00, 'N', NULL, NULL, 'N', NULL, NULL, NULL, NULL),
	(14, 38, 9, 2019, 'arflores', '2019-10-09 00:00:00', 'N', NULL, NULL, 'N', NULL, NULL, 1, 1, 1.000000, 3, NULL, 8418750.00, 8418750.00, 'N', NULL, NULL, 'N', NULL, NULL, NULL, NULL),
	(15, 39, 9, 2019, 'arflores', '2019-10-10 00:00:00', 'N', NULL, NULL, 'N', NULL, NULL, 1, 1, 1.000000, 5, NULL, 8421280.00, 8421280.00, 'N', NULL, NULL, 'N', NULL, NULL, NULL, NULL),
	(16, 41, 9, 2019, 'arflores', '2019-10-10 00:00:00', 'N', NULL, NULL, 'N', NULL, NULL, 1, 2, 1.000000, 5, NULL, 8421280.00, 8421280.00, 'N', NULL, NULL, 'N', NULL, NULL, NULL, NULL),
	(17, 42, 9, 2019, 'arflores', '2019-10-10 00:00:00', 'N', NULL, NULL, 'N', NULL, NULL, 1, 1, 1.000000, 5, NULL, 8421280.00, 8421280.00, 'N', NULL, NULL, 'N', NULL, NULL, NULL, NULL),
	(18, 43, 9, 2019, 'arflores', '2019-10-10 00:00:00', 'N', NULL, NULL, 'N', NULL, NULL, 1, 1, 1.000000, 5, NULL, 8421280.00, 8421280.00, 'N', NULL, NULL, 'N', NULL, NULL, NULL, NULL),
	(19, 44, 9, 2019, 'arflores', '2019-10-10 00:00:00', 'N', NULL, NULL, 'N', NULL, NULL, 1, 1, 1.000000, 5, NULL, 8421280.00, 8421280.00, 'N', NULL, NULL, 'N', NULL, NULL, NULL, NULL),
	(20, 45, 9, 2019, 'arflores', '2019-10-10 00:00:00', 'N', NULL, NULL, 'N', NULL, NULL, 1, 1, 1.000000, 5, NULL, 8421280.00, 8421280.00, 'N', NULL, NULL, 'N', NULL, NULL, NULL, NULL),
	(21, 46, 9, 2019, 'arflores', '2019-10-10 00:00:00', 'N', NULL, NULL, 'N', NULL, NULL, 1, 1, 1.000000, 5, NULL, 8421280.00, 8421280.00, 'N', NULL, NULL, 'N', NULL, NULL, NULL, NULL),
	(22, 47, 9, 2019, 'arflores', '2019-10-10 00:00:00', 'N', NULL, NULL, 'N', NULL, NULL, 1, 1, 1.000000, 5, NULL, 8421280.00, 8421280.00, 'N', NULL, NULL, 'N', NULL, NULL, NULL, NULL),
	(23, 48, 9, 2019, 'arflores', '2019-10-10 00:00:00', 'N', NULL, NULL, 'N', NULL, NULL, 1, 1, 1.000000, 5, NULL, 8421280.00, 8421280.00, 'N', NULL, NULL, 'N', NULL, NULL, NULL, NULL),
	(24, 49, 9, 2019, 'arflores', '2019-10-10 00:00:00', 'N', NULL, NULL, 'N', NULL, NULL, 1, 1, 1.000000, 4, NULL, 8001880.00, 8001880.00, 'N', NULL, NULL, 'N', NULL, NULL, NULL, NULL),
	(25, 50, 9, 2019, 'arflores', '2019-10-10 00:00:00', 'N', NULL, NULL, 'N', NULL, NULL, 1, 2, 1.000000, 5, NULL, 8421280.00, 8421280.00, 'N', NULL, NULL, 'N', NULL, NULL, NULL, NULL),
	(26, 51, 9, 2019, 'arflores', '2019-10-10 00:00:00', 'N', NULL, NULL, 'N', NULL, NULL, 1, 1, 1.000000, 5, NULL, 8421280.00, 8421280.00, 'N', NULL, NULL, 'N', NULL, NULL, NULL, NULL),
	(27, 53, 9, 2019, 'arflores', '2019-10-10 00:00:00', 'N', NULL, NULL, 'N', NULL, NULL, 1, 1, 1.000000, 5, NULL, 8421280.00, 8421280.00, 'N', NULL, NULL, 'N', NULL, NULL, NULL, NULL),
	(28, 54, 9, 2019, 'arflores', '2019-10-10 00:00:00', 'N', NULL, NULL, 'N', NULL, NULL, 1, 1, 1.000000, 5, NULL, 8421280.00, 8421280.00, 'N', NULL, NULL, 'N', NULL, NULL, NULL, NULL),
	(29, 55, 9, 2019, 'arflores', '2019-10-10 00:00:00', 'N', NULL, NULL, 'N', NULL, NULL, 1, 1, 1.000000, 5, NULL, 8421280.00, 8421280.00, 'N', NULL, NULL, 'N', NULL, NULL, NULL, NULL),
	(30, 57, 9, 2019, 'arflores', '2019-10-18 00:00:00', 'N', NULL, NULL, 'N', NULL, NULL, 1, 1, 1.000000, 134, NULL, 9533934.98, 9533934.98, 'N', NULL, NULL, 'N', NULL, NULL, NULL, NULL);
/*!40000 ALTER TABLE `plan_mae_wkf` ENABLE KEYS */;

-- Volcando estructura para tabla planilla.plan_res_wkf
DROP TABLE IF EXISTS `plan_res_wkf`;
CREATE TABLE IF NOT EXISTS `plan_res_wkf` (
  `id` int(11) NOT NULL AUTO_INCREMENT,
  `periodo` int(11) NOT NULL DEFAULT '0',
  `anio` int(11) NOT NULL DEFAULT '0',
  `id_planilla` int(11) NOT NULL,
  `nro_planilla` int(11) NOT NULL DEFAULT '0',
  `id_empleado` int(11) NOT NULL DEFAULT '0',
  `nro_cta_bco` varchar(20) NOT NULL DEFAULT '',
  `impSueldoBruto` decimal(18,2) NOT NULL,
  `impDebitos` decimal(18,2) NOT NULL,
  `impCreditos` decimal(18,2) NOT NULL,
  `impPagoNeto` decimal(18,2) NOT NULL,
  `sn_autorizado` enum('S','N') NOT NULL DEFAULT 'N',
  PRIMARY KEY (`id`),
  KEY `FKi0x9nwcvr4cy0sfyigf3sxv7i` (`id_empleado`),
  KEY `FK1lqtmmjkadl4gf3bw9556yi7a` (`id_planilla`),
  CONSTRAINT `FK1lqtmmjkadl4gf3bw9556yi7a` FOREIGN KEY (`id_planilla`) REFERENCES `plan_mae_wkf` (`id_plan`),
  CONSTRAINT `FKi0x9nwcvr4cy0sfyigf3sxv7i` FOREIGN KEY (`id_empleado`) REFERENCES `emp_mae` (`id`),
  CONSTRAINT `fk_plan_res_id_empleado` FOREIGN KEY (`id_empleado`) REFERENCES `emp_mae` (`id`),
  CONSTRAINT `fk_plan_res_id_planilla` FOREIGN KEY (`id_planilla`) REFERENCES `plan_mae_wkf` (`id_plan`)
) ENGINE=InnoDB AUTO_INCREMENT=235 DEFAULT CHARSET=latin1;

-- Volcando datos para la tabla planilla.plan_res_wkf: ~234 rows (aproximadamente)
DELETE FROM `plan_res_wkf`;
/*!40000 ALTER TABLE `plan_res_wkf` DISABLE KEYS */;
INSERT INTO `plan_res_wkf` (`id`, `periodo`, `anio`, `id_planilla`, `nro_planilla`, `id_empleado`, `nro_cta_bco`, `impSueldoBruto`, `impDebitos`, `impCreditos`, `impPagoNeto`, `sn_autorizado`) VALUES
	(1, 9, 2019, 9, 33, 1, '12345678901', 1500.00, 450.00, 0.00, 1050.00, 'N'),
	(2, 9, 2019, 9, 33, 2, '12345678901', 2000.00, 1120.00, 250.00, 1130.00, 'N'),
	(3, 9, 2019, 9, 33, 5, '12345678901', 2000.00, 600.00, 0.00, 1400.00, 'N'),
	(4, 9, 2019, 9, 33, 6, '12345678901', 420000.00, 600.00, 0.00, 419400.00, 'N'),
	(5, 9, 2019, 9, 33, 8, '12345678901', 8000000.00, 1700.00, 0.00, 7998300.00, 'N'),
	(6, 9, 2019, 10, 34, 2, '12345678901', 2000.00, 1120.00, 250.00, 1130.00, 'N'),
	(7, 9, 2019, 10, 34, 5, '12345678901', 2000.00, 600.00, 0.00, 1400.00, 'N'),
	(8, 9, 2019, 10, 34, 6, '12345678901', 420000.00, 600.00, 0.00, 419400.00, 'N'),
	(9, 9, 2019, 11, 35, 1, '12345678901', 1500.00, 450.00, 0.00, 1050.00, 'N'),
	(10, 9, 2019, 11, 35, 2, '12345678901', 2000.00, 1120.00, 250.00, 1130.00, 'N'),
	(11, 9, 2019, 11, 35, 5, '12345678901', 2000.00, 600.00, 0.00, 1400.00, 'N'),
	(12, 9, 2019, 11, 35, 6, '12345678901', 420000.00, 600.00, 0.00, 419400.00, 'N'),
	(13, 9, 2019, 11, 35, 8, '12345678901', 8000000.00, 1700.00, 0.00, 7998300.00, 'N'),
	(14, 9, 2019, 12, 36, 1, '12345678901', 1500.00, 450.00, 0.00, 1050.00, 'N'),
	(15, 9, 2019, 12, 36, 2, '12345678901', 2000.00, 1120.00, 250.00, 1130.00, 'N'),
	(16, 9, 2019, 12, 36, 5, '12345678901', 2000.00, 600.00, 0.00, 1400.00, 'N'),
	(17, 9, 2019, 12, 36, 6, '12345678901', 420000.00, 600.00, 0.00, 419400.00, 'N'),
	(18, 9, 2019, 12, 36, 8, '12345678901', 8000000.00, 1700.00, 0.00, 7998300.00, 'N'),
	(19, 9, 2019, 13, 37, 1, '12345678901', 1500.00, 450.00, 0.00, 1050.00, 'N'),
	(20, 9, 2019, 13, 37, 2, '12345678901', 2000.00, 1120.00, 250.00, 1130.00, 'N'),
	(21, 9, 2019, 13, 37, 5, '12345678901', 2000.00, 600.00, 0.00, 1400.00, 'N'),
	(22, 9, 2019, 13, 37, 6, '12345678901', 420000.00, 600.00, 0.00, 419400.00, 'N'),
	(23, 9, 2019, 13, 37, 8, '12345678901', 8000000.00, 1700.00, 0.00, 7998300.00, 'N'),
	(24, 9, 2019, 14, 38, 1, '12345678901', 1500.00, 450.00, 0.00, 1050.00, 'N'),
	(25, 9, 2019, 14, 38, 6, '12345678901', 420000.00, 600.00, 0.00, 419400.00, 'N'),
	(26, 9, 2019, 14, 38, 8, '12345678901', 8000000.00, 1700.00, 0.00, 7998300.00, 'N'),
	(27, 9, 2019, 15, 39, 1, '12345678901', 1500.00, 450.00, 0.00, 1050.00, 'N'),
	(28, 9, 2019, 15, 39, 2, '12345678901', 2000.00, 1120.00, 250.00, 1130.00, 'N'),
	(29, 9, 2019, 15, 39, 5, '12345678901', 2000.00, 600.00, 0.00, 1400.00, 'N'),
	(30, 9, 2019, 15, 39, 6, '12345678901', 420000.00, 600.00, 0.00, 419400.00, 'N'),
	(31, 9, 2019, 15, 39, 8, '12345678901', 8000000.00, 1700.00, 0.00, 7998300.00, 'N'),
	(32, 9, 2019, 16, 41, 1, '12345678901', 1500.00, 450.00, 0.00, 1050.00, 'N'),
	(33, 9, 2019, 16, 41, 2, '12345678901', 2000.00, 1120.00, 250.00, 1130.00, 'N'),
	(34, 9, 2019, 16, 41, 5, '12345678901', 2000.00, 600.00, 0.00, 1400.00, 'N'),
	(35, 9, 2019, 16, 41, 6, '12345678901', 420000.00, 600.00, 0.00, 419400.00, 'N'),
	(36, 9, 2019, 16, 41, 8, '12345678901', 8000000.00, 1700.00, 0.00, 7998300.00, 'N'),
	(37, 9, 2019, 17, 42, 1, '12345678901', 1500.00, 450.00, 0.00, 1050.00, 'N'),
	(38, 9, 2019, 17, 42, 2, '12345678901', 2000.00, 1120.00, 250.00, 1130.00, 'N'),
	(39, 9, 2019, 17, 42, 5, '12345678901', 2000.00, 600.00, 0.00, 1400.00, 'N'),
	(40, 9, 2019, 17, 42, 6, '12345678901', 420000.00, 600.00, 0.00, 419400.00, 'N'),
	(41, 9, 2019, 17, 42, 8, '12345678901', 8000000.00, 1700.00, 0.00, 7998300.00, 'N'),
	(42, 9, 2019, 18, 43, 1, '12345678901', 1500.00, 450.00, 0.00, 1050.00, 'N'),
	(43, 9, 2019, 18, 43, 2, '12345678901', 2000.00, 1120.00, 250.00, 1130.00, 'N'),
	(44, 9, 2019, 18, 43, 5, '12345678901', 2000.00, 600.00, 0.00, 1400.00, 'N'),
	(45, 9, 2019, 18, 43, 6, '12345678901', 420000.00, 600.00, 0.00, 419400.00, 'N'),
	(46, 9, 2019, 18, 43, 8, '12345678901', 8000000.00, 1700.00, 0.00, 7998300.00, 'N'),
	(47, 9, 2019, 19, 44, 1, '12345678901', 1500.00, 450.00, 0.00, 1050.00, 'N'),
	(48, 9, 2019, 19, 44, 2, '12345678901', 2000.00, 1120.00, 250.00, 1130.00, 'N'),
	(49, 9, 2019, 19, 44, 5, '12345678901', 2000.00, 600.00, 0.00, 1400.00, 'N'),
	(50, 9, 2019, 19, 44, 6, '12345678901', 420000.00, 600.00, 0.00, 419400.00, 'N'),
	(51, 9, 2019, 19, 44, 8, '12345678901', 8000000.00, 1700.00, 0.00, 7998300.00, 'N'),
	(52, 9, 2019, 20, 45, 1, '12345678901', 1500.00, 450.00, 0.00, 1050.00, 'N'),
	(53, 9, 2019, 20, 45, 2, '12345678901', 2000.00, 1120.00, 250.00, 1130.00, 'N'),
	(54, 9, 2019, 20, 45, 5, '12345678901', 2000.00, 600.00, 0.00, 1400.00, 'N'),
	(55, 9, 2019, 20, 45, 6, '12345678901', 420000.00, 600.00, 0.00, 419400.00, 'N'),
	(56, 9, 2019, 20, 45, 8, '12345678901', 8000000.00, 1700.00, 0.00, 7998300.00, 'N'),
	(57, 9, 2019, 21, 46, 1, '12345678901', 1500.00, 450.00, 0.00, 1050.00, 'N'),
	(58, 9, 2019, 21, 46, 2, '12345678901', 2000.00, 1120.00, 250.00, 1130.00, 'N'),
	(59, 9, 2019, 21, 46, 5, '12345678901', 2000.00, 600.00, 0.00, 1400.00, 'N'),
	(60, 9, 2019, 21, 46, 6, '12345678901', 420000.00, 600.00, 0.00, 419400.00, 'N'),
	(61, 9, 2019, 21, 46, 8, '12345678901', 8000000.00, 1700.00, 0.00, 7998300.00, 'N'),
	(62, 9, 2019, 22, 47, 1, '12345678901', 1500.00, 450.00, 0.00, 1050.00, 'N'),
	(63, 9, 2019, 22, 47, 2, '12345678901', 2000.00, 1120.00, 250.00, 1130.00, 'N'),
	(64, 9, 2019, 22, 47, 5, '12345678901', 2000.00, 600.00, 0.00, 1400.00, 'N'),
	(65, 9, 2019, 22, 47, 6, '12345678901', 420000.00, 600.00, 0.00, 419400.00, 'N'),
	(66, 9, 2019, 22, 47, 8, '12345678901', 8000000.00, 1700.00, 0.00, 7998300.00, 'N'),
	(67, 9, 2019, 23, 48, 1, '12345678901', 1500.00, 450.00, 0.00, 1050.00, 'N'),
	(68, 9, 2019, 23, 48, 2, '12345678901', 2000.00, 1120.00, 250.00, 1130.00, 'N'),
	(69, 9, 2019, 23, 48, 5, '12345678901', 2000.00, 600.00, 0.00, 1400.00, 'N'),
	(70, 9, 2019, 23, 48, 6, '12345678901', 420000.00, 600.00, 0.00, 419400.00, 'N'),
	(71, 9, 2019, 23, 48, 8, '12345678901', 8000000.00, 1700.00, 0.00, 7998300.00, 'N'),
	(72, 9, 2019, 24, 49, 1, '12345678901', 1500.00, 450.00, 0.00, 1050.00, 'N'),
	(73, 9, 2019, 24, 49, 2, '12345678901', 2000.00, 1120.00, 250.00, 1130.00, 'N'),
	(74, 9, 2019, 24, 49, 5, '12345678901', 2000.00, 600.00, 0.00, 1400.00, 'N'),
	(75, 9, 2019, 24, 49, 8, '12345678901', 8000000.00, 1700.00, 0.00, 7998300.00, 'N'),
	(76, 9, 2019, 25, 50, 1, '12345678901', 1500.00, 450.00, 0.00, 1050.00, 'N'),
	(77, 9, 2019, 25, 50, 2, '12345678901', 2000.00, 1120.00, 250.00, 1130.00, 'N'),
	(78, 9, 2019, 25, 50, 5, '12345678901', 2000.00, 600.00, 0.00, 1400.00, 'N'),
	(79, 9, 2019, 25, 50, 6, '12345678901', 420000.00, 600.00, 0.00, 419400.00, 'N'),
	(80, 9, 2019, 25, 50, 8, '12345678901', 8000000.00, 1700.00, 0.00, 7998300.00, 'N'),
	(81, 9, 2019, 26, 51, 1, '12345678901', 1500.00, 450.00, 0.00, 1050.00, 'N'),
	(82, 9, 2019, 26, 51, 2, '12345678901', 2000.00, 1120.00, 250.00, 1130.00, 'N'),
	(83, 9, 2019, 26, 51, 5, '12345678901', 2000.00, 600.00, 0.00, 1400.00, 'N'),
	(84, 9, 2019, 26, 51, 6, '12345678901', 420000.00, 600.00, 0.00, 419400.00, 'N'),
	(85, 9, 2019, 26, 51, 8, '12345678901', 8000000.00, 1700.00, 0.00, 7998300.00, 'N'),
	(86, 9, 2019, 27, 53, 1, '12345678901', 1500.00, 450.00, 0.00, 1050.00, 'N'),
	(87, 9, 2019, 27, 53, 2, '12345678901', 2000.00, 1120.00, 250.00, 1130.00, 'N'),
	(88, 9, 2019, 27, 53, 5, '12345678901', 2000.00, 600.00, 0.00, 1400.00, 'N'),
	(89, 9, 2019, 27, 53, 6, '12345678901', 420000.00, 600.00, 0.00, 419400.00, 'N'),
	(90, 9, 2019, 27, 53, 8, '12345678901', 8000000.00, 1700.00, 0.00, 7998300.00, 'N'),
	(91, 9, 2019, 28, 54, 1, '12345678901', 1500.00, 450.00, 0.00, 1050.00, 'N'),
	(92, 9, 2019, 28, 54, 2, '12345678901', 2000.00, 1120.00, 250.00, 1130.00, 'N'),
	(93, 9, 2019, 28, 54, 5, '12345678901', 2000.00, 600.00, 0.00, 1400.00, 'N'),
	(94, 9, 2019, 28, 54, 6, '12345678901', 420000.00, 600.00, 0.00, 419400.00, 'N'),
	(95, 9, 2019, 28, 54, 8, '12345678901', 8000000.00, 1700.00, 0.00, 7998300.00, 'N'),
	(96, 9, 2019, 29, 55, 1, '12345678901', 1500.00, 450.00, 0.00, 1050.00, 'N'),
	(97, 9, 2019, 29, 55, 2, '12345678901', 2000.00, 1120.00, 250.00, 1130.00, 'N'),
	(98, 9, 2019, 29, 55, 5, '12345678901', 2000.00, 600.00, 0.00, 1400.00, 'N'),
	(99, 9, 2019, 29, 55, 6, '12345678901', 420000.00, 600.00, 0.00, 419400.00, 'N'),
	(100, 9, 2019, 29, 55, 8, '12345678901', 8000000.00, 1700.00, 0.00, 7998300.00, 'N'),
	(101, 9, 2019, 30, 57, 1, '12345678901', 1500.00, 450.00, 0.00, 1050.00, 'N'),
	(102, 9, 2019, 30, 57, 2, '12345678901', 2000.00, 1120.00, 250.00, 1130.00, 'N'),
	(103, 9, 2019, 30, 57, 5, '12345678901', 2000.00, 600.00, 0.00, 1400.00, 'N'),
	(104, 9, 2019, 30, 57, 6, '12345678901', 420000.00, 600.00, 0.00, 419400.00, 'N'),
	(105, 9, 2019, 30, 57, 8, '12345678901', 8000000.00, 1700.00, 0.00, 7998300.00, 'N'),
	(106, 9, 2019, 30, 57, 9, '12345678901', 8478.11, 0.00, 0.00, 8478.11, 'N'),
	(107, 9, 2019, 30, 57, 10, '12345678901', 8478.11, 0.00, 0.00, 8478.11, 'N'),
	(108, 9, 2019, 30, 57, 11, '12345678901', 8478.11, 0.00, 0.00, 8478.11, 'N'),
	(109, 9, 2019, 30, 57, 12, '12345678901', 8478.11, 0.00, 0.00, 8478.11, 'N'),
	(110, 9, 2019, 30, 57, 13, '12345678901', 8478.11, 0.00, 0.00, 8478.11, 'N'),
	(111, 9, 2019, 30, 57, 14, '12345678901', 8478.11, 0.00, 0.00, 8478.11, 'N'),
	(112, 9, 2019, 30, 57, 15, '12345678901', 8478.11, 0.00, 0.00, 8478.11, 'N'),
	(113, 9, 2019, 30, 57, 16, '12345678901', 8478.11, 0.00, 0.00, 8478.11, 'N'),
	(114, 9, 2019, 30, 57, 17, '12345678901', 8478.11, 0.00, 0.00, 8478.11, 'N'),
	(115, 9, 2019, 30, 57, 18, '12345678901', 8478.11, 0.00, 0.00, 8478.11, 'N'),
	(116, 9, 2019, 30, 57, 19, '12345678901', 10668.00, 0.00, 0.00, 10668.00, 'N'),
	(117, 9, 2019, 30, 57, 20, '12345678901', 14668.00, 0.00, 0.00, 14668.00, 'N'),
	(118, 9, 2019, 30, 57, 21, '12345678901', 9668.00, 0.00, 0.00, 9668.00, 'N'),
	(119, 9, 2019, 30, 57, 22, '12345678901', 8478.11, 0.00, 0.00, 8478.11, 'N'),
	(120, 9, 2019, 30, 57, 23, '12345678901', 8478.11, 0.00, 0.00, 8478.11, 'N'),
	(121, 9, 2019, 30, 57, 24, '12345678901', 8478.11, 0.00, 0.00, 8478.11, 'N'),
	(122, 9, 2019, 30, 57, 25, '12345678901', 8478.11, 0.00, 0.00, 8478.11, 'N'),
	(123, 9, 2019, 30, 57, 26, '12345678901', 7998.11, 0.00, 0.00, 7998.11, 'N'),
	(124, 9, 2019, 30, 57, 27, '12345678901', 8478.11, 0.00, 0.00, 8478.11, 'N'),
	(125, 9, 2019, 30, 57, 28, '12345678901', 8478.11, 0.00, 0.00, 8478.11, 'N'),
	(126, 9, 2019, 30, 57, 29, '12345678901', 8478.11, 0.00, 0.00, 8478.11, 'N'),
	(127, 9, 2019, 30, 57, 30, '12345678901', 8478.11, 0.00, 0.00, 8478.11, 'N'),
	(128, 9, 2019, 30, 57, 31, '12345678901', 8478.11, 0.00, 0.00, 8478.11, 'N'),
	(129, 9, 2019, 30, 57, 32, '12345678901', 8478.11, 0.00, 0.00, 8478.11, 'N'),
	(130, 9, 2019, 30, 57, 33, '12345678901', 8478.11, 0.00, 0.00, 8478.11, 'N'),
	(131, 9, 2019, 30, 57, 34, '12345678901', 9478.11, 0.00, 0.00, 9478.11, 'N'),
	(132, 9, 2019, 30, 57, 35, '12345678901', 8478.11, 0.00, 0.00, 8478.11, 'N'),
	(133, 9, 2019, 30, 57, 36, '12345678901', 8478.11, 0.00, 0.00, 8478.11, 'N'),
	(134, 9, 2019, 30, 57, 37, '12345678901', 8478.11, 0.00, 0.00, 8478.11, 'N'),
	(135, 9, 2019, 30, 57, 38, '12345678901', 8478.11, 0.00, 0.00, 8478.11, 'N'),
	(136, 9, 2019, 30, 57, 39, '12345678901', 8478.11, 0.00, 0.00, 8478.11, 'N'),
	(137, 9, 2019, 30, 57, 40, '12345678901', 8478.11, 0.00, 0.00, 8478.11, 'N'),
	(138, 9, 2019, 30, 57, 41, '12345678901', 8478.11, 0.00, 0.00, 8478.11, 'N'),
	(139, 9, 2019, 30, 57, 42, '12345678901', 8478.11, 0.00, 0.00, 8478.11, 'N'),
	(140, 9, 2019, 30, 57, 43, '12345678901', 10668.00, 0.00, 0.00, 10668.00, 'N'),
	(141, 9, 2019, 30, 57, 44, '12345678901', 8478.11, 0.00, 0.00, 8478.11, 'N'),
	(142, 9, 2019, 30, 57, 45, '12345678901', 8478.11, 0.00, 0.00, 8478.11, 'N'),
	(143, 9, 2019, 30, 57, 46, '12345678901', 10217.82, 0.00, 0.00, 10217.82, 'N'),
	(144, 9, 2019, 30, 57, 47, '12345678901', 8478.11, 0.00, 0.00, 8478.11, 'N'),
	(145, 9, 2019, 30, 57, 48, '12345678901', 8478.11, 0.00, 0.00, 8478.11, 'N'),
	(146, 9, 2019, 30, 57, 49, '12345678901', 8478.11, 0.00, 0.00, 8478.11, 'N'),
	(147, 9, 2019, 30, 57, 50, '12345678901', 8478.11, 0.00, 0.00, 8478.11, 'N'),
	(148, 9, 2019, 30, 57, 51, '12345678901', 10668.00, 0.00, 0.00, 10668.00, 'N'),
	(149, 9, 2019, 30, 57, 52, '12345678901', 8478.11, 0.00, 0.00, 8478.11, 'N'),
	(150, 9, 2019, 30, 57, 53, '12345678901', 8478.11, 0.00, 0.00, 8478.11, 'N'),
	(151, 9, 2019, 30, 57, 54, '12345678901', 7328.11, 0.00, 0.00, 7328.11, 'N'),
	(152, 9, 2019, 30, 57, 55, '12345678901', 8478.11, 0.00, 0.00, 8478.11, 'N'),
	(153, 9, 2019, 30, 57, 56, '12345678901', 8478.11, 0.00, 0.00, 8478.11, 'N'),
	(154, 9, 2019, 30, 57, 57, '12345678901', 8478.11, 0.00, 0.00, 8478.11, 'N'),
	(155, 9, 2019, 30, 57, 58, '12345678901', 8478.11, 0.00, 0.00, 8478.11, 'N'),
	(156, 9, 2019, 30, 57, 59, '12345678901', 8478.11, 0.00, 0.00, 8478.11, 'N'),
	(157, 9, 2019, 30, 57, 60, '12345678901', 8478.11, 0.00, 0.00, 8478.11, 'N'),
	(158, 9, 2019, 30, 57, 61, '12345678901', 8478.11, 0.00, 0.00, 8478.11, 'N'),
	(159, 9, 2019, 30, 57, 62, '12345678901', 8478.11, 0.00, 0.00, 8478.11, 'N'),
	(160, 9, 2019, 30, 57, 63, '12345678901', 8478.11, 0.00, 0.00, 8478.11, 'N'),
	(161, 9, 2019, 30, 57, 64, '12345678901', 7389.11, 0.00, 0.00, 7389.11, 'N'),
	(162, 9, 2019, 30, 57, 65, '12345678901', 8478.11, 0.00, 0.00, 8478.11, 'N'),
	(163, 9, 2019, 30, 57, 66, '12345678901', 9478.11, 0.00, 0.00, 9478.11, 'N'),
	(164, 9, 2019, 30, 57, 67, '12345678901', 8478.11, 0.00, 0.00, 8478.11, 'N'),
	(165, 9, 2019, 30, 57, 68, '12345678901', 8478.11, 0.00, 0.00, 8478.11, 'N'),
	(166, 9, 2019, 30, 57, 69, '12345678901', 8120.11, 0.00, 0.00, 8120.11, 'N'),
	(167, 9, 2019, 30, 57, 70, '12345678901', 8478.11, 0.00, 0.00, 8478.11, 'N'),
	(168, 9, 2019, 30, 57, 71, '12345678901', 8478.11, 0.00, 0.00, 8478.11, 'N'),
	(169, 9, 2019, 30, 57, 72, '12345678901', 8478.11, 0.00, 0.00, 8478.11, 'N'),
	(170, 9, 2019, 30, 57, 73, '12345678901', 8478.11, 0.00, 0.00, 8478.11, 'N'),
	(171, 9, 2019, 30, 57, 74, '12345678901', 8478.11, 0.00, 0.00, 8478.11, 'N'),
	(172, 9, 2019, 30, 57, 75, '12345678901', 8478.11, 0.00, 0.00, 8478.11, 'N'),
	(173, 9, 2019, 30, 57, 76, '12345678901', 7705.11, 0.00, 0.00, 7705.11, 'N'),
	(174, 9, 2019, 30, 57, 77, '12345678901', 8478.11, 0.00, 0.00, 8478.11, 'N'),
	(175, 9, 2019, 30, 57, 78, '12345678901', 8478.11, 0.00, 0.00, 8478.11, 'N'),
	(176, 9, 2019, 30, 57, 79, '12345678901', 7778.11, 0.00, 0.00, 7778.11, 'N'),
	(177, 9, 2019, 30, 57, 80, '12345678901', 8478.11, 0.00, 0.00, 8478.11, 'N'),
	(178, 9, 2019, 30, 57, 81, '12345678901', 8478.11, 0.00, 0.00, 8478.11, 'N'),
	(179, 9, 2019, 30, 57, 82, '12345678901', 8478.11, 0.00, 0.00, 8478.11, 'N'),
	(180, 9, 2019, 30, 57, 83, '12345678901', 8478.11, 0.00, 0.00, 8478.11, 'N'),
	(181, 9, 2019, 30, 57, 84, '12345678901', 9390.00, 0.00, 0.00, 9390.00, 'N'),
	(182, 9, 2019, 30, 57, 85, '12345678901', 8478.11, 0.00, 0.00, 8478.11, 'N'),
	(183, 9, 2019, 30, 57, 86, '12345678901', 8478.11, 0.00, 0.00, 8478.11, 'N'),
	(184, 9, 2019, 30, 57, 87, '12345678901', 7844.11, 0.00, 0.00, 7844.11, 'N'),
	(185, 9, 2019, 30, 57, 88, '12345678901', 8478.11, 0.00, 0.00, 8478.11, 'N'),
	(186, 9, 2019, 30, 57, 89, '12345678901', 8478.11, 0.00, 0.00, 8478.11, 'N'),
	(187, 9, 2019, 30, 57, 90, '12345678901', 8478.11, 0.00, 0.00, 8478.11, 'N'),
	(188, 9, 2019, 30, 57, 91, '12345678901', 8478.11, 0.00, 0.00, 8478.11, 'N'),
	(189, 9, 2019, 30, 57, 92, '12345678901', 8478.11, 0.00, 0.00, 8478.11, 'N'),
	(190, 9, 2019, 30, 57, 93, '12345678901', 8478.11, 0.00, 0.00, 8478.11, 'N'),
	(191, 9, 2019, 30, 57, 94, '12345678901', 8478.11, 0.00, 0.00, 8478.11, 'N'),
	(192, 9, 2019, 30, 57, 95, '12345678901', 8478.11, 0.00, 0.00, 8478.11, 'N'),
	(193, 9, 2019, 30, 57, 96, '12345678901', 8478.11, 0.00, 0.00, 8478.11, 'N'),
	(194, 9, 2019, 30, 57, 97, '12345678901', 8478.11, 0.00, 0.00, 8478.11, 'N'),
	(195, 9, 2019, 30, 57, 98, '12345678901', 8478.11, 0.00, 0.00, 8478.11, 'N'),
	(196, 9, 2019, 30, 57, 99, '12345678901', 8478.11, 0.00, 0.00, 8478.11, 'N'),
	(197, 9, 2019, 30, 57, 100, '12345678901', 8478.11, 0.00, 0.00, 8478.11, 'N'),
	(198, 9, 2019, 30, 57, 101, '12345678901', 8478.11, 0.00, 0.00, 8478.11, 'N'),
	(199, 9, 2019, 30, 57, 102, '12345678901', 8011.11, 0.00, 0.00, 8011.11, 'N'),
	(200, 9, 2019, 30, 57, 103, '12345678901', 8478.11, 0.00, 0.00, 8478.11, 'N'),
	(201, 9, 2019, 30, 57, 104, '12345678901', 8478.11, 0.00, 0.00, 8478.11, 'N'),
	(202, 9, 2019, 30, 57, 105, '12345678901', 8478.11, 0.00, 0.00, 8478.11, 'N'),
	(203, 9, 2019, 30, 57, 106, '12345678901', 8478.11, 0.00, 0.00, 8478.11, 'N'),
	(204, 9, 2019, 30, 57, 107, '12345678901', 8478.11, 0.00, 0.00, 8478.11, 'N'),
	(205, 9, 2019, 30, 57, 108, '12345678901', 8478.11, 0.00, 0.00, 8478.11, 'N'),
	(206, 9, 2019, 30, 57, 109, '12345678901', 8478.11, 0.00, 0.00, 8478.11, 'N'),
	(207, 9, 2019, 30, 57, 110, '12345678901', 8478.11, 0.00, 0.00, 8478.11, 'N'),
	(208, 9, 2019, 30, 57, 111, '12345678901', 8478.11, 0.00, 0.00, 8478.11, 'N'),
	(209, 9, 2019, 30, 57, 112, '12345678901', 8478.11, 0.00, 0.00, 8478.11, 'N'),
	(210, 9, 2019, 30, 57, 113, '12345678901', 8478.11, 0.00, 0.00, 8478.11, 'N'),
	(211, 9, 2019, 30, 57, 114, '12345678901', 7278.11, 0.00, 0.00, 7278.11, 'N'),
	(212, 9, 2019, 30, 57, 115, '12345678901', 7828.11, 0.00, 0.00, 7828.11, 'N'),
	(213, 9, 2019, 30, 57, 116, '12345678901', 8478.11, 0.00, 0.00, 8478.11, 'N'),
	(214, 9, 2019, 30, 57, 117, '12345678901', 8478.11, 0.00, 0.00, 8478.11, 'N'),
	(215, 9, 2019, 30, 57, 118, '12345678901', 8478.11, 0.00, 0.00, 8478.11, 'N'),
	(216, 9, 2019, 30, 57, 119, '12345678901', 8478.11, 0.00, 0.00, 8478.11, 'N'),
	(217, 9, 2019, 30, 57, 120, '12345678901', 16524.96, 0.00, 0.00, 16524.96, 'N'),
	(218, 9, 2019, 30, 57, 121, '12345678901', 8478.11, 0.00, 0.00, 8478.11, 'N'),
	(219, 9, 2019, 30, 57, 122, '12345678901', 8478.11, 0.00, 0.00, 8478.11, 'N'),
	(220, 9, 2019, 30, 57, 123, '12345678901', 8478.11, 0.00, 0.00, 8478.11, 'N'),
	(221, 9, 2019, 30, 57, 124, '12345678901', 8478.11, 0.00, 0.00, 8478.11, 'N'),
	(222, 9, 2019, 30, 57, 125, '12345678901', 8478.11, 0.00, 0.00, 8478.11, 'N'),
	(223, 9, 2019, 30, 57, 126, '12345678901', 8478.11, 0.00, 0.00, 8478.11, 'N'),
	(224, 9, 2019, 30, 57, 127, '12345678901', 8478.11, 0.00, 0.00, 8478.11, 'N'),
	(225, 9, 2019, 30, 57, 128, '12345678901', 8478.11, 0.00, 0.00, 8478.11, 'N'),
	(226, 9, 2019, 30, 57, 129, '12345678901', 8668.00, 0.00, 0.00, 8668.00, 'N'),
	(227, 9, 2019, 30, 57, 130, '12345678901', 8478.11, 0.00, 0.00, 8478.11, 'N'),
	(228, 9, 2019, 30, 57, 131, '12345678901', 8478.11, 0.00, 0.00, 8478.11, 'N'),
	(229, 9, 2019, 30, 57, 132, '12345678901', 8478.11, 0.00, 0.00, 8478.11, 'N'),
	(230, 9, 2019, 30, 57, 133, '12345678901', 8478.11, 0.00, 0.00, 8478.11, 'N'),
	(231, 9, 2019, 30, 57, 134, '12345678901', 8478.11, 0.00, 0.00, 8478.11, 'N'),
	(232, 9, 2019, 30, 57, 135, '12345678901', 8120.11, 0.00, 0.00, 8120.11, 'N'),
	(233, 9, 2019, 30, 57, 136, '12345678901', 8478.11, 0.00, 0.00, 8478.11, 'N'),
	(234, 9, 2019, 30, 57, 137, '12345678901', 8478.11, 0.00, 0.00, 8478.11, 'N');
/*!40000 ALTER TABLE `plan_res_wkf` ENABLE KEYS */;

-- Volcando estructura para tabla planilla.plan_det_wkf
DROP TABLE IF EXISTS `plan_det_wkf`;
CREATE TABLE IF NOT EXISTS `plan_det_wkf` (
  `id` int(11) NOT NULL AUTO_INCREMENT,
  `id_plan` int(11) NOT NULL,
  `id_emp` int(11) NOT NULL,
  `id_movimiento` int(11) NOT NULL,
  `imp_mo` decimal(18,2) NOT NULL,
  `imp_eq` decimal(18,2) NOT NULL,
  `sn_ajustado` enum('S','N') NOT NULL DEFAULT 'N',
  PRIMARY KEY (`id`),
  KEY `FKdp2rpi63r7frbatkjt8pk7ikj` (`id_emp`),
  KEY `FKrn30yryahkldbsol83af3c82u` (`id_plan`),
  KEY `FKg9kyvw73rn4gg8hs7m6a8uf4b` (`id_movimiento`),
  CONSTRAINT `FKdp2rpi63r7frbatkjt8pk7ikj` FOREIGN KEY (`id_emp`) REFERENCES `emp_mae` (`id`),
  CONSTRAINT `FKg9kyvw73rn4gg8hs7m6a8uf4b` FOREIGN KEY (`id_movimiento`) REFERENCES `ttipo_movimiento` (`id`),
  CONSTRAINT `FKrn30yryahkldbsol83af3c82u` FOREIGN KEY (`id_plan`) REFERENCES `plan_mae_wkf` (`id_plan`),
  CONSTRAINT `fk_pla_det_emp` FOREIGN KEY (`id_emp`) REFERENCES `emp_mae` (`id`),
  CONSTRAINT `fk_pla_det_mae` FOREIGN KEY (`id_plan`) REFERENCES `plan_mae_wkf` (`id_plan`),
  CONSTRAINT `fk_pla_det_tipo_movimiento` FOREIGN KEY (`id_movimiento`) REFERENCES `ttipo_movimiento` (`id`)
) ENGINE=InnoDB AUTO_INCREMENT=698 DEFAULT CHARSET=latin1;

-- Volcando datos para la tabla planilla.plan_det_wkf: ~534 rows (aproximadamente)
DELETE FROM `plan_det_wkf`;
/*!40000 ALTER TABLE `plan_det_wkf` DISABLE KEYS */;
INSERT INTO `plan_det_wkf` (`id`, `id_plan`, `id_emp`, `id_movimiento`, `imp_mo`, `imp_eq`, `sn_ajustado`) VALUES
	(1, 9, 1, 1, 300.00, 300.00, 'N'),
	(2, 9, 1, 2, 50.00, 50.00, 'N'),
	(3, 9, 1, 3, 100.00, 100.00, 'N'),
	(4, 10, 2, 1, 200.00, 200.00, 'N'),
	(5, 10, 2, 2, 400.00, 400.00, 'N'),
	(6, 10, 2, 3, 200.00, 200.00, 'N'),
	(7, 10, 2, 7, 200.00, 200.00, 'N'),
	(8, 10, 2, 12, 50.00, 50.00, 'N'),
	(9, 10, 2, 10, 70.00, 70.00, 'N'),
	(10, 10, 2, 16, 100.00, 100.00, 'N'),
	(11, 10, 2, 17, 50.00, 50.00, 'N'),
	(12, 10, 2, 18, 100.00, 100.00, 'N'),
	(13, 9, 8, 1, 400.00, 400.00, 'N'),
	(14, 9, 8, 2, 600.00, 600.00, 'N'),
	(15, 9, 8, 3, 700.00, 700.00, 'N'),
	(16, 10, 5, 1, 300.00, 300.00, 'N'),
	(17, 10, 5, 2, 200.00, 200.00, 'N'),
	(18, 10, 6, 1, 100.00, 100.00, 'N'),
	(19, 10, 6, 3, 200.00, 200.00, 'N'),
	(20, 10, 5, 7, 100.00, 100.00, 'N'),
	(21, 10, 6, 7, 300.00, 300.00, 'N'),
	(32, 9, 1, 1, 300.00, 300.00, 'N'),
	(33, 9, 1, 2, 50.00, 50.00, 'N'),
	(34, 9, 1, 3, 100.00, 100.00, 'N'),
	(35, 9, 2, 1, 200.00, 200.00, 'N'),
	(36, 9, 2, 2, 400.00, 400.00, 'N'),
	(37, 9, 2, 3, 200.00, 200.00, 'N'),
	(38, 9, 2, 7, 200.00, 200.00, 'N'),
	(39, 9, 2, 12, 50.00, 50.00, 'N'),
	(40, 9, 2, 10, 70.00, 70.00, 'N'),
	(41, 9, 2, 16, 100.00, 100.00, 'N'),
	(42, 9, 2, 17, 50.00, 50.00, 'N'),
	(43, 9, 2, 18, 100.00, 100.00, 'N'),
	(44, 9, 5, 1, 300.00, 300.00, 'N'),
	(45, 9, 5, 2, 200.00, 200.00, 'N'),
	(46, 9, 5, 7, 100.00, 100.00, 'N'),
	(47, 9, 6, 1, 100.00, 100.00, 'N'),
	(48, 9, 6, 3, 200.00, 200.00, 'N'),
	(49, 9, 6, 7, 300.00, 300.00, 'N'),
	(50, 9, 8, 1, 400.00, 400.00, 'N'),
	(51, 9, 8, 2, 600.00, 600.00, 'N'),
	(52, 9, 8, 3, 700.00, 700.00, 'N'),
	(63, 13, 1, 1, 300.00, 300.00, 'N'),
	(64, 13, 1, 2, 50.00, 50.00, 'N'),
	(65, 13, 1, 3, 100.00, 100.00, 'N'),
	(66, 13, 2, 1, 200.00, 200.00, 'N'),
	(67, 13, 2, 2, 400.00, 400.00, 'N'),
	(68, 13, 2, 3, 200.00, 200.00, 'N'),
	(69, 13, 2, 7, 200.00, 200.00, 'N'),
	(70, 13, 2, 12, 50.00, 50.00, 'N'),
	(71, 13, 2, 10, 70.00, 70.00, 'N'),
	(72, 13, 2, 16, 100.00, 100.00, 'N'),
	(73, 13, 2, 17, 50.00, 50.00, 'N'),
	(74, 13, 2, 18, 100.00, 100.00, 'N'),
	(75, 13, 5, 1, 300.00, 300.00, 'N'),
	(76, 13, 5, 2, 200.00, 200.00, 'N'),
	(77, 13, 5, 7, 100.00, 100.00, 'N'),
	(78, 13, 6, 1, 100.00, 100.00, 'N'),
	(79, 13, 6, 3, 200.00, 200.00, 'N'),
	(80, 13, 6, 7, 300.00, 300.00, 'N'),
	(81, 13, 8, 1, 400.00, 400.00, 'N'),
	(82, 13, 8, 2, 600.00, 600.00, 'N'),
	(83, 13, 8, 3, 700.00, 700.00, 'N'),
	(84, 14, 1, 1, 300.00, 300.00, 'N'),
	(85, 14, 1, 2, 50.00, 50.00, 'N'),
	(86, 14, 1, 3, 100.00, 100.00, 'N'),
	(87, 14, 6, 1, 100.00, 100.00, 'N'),
	(88, 14, 6, 3, 200.00, 200.00, 'N'),
	(89, 14, 6, 7, 300.00, 300.00, 'N'),
	(90, 14, 8, 1, 400.00, 400.00, 'N'),
	(91, 14, 8, 2, 600.00, 600.00, 'N'),
	(92, 14, 8, 3, 700.00, 700.00, 'N'),
	(93, 15, 1, 1, 300.00, 300.00, 'N'),
	(94, 15, 1, 2, 50.00, 50.00, 'N'),
	(95, 15, 1, 3, 100.00, 100.00, 'N'),
	(96, 15, 2, 1, 200.00, 200.00, 'N'),
	(97, 15, 2, 2, 400.00, 400.00, 'N'),
	(98, 15, 2, 3, 200.00, 200.00, 'N'),
	(99, 15, 2, 7, 200.00, 200.00, 'N'),
	(100, 15, 2, 12, 50.00, 50.00, 'N'),
	(101, 15, 2, 10, 70.00, 70.00, 'N'),
	(102, 15, 2, 16, 100.00, 100.00, 'N'),
	(103, 15, 2, 17, 50.00, 50.00, 'N'),
	(104, 15, 2, 18, 100.00, 100.00, 'N'),
	(105, 15, 5, 1, 300.00, 300.00, 'N'),
	(106, 15, 5, 2, 200.00, 200.00, 'N'),
	(107, 15, 5, 7, 100.00, 100.00, 'N'),
	(108, 15, 6, 1, 100.00, 100.00, 'N'),
	(109, 15, 6, 3, 200.00, 200.00, 'N'),
	(110, 15, 6, 7, 300.00, 300.00, 'N'),
	(111, 15, 8, 1, 400.00, 400.00, 'N'),
	(112, 15, 8, 2, 600.00, 600.00, 'N'),
	(113, 15, 8, 3, 700.00, 700.00, 'N'),
	(124, 16, 1, 1, 300.00, 300.00, 'N'),
	(125, 16, 1, 2, 50.00, 50.00, 'N'),
	(126, 16, 1, 3, 100.00, 100.00, 'N'),
	(127, 16, 2, 1, 200.00, 200.00, 'N'),
	(128, 16, 2, 2, 400.00, 400.00, 'N'),
	(129, 16, 2, 3, 200.00, 200.00, 'N'),
	(130, 16, 2, 7, 200.00, 200.00, 'N'),
	(131, 16, 2, 12, 50.00, 50.00, 'N'),
	(132, 16, 2, 10, 70.00, 70.00, 'N'),
	(133, 16, 2, 16, 100.00, 100.00, 'N'),
	(134, 16, 2, 17, 50.00, 50.00, 'N'),
	(135, 16, 2, 18, 100.00, 100.00, 'N'),
	(136, 16, 5, 1, 300.00, 300.00, 'N'),
	(137, 16, 5, 2, 200.00, 200.00, 'N'),
	(138, 16, 5, 7, 100.00, 100.00, 'N'),
	(139, 16, 6, 1, 100.00, 100.00, 'N'),
	(140, 16, 6, 3, 200.00, 200.00, 'N'),
	(141, 16, 6, 7, 300.00, 300.00, 'N'),
	(142, 16, 8, 1, 400.00, 400.00, 'N'),
	(143, 16, 8, 2, 600.00, 600.00, 'N'),
	(144, 16, 8, 3, 700.00, 700.00, 'N'),
	(155, 17, 1, 1, 300.00, 300.00, 'N'),
	(156, 17, 1, 2, 50.00, 50.00, 'N'),
	(157, 17, 1, 3, 100.00, 100.00, 'N'),
	(158, 17, 2, 1, 200.00, 200.00, 'N'),
	(159, 17, 2, 2, 400.00, 400.00, 'N'),
	(160, 17, 2, 3, 200.00, 200.00, 'N'),
	(161, 17, 2, 7, 200.00, 200.00, 'N'),
	(162, 17, 2, 12, 50.00, 50.00, 'N'),
	(163, 17, 2, 10, 70.00, 70.00, 'N'),
	(164, 17, 2, 16, 100.00, 100.00, 'N'),
	(165, 17, 2, 17, 50.00, 50.00, 'N'),
	(166, 17, 2, 18, 100.00, 100.00, 'N'),
	(167, 17, 5, 1, 300.00, 300.00, 'N'),
	(168, 17, 5, 2, 200.00, 200.00, 'N'),
	(169, 17, 5, 7, 100.00, 100.00, 'N'),
	(170, 17, 6, 1, 100.00, 100.00, 'N'),
	(171, 17, 6, 3, 200.00, 200.00, 'N'),
	(172, 17, 6, 7, 300.00, 300.00, 'N'),
	(173, 17, 8, 1, 400.00, 400.00, 'N'),
	(174, 17, 8, 2, 600.00, 600.00, 'N'),
	(175, 17, 8, 3, 700.00, 700.00, 'N'),
	(186, 18, 1, 1, 300.00, 300.00, 'N'),
	(187, 18, 1, 2, 50.00, 50.00, 'N'),
	(188, 18, 1, 3, 100.00, 100.00, 'N'),
	(189, 18, 2, 1, 200.00, 200.00, 'N'),
	(190, 18, 2, 2, 400.00, 400.00, 'N'),
	(191, 18, 2, 3, 200.00, 200.00, 'N'),
	(192, 18, 2, 7, 200.00, 200.00, 'N'),
	(193, 18, 2, 12, 50.00, 50.00, 'N'),
	(194, 18, 2, 10, 70.00, 70.00, 'N'),
	(195, 18, 2, 16, 100.00, 100.00, 'N'),
	(196, 18, 2, 17, 50.00, 50.00, 'N'),
	(197, 18, 2, 18, 100.00, 100.00, 'N'),
	(198, 18, 5, 1, 300.00, 300.00, 'N'),
	(199, 18, 5, 2, 200.00, 200.00, 'N'),
	(200, 18, 5, 7, 100.00, 100.00, 'N'),
	(201, 18, 6, 1, 100.00, 100.00, 'N'),
	(202, 18, 6, 3, 200.00, 200.00, 'N'),
	(203, 18, 6, 7, 300.00, 300.00, 'N'),
	(204, 18, 8, 1, 400.00, 400.00, 'N'),
	(205, 18, 8, 2, 600.00, 600.00, 'N'),
	(206, 18, 8, 3, 700.00, 700.00, 'N'),
	(217, 19, 1, 1, 300.00, 300.00, 'N'),
	(218, 19, 1, 2, 50.00, 50.00, 'N'),
	(219, 19, 1, 3, 100.00, 100.00, 'N'),
	(220, 19, 2, 1, 200.00, 200.00, 'N'),
	(221, 19, 2, 2, 400.00, 400.00, 'N'),
	(222, 19, 2, 3, 200.00, 200.00, 'N'),
	(223, 19, 2, 7, 200.00, 200.00, 'N'),
	(224, 19, 2, 12, 50.00, 50.00, 'N'),
	(225, 19, 2, 10, 70.00, 70.00, 'N'),
	(226, 19, 2, 16, 100.00, 100.00, 'N'),
	(227, 19, 2, 17, 50.00, 50.00, 'N'),
	(228, 19, 2, 18, 100.00, 100.00, 'N'),
	(229, 19, 5, 1, 300.00, 300.00, 'N'),
	(230, 19, 5, 2, 200.00, 200.00, 'N'),
	(231, 19, 5, 7, 100.00, 100.00, 'N'),
	(232, 19, 6, 1, 100.00, 100.00, 'N'),
	(233, 19, 6, 3, 200.00, 200.00, 'N'),
	(234, 19, 6, 7, 300.00, 300.00, 'N'),
	(235, 19, 8, 1, 400.00, 400.00, 'N'),
	(236, 19, 8, 2, 600.00, 600.00, 'N'),
	(237, 19, 8, 3, 700.00, 700.00, 'N'),
	(248, 20, 1, 1, 300.00, 300.00, 'N'),
	(249, 20, 1, 2, 50.00, 50.00, 'N'),
	(250, 20, 1, 3, 100.00, 100.00, 'N'),
	(251, 20, 2, 1, 200.00, 200.00, 'N'),
	(252, 20, 2, 2, 400.00, 400.00, 'N'),
	(253, 20, 2, 3, 200.00, 200.00, 'N'),
	(254, 20, 2, 7, 200.00, 200.00, 'N'),
	(255, 20, 2, 12, 50.00, 50.00, 'N'),
	(256, 20, 2, 10, 70.00, 70.00, 'N'),
	(257, 20, 2, 16, 100.00, 100.00, 'N'),
	(258, 20, 2, 17, 50.00, 50.00, 'N'),
	(259, 20, 2, 18, 100.00, 100.00, 'N'),
	(260, 20, 5, 1, 300.00, 300.00, 'N'),
	(261, 20, 5, 2, 200.00, 200.00, 'N'),
	(262, 20, 5, 7, 100.00, 100.00, 'N'),
	(263, 20, 6, 1, 100.00, 100.00, 'N'),
	(264, 20, 6, 3, 200.00, 200.00, 'N'),
	(265, 20, 6, 7, 300.00, 300.00, 'N'),
	(266, 20, 8, 1, 400.00, 400.00, 'N'),
	(267, 20, 8, 2, 600.00, 600.00, 'N'),
	(268, 20, 8, 3, 700.00, 700.00, 'N'),
	(279, 21, 1, 1, 300.00, 300.00, 'N'),
	(280, 21, 1, 2, 50.00, 50.00, 'N'),
	(281, 21, 1, 3, 100.00, 100.00, 'N'),
	(282, 21, 2, 1, 200.00, 200.00, 'N'),
	(283, 21, 2, 2, 400.00, 400.00, 'N'),
	(284, 21, 2, 3, 200.00, 200.00, 'N'),
	(285, 21, 2, 7, 200.00, 200.00, 'N'),
	(286, 21, 2, 12, 50.00, 50.00, 'N'),
	(287, 21, 2, 10, 70.00, 70.00, 'N'),
	(288, 21, 2, 16, 100.00, 100.00, 'N'),
	(289, 21, 2, 17, 50.00, 50.00, 'N'),
	(290, 21, 2, 18, 100.00, 100.00, 'N'),
	(291, 21, 5, 1, 300.00, 300.00, 'N'),
	(292, 21, 5, 2, 200.00, 200.00, 'N'),
	(293, 21, 5, 7, 100.00, 100.00, 'N'),
	(294, 21, 6, 1, 100.00, 100.00, 'N'),
	(295, 21, 6, 3, 200.00, 200.00, 'N'),
	(296, 21, 6, 7, 300.00, 300.00, 'N'),
	(297, 21, 8, 1, 400.00, 400.00, 'N'),
	(298, 21, 8, 2, 600.00, 600.00, 'N'),
	(299, 21, 8, 3, 700.00, 700.00, 'N'),
	(310, 22, 1, 1, 300.00, 300.00, 'N'),
	(311, 22, 1, 2, 50.00, 50.00, 'N'),
	(312, 22, 1, 3, 100.00, 100.00, 'N'),
	(313, 22, 2, 1, 200.00, 200.00, 'N'),
	(314, 22, 2, 2, 400.00, 400.00, 'N'),
	(315, 22, 2, 3, 200.00, 200.00, 'N'),
	(316, 22, 2, 7, 200.00, 200.00, 'N'),
	(317, 22, 2, 12, 50.00, 50.00, 'N'),
	(318, 22, 2, 10, 70.00, 70.00, 'N'),
	(319, 22, 2, 16, 100.00, 100.00, 'N'),
	(320, 22, 2, 17, 50.00, 50.00, 'N'),
	(321, 22, 2, 18, 100.00, 100.00, 'N'),
	(322, 22, 5, 1, 300.00, 300.00, 'N'),
	(323, 22, 5, 2, 200.00, 200.00, 'N'),
	(324, 22, 5, 7, 100.00, 100.00, 'N'),
	(325, 22, 6, 1, 100.00, 100.00, 'N'),
	(326, 22, 6, 3, 200.00, 200.00, 'N'),
	(327, 22, 6, 7, 300.00, 300.00, 'N'),
	(328, 22, 8, 1, 400.00, 400.00, 'N'),
	(329, 22, 8, 2, 600.00, 600.00, 'N'),
	(330, 22, 8, 3, 700.00, 700.00, 'N'),
	(341, 23, 1, 1, 300.00, 300.00, 'N'),
	(342, 23, 1, 2, 50.00, 50.00, 'N'),
	(343, 23, 1, 3, 100.00, 100.00, 'N'),
	(344, 23, 2, 1, 200.00, 200.00, 'N'),
	(345, 23, 2, 2, 400.00, 400.00, 'N'),
	(346, 23, 2, 3, 200.00, 200.00, 'N'),
	(347, 23, 2, 7, 200.00, 200.00, 'N'),
	(348, 23, 2, 12, 50.00, 50.00, 'N'),
	(349, 23, 2, 10, 70.00, 70.00, 'N'),
	(350, 23, 2, 16, 100.00, 100.00, 'N'),
	(351, 23, 2, 17, 50.00, 50.00, 'N'),
	(352, 23, 2, 18, 100.00, 100.00, 'N'),
	(353, 23, 5, 1, 300.00, 300.00, 'N'),
	(354, 23, 5, 2, 200.00, 200.00, 'N'),
	(355, 23, 5, 7, 100.00, 100.00, 'N'),
	(356, 23, 6, 1, 100.00, 100.00, 'N'),
	(357, 23, 6, 3, 200.00, 200.00, 'N'),
	(358, 23, 6, 7, 300.00, 300.00, 'N'),
	(359, 23, 8, 1, 400.00, 400.00, 'N'),
	(360, 23, 8, 2, 600.00, 600.00, 'N'),
	(361, 23, 8, 3, 700.00, 700.00, 'N'),
	(372, 24, 1, 1, 300.00, 300.00, 'N'),
	(373, 24, 1, 2, 50.00, 50.00, 'N'),
	(374, 24, 1, 3, 100.00, 100.00, 'N'),
	(375, 24, 2, 1, 200.00, 200.00, 'N'),
	(376, 24, 2, 2, 400.00, 400.00, 'N'),
	(377, 24, 2, 3, 200.00, 200.00, 'N'),
	(378, 24, 2, 7, 200.00, 200.00, 'N'),
	(379, 24, 2, 12, 50.00, 50.00, 'N'),
	(380, 24, 2, 10, 70.00, 70.00, 'N'),
	(381, 24, 2, 16, 100.00, 100.00, 'N'),
	(382, 24, 2, 17, 50.00, 50.00, 'N'),
	(383, 24, 2, 18, 100.00, 100.00, 'N'),
	(384, 24, 5, 1, 300.00, 300.00, 'N'),
	(385, 24, 5, 2, 200.00, 200.00, 'N'),
	(386, 24, 5, 7, 100.00, 100.00, 'N'),
	(387, 24, 8, 1, 400.00, 400.00, 'N'),
	(388, 24, 8, 2, 600.00, 600.00, 'N'),
	(389, 24, 8, 3, 700.00, 700.00, 'N'),
	(403, 25, 1, 1, 300.00, 300.00, 'N'),
	(404, 25, 1, 2, 50.00, 50.00, 'N'),
	(405, 25, 1, 3, 100.00, 100.00, 'N'),
	(406, 25, 2, 1, 200.00, 200.00, 'N'),
	(407, 25, 2, 2, 400.00, 400.00, 'N'),
	(408, 25, 2, 3, 200.00, 200.00, 'N'),
	(409, 25, 2, 7, 200.00, 200.00, 'N'),
	(410, 25, 2, 12, 50.00, 50.00, 'N'),
	(411, 25, 2, 10, 70.00, 70.00, 'N'),
	(412, 25, 2, 16, 100.00, 100.00, 'N'),
	(413, 25, 2, 17, 50.00, 50.00, 'N'),
	(414, 25, 2, 18, 100.00, 100.00, 'N'),
	(415, 25, 5, 1, 300.00, 300.00, 'N'),
	(416, 25, 5, 2, 200.00, 200.00, 'N'),
	(417, 25, 5, 7, 100.00, 100.00, 'N'),
	(418, 25, 6, 1, 100.00, 100.00, 'N'),
	(419, 25, 6, 3, 200.00, 200.00, 'N'),
	(420, 25, 6, 7, 300.00, 300.00, 'N'),
	(421, 25, 8, 1, 400.00, 400.00, 'N'),
	(422, 25, 8, 2, 600.00, 600.00, 'N'),
	(423, 25, 8, 3, 700.00, 700.00, 'N'),
	(434, 26, 1, 1, 300.00, 300.00, 'N'),
	(435, 26, 1, 2, 50.00, 50.00, 'N'),
	(436, 26, 1, 3, 100.00, 100.00, 'N'),
	(437, 26, 2, 1, 200.00, 200.00, 'N'),
	(438, 26, 2, 2, 400.00, 400.00, 'N'),
	(439, 26, 2, 3, 200.00, 200.00, 'N'),
	(440, 26, 2, 7, 200.00, 200.00, 'N'),
	(441, 26, 2, 12, 50.00, 50.00, 'N'),
	(442, 26, 2, 10, 70.00, 70.00, 'N'),
	(443, 26, 2, 16, 100.00, 100.00, 'N'),
	(444, 26, 2, 17, 50.00, 50.00, 'N'),
	(445, 26, 2, 18, 100.00, 100.00, 'N'),
	(446, 26, 5, 1, 300.00, 300.00, 'N'),
	(447, 26, 5, 2, 200.00, 200.00, 'N'),
	(448, 26, 5, 7, 100.00, 100.00, 'N'),
	(449, 26, 6, 1, 100.00, 100.00, 'N'),
	(450, 26, 6, 3, 200.00, 200.00, 'N'),
	(451, 26, 6, 7, 300.00, 300.00, 'N'),
	(452, 26, 8, 1, 400.00, 400.00, 'N'),
	(453, 26, 8, 2, 600.00, 600.00, 'N'),
	(454, 26, 8, 3, 700.00, 700.00, 'N'),
	(465, 27, 1, 1, 300.00, 300.00, 'N'),
	(466, 27, 1, 2, 50.00, 50.00, 'N'),
	(467, 27, 1, 3, 100.00, 100.00, 'N'),
	(468, 27, 2, 1, 200.00, 200.00, 'N'),
	(469, 27, 2, 2, 400.00, 400.00, 'N'),
	(470, 27, 2, 3, 200.00, 200.00, 'N'),
	(471, 27, 2, 7, 200.00, 200.00, 'N'),
	(472, 27, 2, 12, 50.00, 50.00, 'N'),
	(473, 27, 2, 10, 70.00, 70.00, 'N'),
	(474, 27, 2, 16, 100.00, 100.00, 'N'),
	(475, 27, 2, 17, 50.00, 50.00, 'N'),
	(476, 27, 2, 18, 100.00, 100.00, 'N'),
	(477, 27, 5, 1, 300.00, 300.00, 'N'),
	(478, 27, 5, 2, 200.00, 200.00, 'N'),
	(479, 27, 5, 7, 100.00, 100.00, 'N'),
	(480, 27, 6, 1, 100.00, 100.00, 'N'),
	(481, 27, 6, 3, 200.00, 200.00, 'N'),
	(482, 27, 6, 7, 300.00, 300.00, 'N'),
	(483, 27, 8, 1, 400.00, 400.00, 'N'),
	(484, 27, 8, 2, 600.00, 600.00, 'N'),
	(485, 27, 8, 3, 700.00, 700.00, 'N'),
	(496, 28, 1, 1, 300.00, 300.00, 'N'),
	(497, 28, 1, 2, 50.00, 50.00, 'N'),
	(498, 28, 1, 3, 100.00, 100.00, 'N'),
	(499, 28, 2, 1, 200.00, 200.00, 'N'),
	(500, 28, 2, 2, 400.00, 400.00, 'N'),
	(501, 28, 2, 3, 200.00, 200.00, 'N'),
	(502, 28, 2, 7, 200.00, 200.00, 'N'),
	(503, 28, 2, 12, 50.00, 50.00, 'N'),
	(504, 28, 2, 10, 70.00, 70.00, 'N'),
	(505, 28, 2, 16, 100.00, 100.00, 'N'),
	(506, 28, 2, 17, 50.00, 50.00, 'N'),
	(507, 28, 2, 18, 100.00, 100.00, 'N'),
	(508, 28, 5, 1, 300.00, 300.00, 'N'),
	(509, 28, 5, 2, 200.00, 200.00, 'N'),
	(510, 28, 5, 7, 100.00, 100.00, 'N'),
	(511, 28, 6, 1, 100.00, 100.00, 'N'),
	(512, 28, 6, 3, 200.00, 200.00, 'N'),
	(513, 28, 6, 7, 300.00, 300.00, 'N'),
	(514, 28, 8, 1, 400.00, 400.00, 'N'),
	(515, 28, 8, 2, 600.00, 600.00, 'N'),
	(516, 28, 8, 3, 700.00, 700.00, 'N'),
	(527, 29, 1, 1, 300.00, 300.00, 'N'),
	(528, 29, 1, 2, 50.00, 50.00, 'N'),
	(529, 29, 1, 3, 100.00, 100.00, 'N'),
	(530, 29, 2, 1, 200.00, 200.00, 'N'),
	(531, 29, 2, 2, 400.00, 400.00, 'N'),
	(532, 29, 2, 3, 200.00, 200.00, 'N'),
	(533, 29, 2, 7, 200.00, 200.00, 'N'),
	(534, 29, 2, 12, 50.00, 50.00, 'N'),
	(535, 29, 2, 10, 70.00, 70.00, 'N'),
	(536, 29, 2, 16, 100.00, 100.00, 'N'),
	(537, 29, 2, 17, 50.00, 50.00, 'N'),
	(538, 29, 2, 18, 100.00, 100.00, 'N'),
	(539, 29, 5, 1, 300.00, 300.00, 'N'),
	(540, 29, 5, 2, 200.00, 200.00, 'N'),
	(541, 29, 5, 7, 100.00, 100.00, 'N'),
	(542, 29, 6, 1, 100.00, 100.00, 'N'),
	(543, 29, 6, 3, 200.00, 200.00, 'N'),
	(544, 29, 6, 7, 300.00, 300.00, 'N'),
	(545, 29, 8, 1, 400.00, 400.00, 'N'),
	(546, 29, 8, 2, 600.00, 600.00, 'N'),
	(547, 29, 8, 3, 700.00, 700.00, 'N'),
	(548, 30, 1, 1, 300.00, 300.00, 'N'),
	(549, 30, 1, 2, 50.00, 50.00, 'N'),
	(550, 30, 1, 3, 100.00, 100.00, 'N'),
	(551, 30, 2, 1, 200.00, 200.00, 'N'),
	(552, 30, 2, 2, 400.00, 400.00, 'N'),
	(553, 30, 2, 3, 200.00, 200.00, 'N'),
	(554, 30, 2, 7, 200.00, 200.00, 'N'),
	(555, 30, 2, 12, 50.00, 50.00, 'N'),
	(556, 30, 2, 10, 70.00, 70.00, 'N'),
	(557, 30, 2, 16, 100.00, 100.00, 'N'),
	(558, 30, 2, 17, 50.00, 50.00, 'N'),
	(559, 30, 2, 18, 100.00, 100.00, 'N'),
	(560, 30, 5, 1, 300.00, 300.00, 'N'),
	(561, 30, 5, 2, 200.00, 200.00, 'N'),
	(562, 30, 5, 7, 100.00, 100.00, 'N'),
	(563, 30, 6, 1, 100.00, 100.00, 'N'),
	(564, 30, 6, 3, 200.00, 200.00, 'N'),
	(565, 30, 6, 7, 300.00, 300.00, 'N'),
	(566, 30, 8, 1, 400.00, 400.00, 'N'),
	(567, 30, 8, 2, 600.00, 600.00, 'N'),
	(568, 30, 8, 3, 700.00, 700.00, 'N'),
	(569, 30, 9, 1, 0.00, 0.00, 'N'),
	(570, 30, 10, 1, 0.00, 0.00, 'N'),
	(571, 30, 11, 1, 0.00, 0.00, 'N'),
	(572, 30, 12, 1, 0.00, 0.00, 'N'),
	(573, 30, 13, 1, 0.00, 0.00, 'N'),
	(574, 30, 14, 1, 0.00, 0.00, 'N'),
	(575, 30, 15, 1, 0.00, 0.00, 'N'),
	(576, 30, 16, 1, 0.00, 0.00, 'N'),
	(577, 30, 17, 1, 0.00, 0.00, 'N'),
	(578, 30, 18, 1, 0.00, 0.00, 'N'),
	(579, 30, 19, 1, 0.00, 0.00, 'N'),
	(580, 30, 20, 1, 0.00, 0.00, 'N'),
	(581, 30, 21, 1, 0.00, 0.00, 'N'),
	(582, 30, 22, 1, 0.00, 0.00, 'N'),
	(583, 30, 23, 1, 0.00, 0.00, 'N'),
	(584, 30, 24, 1, 0.00, 0.00, 'N'),
	(585, 30, 25, 1, 0.00, 0.00, 'N'),
	(586, 30, 26, 1, 0.00, 0.00, 'N'),
	(587, 30, 27, 1, 0.00, 0.00, 'N'),
	(588, 30, 28, 1, 0.00, 0.00, 'N'),
	(589, 30, 29, 1, 0.00, 0.00, 'N'),
	(590, 30, 30, 1, 0.00, 0.00, 'N'),
	(591, 30, 31, 1, 0.00, 0.00, 'N'),
	(592, 30, 32, 1, 0.00, 0.00, 'N'),
	(593, 30, 33, 1, 0.00, 0.00, 'N'),
	(594, 30, 34, 1, 0.00, 0.00, 'N'),
	(595, 30, 35, 1, 0.00, 0.00, 'N'),
	(596, 30, 36, 1, 0.00, 0.00, 'N'),
	(597, 30, 37, 1, 0.00, 0.00, 'N'),
	(598, 30, 38, 1, 0.00, 0.00, 'N'),
	(599, 30, 39, 1, 0.00, 0.00, 'N'),
	(600, 30, 40, 1, 0.00, 0.00, 'N'),
	(601, 30, 41, 1, 0.00, 0.00, 'N'),
	(602, 30, 42, 1, 0.00, 0.00, 'N'),
	(603, 30, 43, 1, 0.00, 0.00, 'N'),
	(604, 30, 44, 1, 0.00, 0.00, 'N'),
	(605, 30, 45, 1, 0.00, 0.00, 'N'),
	(606, 30, 46, 1, 0.00, 0.00, 'N'),
	(607, 30, 47, 1, 0.00, 0.00, 'N'),
	(608, 30, 48, 1, 0.00, 0.00, 'N'),
	(609, 30, 49, 1, 0.00, 0.00, 'N'),
	(610, 30, 50, 1, 0.00, 0.00, 'N'),
	(611, 30, 51, 1, 0.00, 0.00, 'N'),
	(612, 30, 52, 1, 0.00, 0.00, 'N'),
	(613, 30, 53, 1, 0.00, 0.00, 'N'),
	(614, 30, 54, 1, 0.00, 0.00, 'N'),
	(615, 30, 55, 1, 0.00, 0.00, 'N'),
	(616, 30, 56, 1, 0.00, 0.00, 'N'),
	(617, 30, 57, 1, 0.00, 0.00, 'N'),
	(618, 30, 58, 1, 0.00, 0.00, 'N'),
	(619, 30, 59, 1, 0.00, 0.00, 'N'),
	(620, 30, 60, 1, 0.00, 0.00, 'N'),
	(621, 30, 61, 1, 0.00, 0.00, 'N'),
	(622, 30, 62, 1, 0.00, 0.00, 'N'),
	(623, 30, 63, 1, 0.00, 0.00, 'N'),
	(624, 30, 64, 1, 0.00, 0.00, 'N'),
	(625, 30, 65, 1, 0.00, 0.00, 'N'),
	(626, 30, 66, 1, 0.00, 0.00, 'N'),
	(627, 30, 67, 1, 0.00, 0.00, 'N'),
	(628, 30, 68, 1, 0.00, 0.00, 'N'),
	(629, 30, 69, 1, 0.00, 0.00, 'N'),
	(630, 30, 70, 1, 0.00, 0.00, 'N'),
	(631, 30, 71, 1, 0.00, 0.00, 'N'),
	(632, 30, 72, 1, 0.00, 0.00, 'N'),
	(633, 30, 73, 1, 0.00, 0.00, 'N'),
	(634, 30, 74, 1, 0.00, 0.00, 'N'),
	(635, 30, 75, 1, 0.00, 0.00, 'N'),
	(636, 30, 76, 1, 0.00, 0.00, 'N'),
	(637, 30, 77, 1, 0.00, 0.00, 'N'),
	(638, 30, 78, 1, 0.00, 0.00, 'N'),
	(639, 30, 79, 1, 0.00, 0.00, 'N'),
	(640, 30, 80, 1, 0.00, 0.00, 'N'),
	(641, 30, 81, 1, 0.00, 0.00, 'N'),
	(642, 30, 82, 1, 0.00, 0.00, 'N'),
	(643, 30, 83, 1, 0.00, 0.00, 'N'),
	(644, 30, 84, 1, 0.00, 0.00, 'N'),
	(645, 30, 85, 1, 0.00, 0.00, 'N'),
	(646, 30, 86, 1, 0.00, 0.00, 'N'),
	(647, 30, 87, 1, 0.00, 0.00, 'N'),
	(648, 30, 88, 1, 0.00, 0.00, 'N'),
	(649, 30, 89, 1, 0.00, 0.00, 'N'),
	(650, 30, 90, 1, 0.00, 0.00, 'N'),
	(651, 30, 91, 1, 0.00, 0.00, 'N'),
	(652, 30, 92, 1, 0.00, 0.00, 'N'),
	(653, 30, 93, 1, 0.00, 0.00, 'N'),
	(654, 30, 94, 1, 0.00, 0.00, 'N'),
	(655, 30, 95, 1, 0.00, 0.00, 'N'),
	(656, 30, 96, 1, 0.00, 0.00, 'N'),
	(657, 30, 97, 1, 0.00, 0.00, 'N'),
	(658, 30, 98, 1, 0.00, 0.00, 'N'),
	(659, 30, 99, 1, 0.00, 0.00, 'N'),
	(660, 30, 100, 1, 0.00, 0.00, 'N'),
	(661, 30, 101, 1, 0.00, 0.00, 'N'),
	(662, 30, 102, 1, 0.00, 0.00, 'N'),
	(663, 30, 103, 1, 0.00, 0.00, 'N'),
	(664, 30, 104, 1, 0.00, 0.00, 'N'),
	(665, 30, 105, 1, 0.00, 0.00, 'N'),
	(666, 30, 106, 1, 0.00, 0.00, 'N'),
	(667, 30, 107, 1, 0.00, 0.00, 'N'),
	(668, 30, 108, 1, 0.00, 0.00, 'N'),
	(669, 30, 109, 1, 0.00, 0.00, 'N'),
	(670, 30, 110, 1, 0.00, 0.00, 'N'),
	(671, 30, 111, 1, 0.00, 0.00, 'N'),
	(672, 30, 112, 1, 0.00, 0.00, 'N'),
	(673, 30, 113, 1, 0.00, 0.00, 'N'),
	(674, 30, 114, 1, 0.00, 0.00, 'N'),
	(675, 30, 115, 1, 0.00, 0.00, 'N'),
	(676, 30, 116, 1, 0.00, 0.00, 'N'),
	(677, 30, 117, 1, 0.00, 0.00, 'N'),
	(678, 30, 118, 1, 0.00, 0.00, 'N'),
	(679, 30, 119, 1, 0.00, 0.00, 'N'),
	(680, 30, 120, 1, 0.00, 0.00, 'N'),
	(681, 30, 121, 1, 0.00, 0.00, 'N'),
	(682, 30, 122, 1, 0.00, 0.00, 'N'),
	(683, 30, 123, 1, 0.00, 0.00, 'N'),
	(684, 30, 124, 1, 0.00, 0.00, 'N'),
	(685, 30, 125, 1, 0.00, 0.00, 'N'),
	(686, 30, 126, 1, 0.00, 0.00, 'N'),
	(687, 30, 127, 1, 0.00, 0.00, 'N'),
	(688, 30, 128, 1, 0.00, 0.00, 'N'),
	(689, 30, 129, 1, 0.00, 0.00, 'N'),
	(690, 30, 130, 1, 0.00, 0.00, 'N'),
	(691, 30, 131, 1, 0.00, 0.00, 'N'),
	(692, 30, 132, 1, 0.00, 0.00, 'N'),
	(693, 30, 133, 1, 0.00, 0.00, 'N'),
	(694, 30, 134, 1, 0.00, 0.00, 'N'),
	(695, 30, 135, 1, 0.00, 0.00, 'N'),
	(696, 30, 136, 1, 0.00, 0.00, 'N'),
	(697, 30, 137, 1, 0.00, 0.00, 'N');
/*!40000 ALTER TABLE `plan_det_wkf` ENABLE KEYS */;


-- Volcando estructura para función planilla.fn_correlativo
DROP FUNCTION IF EXISTS `fn_correlativo`;
DELIMITER //
CREATE FUNCTION `fn_correlativo`(`prm` varchar(50)) RETURNS int(11)
BEGIN

declare mult_nro int;
select COALESCE(ult_nro,0) into mult_nro from tcorrelativos 
where tabla like concat(prm,'%') ;

IF mult_nro = 0 THEN
SET mult_nro = 1; 
ELSE
SET mult_nro = mult_nro +1;
END IF;

UPDATE tcorrelativos SET ult_nro = mult_nro
WHERE tabla like concat(prm,'%') ;


RETURN mult_nro;
END//
DELIMITER ;


-- Volcando estructura para vista planilla.pla_vw_planResTmpWkf
DROP VIEW IF EXISTS `pla_vw_planResTmpWkf`;
-- Creando tabla temporal para superar errores de dependencia de VIEW
CREATE TABLE `pla_vw_planResTmpWkf` (
	`sn_seleccionado` INT(1) NOT NULL,
	`id_emp` INT(11) NOT NULL,
	`cod_empleado` VARCHAR(20) NOT NULL COLLATE 'latin1_swedish_ci',
	`nombre` VARCHAR(183) NULL COLLATE 'latin1_swedish_ci',
	`sueldo_bruto` DECIMAL(16,2) NOT NULL,
	`debitos` DOUBLE NOT NULL,
	`credito` DOUBLE NOT NULL,
	`pagoneto` DOUBLE NOT NULL
) ENGINE=MyISAM;

-- Volcando estructura para vista planilla.pla_vw_planResTmpWkf
DROP VIEW IF EXISTS `pla_vw_planResTmpWkf`;
-- Eliminando tabla temporal y crear estructura final de VIEW
DROP TABLE IF EXISTS `pla_vw_planResTmpWkf`;
CREATE ALGORITHM=UNDEFINED SQL SECURITY DEFINER VIEW `pla_vw_planResTmpWkf` AS select 0 AS `sn_seleccionado`,`mov`.`id_emp` AS `id_emp`,`mae`.`cod_empleado` AS `cod_empleado`,concat(`mae`.`primer_apellido`,' ',`mae`.`segundo_apellido`,'  ',`mae`.`nombres`) AS `nombre`,`mae`.`sueldo_bruto` AS `sueldo_bruto`,ifnull(`de`.`debitos`,0) AS `debitos`,ifnull(`cr`.`creditos`,0) AS `credito`,((`mae`.`sueldo_bruto` + ifnull(`cr`.`creditos`,0)) - ifnull(`de`.`debitos`,0)) AS `pagoneto` from (((`planilla`.`emp_movimiento` `mov` join `planilla`.`emp_mae` `mae` on((`mae`.`id` = `mov`.`id_emp`))) left join (select `mov2`.`id_emp` AS `id_emp`,sum(`mov2`.`importe`) AS `debitos` from (`planilla`.`emp_movimiento` `mov2` left join `planilla`.`ttipo_movimiento` `tti` on((`tti`.`id` = `mov2`.`id_mov`))) where (`tti`.`tipo` = 'D') group by `mov2`.`id_emp`) `de` on((`de`.`id_emp` = `mov`.`id_emp`))) left join (select `mov2`.`id_emp` AS `id_emp`,ifnull(sum(`mov2`.`importe`),0) AS `creditos` from (`planilla`.`emp_movimiento` `mov2` left join `planilla`.`ttipo_movimiento` `tti` on((`tti`.`id` = `mov2`.`id_mov`))) where (`tti`.`tipo` = 'C') group by `mov2`.`id_emp`) `cr` on((`cr`.`id_emp` = `mov`.`id_emp`))) group by `mov`.`id_emp`,`mae`.`cod_empleado`,concat(`mae`.`primer_apellido`,' ',`mae`.`segundo_apellido`,' ',`mae`.`nombres`),`mae`.`sueldo_bruto`;
/*!40101 SET SQL_MODE=IFNULL(@OLD_SQL_MODE, '') */;
/*!40014 SET FOREIGN_KEY_CHECKS=IF(@OLD_FOREIGN_KEY_CHECKS IS NULL, 1, @OLD_FOREIGN_KEY_CHECKS) */;
/*!40101 SET CHARACTER_SET_CLIENT=@OLD_CHARACTER_SET_CLIENT */;

-- Volcando estructura para procedimiento planilla.plan_det_wkf_ins
DROP PROCEDURE IF EXISTS `plan_det_wkf_ins`;
DELIMITER //
CREATE PROCEDURE `plan_det_wkf_ins`(
	IN `var_nro_planilla` INT
)
BEGIN
INSERT INTO plan_det_wkf(id_plan,id_emp,id_movimiento,imp_mo,imp_eq,sn_ajustado)
SELECT prw.id_planilla, a.id_emp, a.id_mov, a.importe, a.importe,'N'
from emp_movimiento a
LEFT JOIN plan_res_wkf prw
ON prw.id_empleado=a.id_emp
WHERE prw.nro_planilla=var_nro_planilla;
END//
DELIMITER ;